0 verbose cli /Users/madhulbabu/.nvm/versions/node/v24.18.0/bin/node /Users/madhulbabu/.nvm/versions/node/v24.18.0/bin/npm
1 info using npm@11.16.0
2 info using node@v24.18.0
3 silly config load:file:/Users/madhulbabu/.nvm/versions/node/v24.18.0/lib/node_modules/npm/npmrc
4 silly config load:file:/Users/madhulbabu/Documents/GitHub/simbnext-v3/.npmrc
5 silly config load:file:/Users/madhulbabu/.npmrc
6 silly config load:file:/Users/madhulbabu/.nvm/versions/node/v24.18.0/etc/npmrc
7 verbose title npm install
8 verbose argv "install" "--cache" ".npm-cache"
9 verbose logfile logs-max:10 dir:/Users/madhulbabu/Documents/GitHub/simbnext-v3/.npm-cache/_logs/2026-08-21T10_13_09_122Z-
10 verbose logfile /Users/madhulbabu/Documents/GitHub/simbnext-v3/.npm-cache/_logs/2026-08-21T10_13_09_122Z-debug-0.log
11 silly logfile done cleaning log files
12 silly packumentCache heap:2348810240 maxSize:587202560 maxEntrySize:293601280
13 silly idealTree buildDeps
14 silly fetch manifest @astrojs/check@^0.9.4
15 silly packumentCache full:https://registry.npmjs.org/@astrojs%2fcheck cache-miss
16 http fetch GET 200 https://registry.npmjs.org/npm 136ms
17 http fetch GET 200 https://registry.npmjs.org/@astrojs%2fcheck 445ms (cache miss)
18 silly packumentCache full:https://registry.npmjs.org/@astrojs%2fcheck set size:undefined disposed:false
19 silly fetch manifest typescript@^5.7.3
20 silly packumentCache full:https://registry.npmjs.org/typescript cache-miss
21 http fetch GET 200 https://registry.npmjs.org/typescript 269ms (cache miss)
22 silly packumentCache full:https://registry.npmjs.org/typescript set size:undefined disposed:false
23 silly fetch manifest @astrojs/sitemap@^3.2.1
24 silly packumentCache full:https://registry.npmjs.org/@astrojs%2fsitemap cache-miss
25 http fetch GET 200 https://registry.npmjs.org/@astrojs%2fsitemap 581ms (cache miss)
26 silly packumentCache full:https://registry.npmjs.org/@astrojs%2fsitemap set size:undefined disposed:false
27 silly fetch manifest @tailwindcss/vite@^4.0.9
28 silly packumentCache full:https://registry.npmjs.org/@tailwindcss%2fvite cache-miss
29 http fetch GET 200 https://registry.npmjs.org/@tailwindcss%2fvite 125ms (cache miss)
30 silly packumentCache full:https://registry.npmjs.org/@tailwindcss%2fvite set size:undefined disposed:false
31 silly fetch manifest vite@^5.2.0 || ^6 || ^7 || ^8
32 silly packumentCache full:https://registry.npmjs.org/vite cache-miss
33 http fetch GET 200 https://registry.npmjs.org/vite 1909ms (cache miss)
34 silly packumentCache full:https://registry.npmjs.org/vite set size:undefined disposed:false
35 silly fetch manifest @types/node@^20.19.0 || >=22.12.0
36 silly packumentCache full:https://registry.npmjs.org/@types%2fnode cache-miss
37 http fetch GET 200 https://registry.npmjs.org/@types%2fnode 361ms (cache miss)
38 silly packumentCache full:https://registry.npmjs.org/@types%2fnode set size:undefined disposed:false
39 silly fetch manifest @vitejs/devtools@^0.4.0 || ^0.5.0
40 silly packumentCache full:https://registry.npmjs.org/@vitejs%2fdevtools cache-miss
41 http fetch GET 200 https://registry.npmjs.org/@vitejs%2fdevtools 106ms (cache miss)
42 silly packumentCache full:https://registry.npmjs.org/@vitejs%2fdevtools set size:undefined disposed:false
43 silly fetch manifest @vitejs/devtools-oxc@^0.5.1
44 silly packumentCache full:https://registry.npmjs.org/@vitejs%2fdevtools-oxc cache-miss
45 http fetch GET 200 https://registry.npmjs.org/@vitejs%2fdevtools-oxc 92ms (cache miss)
46 silly packumentCache full:https://registry.npmjs.org/@vitejs%2fdevtools-oxc set size:undefined disposed:false
47 silly fetch manifest @vitejs/devtools-rolldown@^0.5.1
48 silly packumentCache full:https://registry.npmjs.org/@vitejs%2fdevtools-rolldown cache-miss
49 http fetch GET 200 https://registry.npmjs.org/@vitejs%2fdevtools-rolldown 143ms (cache miss)
50 silly packumentCache full:https://registry.npmjs.org/@vitejs%2fdevtools-rolldown set size:undefined disposed:false
51 silly fetch manifest @vitejs/devtools-vite@^0.5.1
52 silly packumentCache full:https://registry.npmjs.org/@vitejs%2fdevtools-vite cache-miss
53 http fetch GET 200 https://registry.npmjs.org/@vitejs%2fdevtools-vite 89ms (cache miss)
54 silly packumentCache full:https://registry.npmjs.org/@vitejs%2fdevtools-vite set size:undefined disposed:false
55 silly fetch manifest @vitejs/devtools-vitest@^0.5.1
56 silly packumentCache full:https://registry.npmjs.org/@vitejs%2fdevtools-vitest cache-miss
57 http fetch GET 200 https://registry.npmjs.org/@vitejs%2fdevtools-vitest 120ms (cache miss)
58 silly packumentCache full:https://registry.npmjs.org/@vitejs%2fdevtools-vitest set size:undefined disposed:false
59 silly fetch manifest vitest@*
60 silly packumentCache full:https://registry.npmjs.org/vitest cache-miss
61 http fetch GET 200 https://registry.npmjs.org/vitest 98ms (cache miss)
62 silly packumentCache full:https://registry.npmjs.org/vitest set size:undefined disposed:false
63 silly fetch manifest @edge-runtime/vm@*
64 silly packumentCache full:https://registry.npmjs.org/@edge-runtime%2fvm cache-miss
65 http fetch GET 200 https://registry.npmjs.org/@edge-runtime%2fvm 78ms (cache miss)
66 silly packumentCache full:https://registry.npmjs.org/@edge-runtime%2fvm set size:undefined disposed:false
67 silly fetch manifest @opentelemetry/api@^1.9.0
68 silly packumentCache full:https://registry.npmjs.org/@opentelemetry%2fapi cache-miss
69 http fetch GET 200 https://registry.npmjs.org/@opentelemetry%2fapi 70ms (cache miss)
70 silly packumentCache full:https://registry.npmjs.org/@opentelemetry%2fapi set size:undefined disposed:false
71 silly fetch manifest @vitest/browser-playwright@4.1.11
72 silly packumentCache full:https://registry.npmjs.org/@vitest%2fbrowser-playwright cache-miss
73 http fetch GET 200 https://registry.npmjs.org/@vitest%2fbrowser-playwright 397ms (cache miss)
74 silly packumentCache full:https://registry.npmjs.org/@vitest%2fbrowser-playwright set size:undefined disposed:false
75 silly fetch manifest playwright@*
76 silly packumentCache full:https://registry.npmjs.org/playwright cache-miss
77 http fetch GET 200 https://registry.npmjs.org/playwright 421ms (cache miss)
78 silly packumentCache full:https://registry.npmjs.org/playwright set size:undefined disposed:false
79 silly fetch manifest @vitest/browser-preview@4.1.11
80 silly packumentCache full:https://registry.npmjs.org/@vitest%2fbrowser-preview cache-miss
81 http fetch GET 200 https://registry.npmjs.org/@vitest%2fbrowser-preview 155ms (cache miss)
82 silly packumentCache full:https://registry.npmjs.org/@vitest%2fbrowser-preview set size:undefined disposed:false
83 silly fetch manifest @vitest/browser-webdriverio@4.1.11
84 silly packumentCache full:https://registry.npmjs.org/@vitest%2fbrowser-webdriverio cache-miss
85 http fetch GET 200 https://registry.npmjs.org/@vitest%2fbrowser-webdriverio 51ms (cache miss)
86 silly packumentCache full:https://registry.npmjs.org/@vitest%2fbrowser-webdriverio set size:undefined disposed:false
87 silly fetch manifest webdriverio@*
88 silly packumentCache full:https://registry.npmjs.org/webdriverio cache-miss
89 http fetch GET 200 https://registry.npmjs.org/webdriverio 136ms (cache miss)
90 silly packumentCache full:https://registry.npmjs.org/webdriverio set size:undefined disposed:false
91 silly fetch manifest puppeteer-core@>=22.x <=24.x
92 silly packumentCache full:https://registry.npmjs.org/puppeteer-core cache-miss
93 http fetch GET 200 https://registry.npmjs.org/puppeteer-core 62ms (cache miss)
94 silly packumentCache full:https://registry.npmjs.org/puppeteer-core set size:undefined disposed:false
95 silly fetch manifest @vitest/coverage-istanbul@4.1.11
96 silly packumentCache full:https://registry.npmjs.org/@vitest%2fcoverage-istanbul cache-miss
97 http fetch GET 200 https://registry.npmjs.org/@vitest%2fcoverage-istanbul 66ms (cache miss)
98 silly packumentCache full:https://registry.npmjs.org/@vitest%2fcoverage-istanbul set size:undefined disposed:false
99 silly fetch manifest @vitest/coverage-v8@4.1.11
100 silly packumentCache full:https://registry.npmjs.org/@vitest%2fcoverage-v8 cache-miss
101 http fetch GET 200 https://registry.npmjs.org/@vitest%2fcoverage-v8 58ms (cache miss)
102 silly packumentCache full:https://registry.npmjs.org/@vitest%2fcoverage-v8 set size:undefined disposed:false
103 silly fetch manifest @vitest/browser@4.1.11
104 silly packumentCache full:https://registry.npmjs.org/@vitest%2fbrowser cache-miss
105 http fetch GET 200 https://registry.npmjs.org/@vitest%2fbrowser 94ms (cache miss)
106 silly packumentCache full:https://registry.npmjs.org/@vitest%2fbrowser set size:undefined disposed:false
107 silly fetch manifest @vitest/ui@4.1.11
108 silly packumentCache full:https://registry.npmjs.org/@vitest%2fui cache-miss
109 http fetch GET 200 https://registry.npmjs.org/@vitest%2fui 80ms (cache miss)
110 silly packumentCache full:https://registry.npmjs.org/@vitest%2fui set size:undefined disposed:false
111 silly fetch manifest happy-dom@*
112 silly packumentCache full:https://registry.npmjs.org/happy-dom cache-miss
113 http fetch GET 200 https://registry.npmjs.org/happy-dom 96ms (cache miss)
114 silly packumentCache full:https://registry.npmjs.org/happy-dom set size:undefined disposed:false
115 silly fetch manifest jsdom@*
116 silly packumentCache full:https://registry.npmjs.org/jsdom cache-miss
117 http fetch GET 200 https://registry.npmjs.org/jsdom 55ms (cache miss)
118 silly packumentCache full:https://registry.npmjs.org/jsdom set size:undefined disposed:false
119 silly fetch manifest canvas@^3.2.3
120 silly packumentCache full:https://registry.npmjs.org/canvas cache-miss
121 http fetch GET 200 https://registry.npmjs.org/canvas 60ms (cache miss)
122 silly packumentCache full:https://registry.npmjs.org/canvas set size:undefined disposed:false
123 silly fetch manifest esbuild@^0.27.0 || ^0.28.0
124 silly packumentCache full:https://registry.npmjs.org/esbuild cache-miss
125 http fetch GET 200 https://registry.npmjs.org/esbuild 91ms (cache miss)
126 silly packumentCache full:https://registry.npmjs.org/esbuild set size:undefined disposed:false
127 silly fetch manifest jiti@>=1.21.0
128 silly packumentCache full:https://registry.npmjs.org/jiti cache-miss
129 http fetch GET 200 https://registry.npmjs.org/jiti 64ms (cache miss)
130 silly packumentCache full:https://registry.npmjs.org/jiti set size:undefined disposed:false
131 silly fetch manifest less@^4.0.0
132 silly packumentCache full:https://registry.npmjs.org/less cache-miss
133 http fetch GET 200 https://registry.npmjs.org/less 38ms (cache miss)
134 silly packumentCache full:https://registry.npmjs.org/less set size:undefined disposed:false
135 silly fetch manifest sass@^1.70.0
136 silly packumentCache full:https://registry.npmjs.org/sass cache-miss
137 http fetch GET 200 https://registry.npmjs.org/sass 72ms (cache miss)
138 silly packumentCache full:https://registry.npmjs.org/sass set size:undefined disposed:false
139 silly fetch manifest sass-embedded@^1.70.0
140 silly packumentCache full:https://registry.npmjs.org/sass-embedded cache-miss
141 http fetch GET 200 https://registry.npmjs.org/sass-embedded 51ms (cache miss)
142 silly packumentCache full:https://registry.npmjs.org/sass-embedded set size:undefined disposed:false
143 silly fetch manifest stylus@>=0.54.8
144 silly packumentCache full:https://registry.npmjs.org/stylus cache-miss
145 http fetch GET 200 https://registry.npmjs.org/stylus 50ms (cache miss)
146 silly packumentCache full:https://registry.npmjs.org/stylus set size:undefined disposed:false
147 silly fetch manifest sugarss@^5.0.0
148 silly packumentCache full:https://registry.npmjs.org/sugarss cache-miss
149 http fetch GET 200 https://registry.npmjs.org/sugarss 33ms (cache miss)
150 silly packumentCache full:https://registry.npmjs.org/sugarss set size:undefined disposed:false
151 silly fetch manifest postcss@^8.3.3
152 silly packumentCache full:https://registry.npmjs.org/postcss cache-miss
153 http fetch GET 200 https://registry.npmjs.org/postcss 65ms (cache miss)
154 silly packumentCache full:https://registry.npmjs.org/postcss set size:undefined disposed:false
155 silly fetch manifest terser@^5.16.0
156 silly packumentCache full:https://registry.npmjs.org/terser cache-miss
157 http fetch GET 200 https://registry.npmjs.org/terser 52ms (cache miss)
158 silly packumentCache full:https://registry.npmjs.org/terser set size:undefined disposed:false
159 silly fetch manifest tsx@^4.8.1
160 silly packumentCache full:https://registry.npmjs.org/tsx cache-miss
161 http fetch GET 200 https://registry.npmjs.org/tsx 74ms (cache miss)
162 silly packumentCache full:https://registry.npmjs.org/tsx set size:undefined disposed:false
163 silly fetch manifest yaml@^2.4.2
164 silly packumentCache full:https://registry.npmjs.org/yaml cache-miss
165 http fetch GET 200 https://registry.npmjs.org/yaml 42ms (cache miss)
166 silly packumentCache full:https://registry.npmjs.org/yaml set size:undefined disposed:false
167 silly fetch manifest astro@^5.3.0
168 silly packumentCache full:https://registry.npmjs.org/astro cache-miss
169 http fetch GET 200 https://registry.npmjs.org/astro 218ms (cache miss)
170 silly packumentCache full:https://registry.npmjs.org/astro set size:undefined disposed:false
171 silly fetch manifest lucide-astro@^0.556.0
172 silly packumentCache full:https://registry.npmjs.org/lucide-astro cache-miss
173 http fetch GET 200 https://registry.npmjs.org/lucide-astro 39ms (cache miss)
174 silly packumentCache full:https://registry.npmjs.org/lucide-astro set size:undefined disposed:false
175 silly fetch manifest tailwindcss@^4.0.9
176 silly packumentCache full:https://registry.npmjs.org/tailwindcss cache-miss
177 http fetch GET 200 https://registry.npmjs.org/tailwindcss 297ms (cache miss)
178 silly packumentCache full:https://registry.npmjs.org/tailwindcss set size:undefined disposed:false
179 silly placeDep ROOT @astrojs/check@0.9.10 OK for: simbnext-v3@3.0.0 want: ^0.9.4
180 silly placeDep ROOT typescript@5.9.3 OK for: @astrojs/check@0.9.10 want: ^5.0.0 || ^6.0.0
181 silly placeDep ROOT @astrojs/sitemap@3.7.3 OK for: simbnext-v3@3.0.0 want: ^3.2.1
182 silly placeDep ROOT @tailwindcss/vite@4.3.3 OK for: simbnext-v3@3.0.0 want: ^4.0.9
183 silly placeDep ROOT vite@8.2.2 OK for: @tailwindcss/vite@4.3.3 want: ^5.2.0 || ^6 || ^7 || ^8
184 silly placeDep ROOT astro@5.18.2 OK for: simbnext-v3@3.0.0 want: ^5.3.0
185 silly placeDep ROOT lucide-astro@0.556.0 OK for: simbnext-v3@3.0.0 want: ^0.556.0
186 silly placeDep ROOT tailwindcss@4.3.3 OK for: simbnext-v3@3.0.0 want: ^4.0.9
187 silly fetch manifest kleur@^4.1.5
188 silly packumentCache full:https://registry.npmjs.org/kleur cache-miss
189 silly fetch manifest yargs@^18.0.0
190 silly packumentCache full:https://registry.npmjs.org/yargs cache-miss
191 silly fetch manifest chokidar@^4.0.3
192 silly packumentCache full:https://registry.npmjs.org/chokidar cache-miss
193 silly fetch manifest @astrojs/language-server@^2.16.7
194 silly packumentCache full:https://registry.npmjs.org/@astrojs%2flanguage-server cache-miss
195 silly fetch manifest sitemap@^9.0.0
196 silly packumentCache full:https://registry.npmjs.org/sitemap cache-miss
197 silly fetch manifest stream-replace-string@^2.0.0
198 silly packumentCache full:https://registry.npmjs.org/stream-replace-string cache-miss
199 silly fetch manifest zod@^4.3.6
200 silly packumentCache full:https://registry.npmjs.org/zod cache-miss
201 http fetch GET 200 https://registry.npmjs.org/yargs 51ms (cache miss)
202 silly packumentCache full:https://registry.npmjs.org/yargs set size:undefined disposed:false
203 silly fetch manifest tailwindcss@4.3.3
204 silly packumentCache full:https://registry.npmjs.org/tailwindcss cache-miss
205 http cache https://registry.npmjs.org/tailwindcss 15ms (cache hit)
206 silly packumentCache full:https://registry.npmjs.org/tailwindcss set size:10868886 disposed:false
207 silly fetch manifest @tailwindcss/node@4.3.3
208 silly packumentCache full:https://registry.npmjs.org/@tailwindcss%2fnode cache-miss
209 http fetch GET 200 https://registry.npmjs.org/kleur 99ms (cache miss)
210 silly packumentCache full:https://registry.npmjs.org/kleur set size:undefined disposed:false
211 silly fetch manifest @tailwindcss/oxide@4.3.3
212 silly packumentCache full:https://registry.npmjs.org/@tailwindcss%2foxide cache-miss
213 http fetch GET 200 https://registry.npmjs.org/sitemap 147ms (cache miss)
214 silly packumentCache full:https://registry.npmjs.org/sitemap set size:undefined disposed:false
215 silly fetch manifest postcss@^8.5.26
216 silly packumentCache full:https://registry.npmjs.org/postcss cache-miss
217 http cache https://registry.npmjs.org/postcss 3ms (cache hit)
218 silly packumentCache full:https://registry.npmjs.org/postcss set size:760024 disposed:false
219 silly fetch manifest rolldown@~1.2.4
220 silly packumentCache full:https://registry.npmjs.org/rolldown cache-miss
221 http fetch GET 200 https://registry.npmjs.org/zod 168ms (cache miss)
222 silly packumentCache full:https://registry.npmjs.org/zod set size:undefined disposed:false
223 silly fetch manifest picomatch@^4.0.5
224 silly packumentCache full:https://registry.npmjs.org/picomatch cache-miss
225 http fetch GET 200 https://registry.npmjs.org/picomatch 50ms (cache miss)
226 silly packumentCache full:https://registry.npmjs.org/picomatch set size:undefined disposed:false
227 silly fetch manifest tinyglobby@^0.2.17
228 silly packumentCache full:https://registry.npmjs.org/tinyglobby cache-miss
229 http fetch GET 200 https://registry.npmjs.org/tinyglobby 40ms (cache miss)
230 silly packumentCache full:https://registry.npmjs.org/tinyglobby set size:undefined disposed:false
231 silly fetch manifest lightningcss@^1.33.0
232 silly packumentCache full:https://registry.npmjs.org/lightningcss cache-miss
233 http fetch GET 200 https://registry.npmjs.org/rolldown 129ms (cache miss)
234 silly packumentCache full:https://registry.npmjs.org/rolldown set size:undefined disposed:false
235 silly fetch manifest fsevents@~2.3.3
236 silly packumentCache full:https://registry.npmjs.org/fsevents cache-miss
237 http fetch GET 200 https://registry.npmjs.org/stream-replace-string 306ms (cache miss)
238 silly packumentCache full:https://registry.npmjs.org/stream-replace-string set size:undefined disposed:false
239 silly fetch manifest dlv@^1.1.3
240 silly packumentCache full:https://registry.npmjs.org/dlv cache-miss
241 http fetch GET 200 https://registry.npmjs.org/lightningcss 41ms (cache miss)
242 silly packumentCache full:https://registry.npmjs.org/lightningcss set size:undefined disposed:false
243 silly fetch manifest zod@^3.25.76
244 silly packumentCache full:https://registry.npmjs.org/zod cache-miss
245 http cache https://registry.npmjs.org/zod 5ms (cache hit)
246 silly packumentCache full:https://registry.npmjs.org/zod set size:3960573 disposed:false
247 silly fetch manifest clsx@^2.1.1
248 silly packumentCache full:https://registry.npmjs.org/clsx cache-miss
249 http fetch GET 200 https://registry.npmjs.org/chokidar 336ms (cache miss)
250 silly packumentCache full:https://registry.npmjs.org/chokidar set size:undefined disposed:false
251 silly fetch manifest diff@^8.0.3
252 silly packumentCache full:https://registry.npmjs.org/diff cache-miss
253 http fetch GET 200 https://registry.npmjs.org/fsevents 47ms (cache miss)
254 silly packumentCache full:https://registry.npmjs.org/fsevents set size:undefined disposed:false
255 silly fetch manifest dset@^3.1.4
256 silly packumentCache full:https://registry.npmjs.org/dset cache-miss
257 http fetch GET 200 https://registry.npmjs.org/dlv 43ms (cache miss)
258 silly packumentCache full:https://registry.npmjs.org/dlv set size:undefined disposed:false
259 silly fetch manifest svgo@^4.0.0
260 silly packumentCache full:https://registry.npmjs.org/svgo cache-miss
261 http fetch GET 200 https://registry.npmjs.org/diff 35ms (cache miss)
262 silly packumentCache full:https://registry.npmjs.org/diff set size:undefined disposed:false
263 silly fetch manifest vite@^6.4.1
264 silly packumentCache full:https://registry.npmjs.org/vite cache-miss
265 http cache https://registry.npmjs.org/vite 37ms (cache hit)
266 silly packumentCache full:https://registry.npmjs.org/vite set size:38929639 disposed:false
267 silly fetch manifest acorn@^8.15.0
268 silly packumentCache full:https://registry.npmjs.org/acorn cache-miss
269 http fetch GET 200 https://registry.npmjs.org/dset 142ms (cache miss)
270 silly packumentCache full:https://registry.npmjs.org/dset set size:undefined disposed:false
271 silly fetch manifest boxen@8.0.1
272 silly packumentCache full:https://registry.npmjs.org/boxen cache-miss
273 http fetch GET 200 https://registry.npmjs.org/@tailwindcss%2foxide 408ms (cache miss)
274 silly packumentCache full:https://registry.npmjs.org/@tailwindcss%2foxide set size:undefined disposed:false
275 silly fetch manifest debug@^4.4.3
276 silly packumentCache full:https://registry.npmjs.org/debug cache-miss
277 http fetch GET 200 https://registry.npmjs.org/@tailwindcss%2fnode 434ms (cache miss)
278 silly packumentCache full:https://registry.npmjs.org/@tailwindcss%2fnode set size:undefined disposed:false
279 silly fetch manifest shiki@^3.21.0
280 silly packumentCache full:https://registry.npmjs.org/shiki cache-miss
281 http fetch GET 200 https://registry.npmjs.org/acorn 47ms (cache miss)
282 silly packumentCache full:https://registry.npmjs.org/acorn set size:undefined disposed:false
283 silly fetch manifest vfile@^6.0.3
284 silly packumentCache full:https://registry.npmjs.org/vfile cache-miss
285 http fetch GET 200 https://registry.npmjs.org/boxen 46ms (cache miss)
286 silly packumentCache full:https://registry.npmjs.org/boxen set size:undefined disposed:false
287 silly fetch manifest cookie@^1.1.1
288 silly packumentCache full:https://registry.npmjs.org/cookie cache-miss
289 http fetch GET 200 https://registry.npmjs.org/debug 40ms (cache miss)
290 silly packumentCache full:https://registry.npmjs.org/debug set size:undefined disposed:false
291 silly fetch manifest cssesc@^3.0.0
292 silly packumentCache full:https://registry.npmjs.org/cssesc cache-miss
293 http fetch GET 200 https://registry.npmjs.org/cookie 46ms (cache miss)
294 silly packumentCache full:https://registry.npmjs.org/cookie set size:undefined disposed:false
295 silly fetch manifest mrmime@^2.0.1
296 silly packumentCache full:https://registry.npmjs.org/mrmime cache-miss
297 http fetch GET 200 https://registry.npmjs.org/cssesc 27ms (cache miss)
298 silly packumentCache full:https://registry.npmjs.org/cssesc set size:undefined disposed:false
299 silly fetch manifest rehype@^13.0.2
300 silly packumentCache full:https://registry.npmjs.org/rehype cache-miss
301 http fetch GET 200 https://registry.npmjs.org/mrmime 43ms (cache miss)
302 silly packumentCache full:https://registry.npmjs.org/mrmime set size:undefined disposed:false
303 silly fetch manifest semver@^7.7.3
304 silly packumentCache full:https://registry.npmjs.org/semver cache-miss
305 http fetch GET 200 https://registry.npmjs.org/svgo 286ms (cache miss)
306 silly packumentCache full:https://registry.npmjs.org/svgo set size:undefined disposed:false
307 silly fetch manifest vitefu@^1.1.1
308 silly packumentCache full:https://registry.npmjs.org/vitefu cache-miss
309 http fetch GET 200 https://registry.npmjs.org/clsx 309ms (cache miss)
310 silly packumentCache full:https://registry.npmjs.org/clsx set size:undefined disposed:false
311 silly fetch manifest ci-info@^4.3.1
312 silly packumentCache full:https://registry.npmjs.org/ci-info cache-miss
313 http fetch GET 200 https://registry.npmjs.org/semver 59ms (cache miss)
314 silly packumentCache full:https://registry.npmjs.org/semver set size:undefined disposed:false
315 silly fetch manifest devalue@^5.6.2
316 silly packumentCache full:https://registry.npmjs.org/devalue cache-miss
317 http fetch GET 200 https://registry.npmjs.org/ci-info 49ms (cache miss)
318 silly packumentCache full:https://registry.npmjs.org/ci-info set size:undefined disposed:false
319 silly fetch manifest esbuild@^0.27.3
320 silly packumentCache full:https://registry.npmjs.org/esbuild cache-miss
321 http cache https://registry.npmjs.org/esbuild 3ms (cache hit)
322 silly packumentCache full:https://registry.npmjs.org/esbuild set size:1264676 disposed:false
323 silly fetch manifest flattie@^1.1.1
324 silly packumentCache full:https://registry.npmjs.org/flattie cache-miss
325 http fetch GET 200 https://registry.npmjs.org/devalue 49ms (cache miss)
326 silly packumentCache full:https://registry.npmjs.org/devalue set size:undefined disposed:false
327 silly fetch manifest fontace@~0.4.0
328 silly packumentCache full:https://registry.npmjs.org/fontace cache-miss
329 http fetch GET 200 https://registry.npmjs.org/flattie 47ms (cache miss)
330 silly packumentCache full:https://registry.npmjs.org/flattie set size:undefined disposed:false
331 silly fetch manifest js-yaml@^4.1.1
332 silly packumentCache full:https://registry.npmjs.org/js-yaml cache-miss
333 http fetch GET 200 https://registry.npmjs.org/js-yaml 44ms (cache miss)
334 silly packumentCache full:https://registry.npmjs.org/js-yaml set size:undefined disposed:false
335 silly fetch manifest p-limit@^6.2.0
336 silly packumentCache full:https://registry.npmjs.org/p-limit cache-miss
337 http fetch GET 200 https://registry.npmjs.org/vfile 276ms (cache miss)
338 silly packumentCache full:https://registry.npmjs.org/vfile set size:undefined disposed:false
339 silly fetch manifest p-queue@^8.1.1
340 silly packumentCache full:https://registry.npmjs.org/p-queue cache-miss
341 http fetch GET 200 https://registry.npmjs.org/shiki 302ms (cache miss)
342 silly packumentCache full:https://registry.npmjs.org/shiki set size:undefined disposed:false
343 silly fetch manifest prompts@^2.4.2
344 silly packumentCache full:https://registry.npmjs.org/prompts cache-miss
345 http fetch GET 200 https://registry.npmjs.org/p-queue 33ms (cache miss)
346 silly packumentCache full:https://registry.npmjs.org/p-queue set size:undefined disposed:false
347 silly fetch manifest unifont@~0.7.3
348 silly packumentCache full:https://registry.npmjs.org/unifont cache-miss
349 http fetch GET 200 https://registry.npmjs.org/rehype 267ms (cache miss)
350 silly packumentCache full:https://registry.npmjs.org/rehype set size:undefined disposed:false
351 silly fetch manifest magicast@^0.5.1
352 silly packumentCache full:https://registry.npmjs.org/magicast cache-miss
353 http fetch GET 200 https://registry.npmjs.org/@astrojs%2flanguage-server 856ms (cache miss)
354 silly packumentCache full:https://registry.npmjs.org/@astrojs%2flanguage-server set size:undefined disposed:false
355 silly fetch manifest tinyexec@^1.0.2
356 silly packumentCache full:https://registry.npmjs.org/tinyexec cache-miss
357 http fetch GET 200 https://registry.npmjs.org/prompts 38ms (cache miss)
358 silly packumentCache full:https://registry.npmjs.org/prompts set size:undefined disposed:false
359 silly fetch manifest tsconfck@^3.1.6
360 silly packumentCache full:https://registry.npmjs.org/tsconfck cache-miss
361 http fetch GET 200 https://registry.npmjs.org/magicast 33ms (cache miss)
362 silly packumentCache full:https://registry.npmjs.org/magicast set size:undefined disposed:false
363 silly fetch manifest piccolore@^0.1.3
364 silly packumentCache full:https://registry.npmjs.org/piccolore cache-miss
365 http fetch GET 200 https://registry.npmjs.org/tinyexec 31ms (cache miss)
366 silly packumentCache full:https://registry.npmjs.org/tinyexec set size:undefined disposed:false
367 silly fetch manifest picomatch@^4.0.3
368 silly packumentCache full:https://registry.npmjs.org/picomatch cache-miss
369 http cache https://registry.npmjs.org/picomatch 2ms (cache hit)
370 silly packumentCache full:https://registry.npmjs.org/picomatch set size:128942 disposed:false
371 silly fetch manifest smol-toml@^1.6.0
372 silly packumentCache full:https://registry.npmjs.org/smol-toml cache-miss
373 http fetch GET 200 https://registry.npmjs.org/vitefu 270ms (cache miss)
374 silly packumentCache full:https://registry.npmjs.org/vitefu set size:undefined disposed:false
375 silly fetch manifest ultrahtml@^1.6.0
376 silly packumentCache full:https://registry.npmjs.org/ultrahtml cache-miss
377 http fetch GET 200 https://registry.npmjs.org/fontace 274ms (cache miss)
378 silly packumentCache full:https://registry.npmjs.org/fontace set size:undefined disposed:false
379 silly fetch manifest unstorage@^1.17.4
380 silly packumentCache full:https://registry.npmjs.org/unstorage cache-miss
381 http fetch GET 200 https://registry.npmjs.org/unstorage 58ms (cache miss)
382 silly packumentCache full:https://registry.npmjs.org/unstorage set size:undefined disposed:false
383 silly fetch manifest zod-to-ts@^1.2.0
384 silly packumentCache full:https://registry.npmjs.org/zod-to-ts cache-miss
385 http fetch GET 200 https://registry.npmjs.org/p-limit 287ms (cache miss)
386 silly packumentCache full:https://registry.npmjs.org/p-limit set size:undefined disposed:false
387 silly fetch manifest aria-query@^5.3.2
388 silly packumentCache full:https://registry.npmjs.org/aria-query cache-miss
389 http fetch GET 200 https://registry.npmjs.org/zod-to-ts 47ms (cache miss)
390 silly packumentCache full:https://registry.npmjs.org/zod-to-ts set size:undefined disposed:false
391 silly fetch manifest tinyglobby@^0.2.15
392 silly packumentCache full:https://registry.npmjs.org/tinyglobby cache-miss
393 http cache https://registry.npmjs.org/tinyglobby 6ms (cache hit)
394 silly packumentCache full:https://registry.npmjs.org/tinyglobby set size:54291 disposed:false
395 silly fetch manifest neotraverse@^0.6.18
396 silly packumentCache full:https://registry.npmjs.org/neotraverse cache-miss
397 http fetch GET 200 https://registry.npmjs.org/unifont 288ms (cache miss)
398 silly packumentCache full:https://registry.npmjs.org/unifont set size:undefined disposed:false
399 silly fetch manifest xxhash-wasm@^1.1.0
400 silly packumentCache full:https://registry.npmjs.org/xxhash-wasm cache-miss
401 http fetch GET 200 https://registry.npmjs.org/aria-query 58ms (cache miss)
402 silly packumentCache full:https://registry.npmjs.org/aria-query set size:undefined disposed:false
403 silly fetch manifest html-escaper@3.0.3
404 silly packumentCache full:https://registry.npmjs.org/html-escaper cache-miss
405 http fetch GET 200 https://registry.npmjs.org/piccolore 281ms (cache miss)
406 silly packumentCache full:https://registry.npmjs.org/piccolore set size:undefined disposed:false
407 silly fetch manifest magic-string@^0.30.21
408 silly packumentCache full:https://registry.npmjs.org/magic-string cache-miss
409 http fetch GET 200 https://registry.npmjs.org/smol-toml 278ms (cache miss)
410 silly packumentCache full:https://registry.npmjs.org/smol-toml set size:undefined disposed:false
411 silly fetch manifest yargs-parser@^21.1.1
412 silly packumentCache full:https://registry.npmjs.org/yargs-parser cache-miss
413 http fetch GET 200 https://registry.npmjs.org/tsconfck 299ms (cache miss)
414 silly packumentCache full:https://registry.npmjs.org/tsconfck set size:undefined disposed:false
415 silly fetch manifest estree-walker@^3.0.3
416 silly packumentCache full:https://registry.npmjs.org/estree-walker cache-miss
417 http fetch GET 200 https://registry.npmjs.org/neotraverse 48ms (cache miss)
418 silly packumentCache full:https://registry.npmjs.org/neotraverse set size:undefined disposed:false
419 silly fetch manifest yocto-spinner@^0.2.3
420 silly packumentCache full:https://registry.npmjs.org/yocto-spinner cache-miss
421 http fetch GET 200 https://registry.npmjs.org/ultrahtml 278ms (cache miss)
422 silly packumentCache full:https://registry.npmjs.org/ultrahtml set size:undefined disposed:false
423 silly fetch manifest axobject-query@^4.1.0
424 silly packumentCache full:https://registry.npmjs.org/axobject-query cache-miss
425 http fetch GET 200 https://registry.npmjs.org/magic-string 47ms (cache miss)
426 silly packumentCache full:https://registry.npmjs.org/magic-string set size:undefined disposed:false
427 silly fetch manifest github-slugger@^2.0.0
428 silly packumentCache full:https://registry.npmjs.org/github-slugger cache-miss
429 http fetch GET 200 https://registry.npmjs.org/html-escaper 80ms (cache miss)
430 silly packumentCache full:https://registry.npmjs.org/html-escaper set size:undefined disposed:false
431 silly fetch manifest es-module-lexer@^1.7.0
432 silly packumentCache full:https://registry.npmjs.org/es-module-lexer cache-miss
433 http fetch GET 200 https://registry.npmjs.org/yocto-spinner 44ms (cache miss)
434 silly packumentCache full:https://registry.npmjs.org/yocto-spinner set size:undefined disposed:false
435 silly fetch manifest @oslojs/encoding@^1.1.0
436 silly packumentCache full:https://registry.npmjs.org/@oslojs%2fencoding cache-miss
437 http fetch GET 200 https://registry.npmjs.org/estree-walker 73ms (cache miss)
438 silly packumentCache full:https://registry.npmjs.org/estree-walker set size:undefined disposed:false
439 silly fetch manifest unist-util-visit@^5.0.0
440 silly packumentCache full:https://registry.npmjs.org/unist-util-visit cache-miss
441 http fetch GET 200 https://registry.npmjs.org/es-module-lexer 62ms (cache miss)
442 silly packumentCache full:https://registry.npmjs.org/es-module-lexer set size:undefined disposed:false
443 silly fetch manifest @astrojs/compiler@^2.13.0
444 silly packumentCache full:https://registry.npmjs.org/@astrojs%2fcompiler cache-miss
445 http fetch GET 200 https://registry.npmjs.org/unist-util-visit 136ms (cache miss)
446 silly packumentCache full:https://registry.npmjs.org/unist-util-visit set size:undefined disposed:false
447 silly fetch manifest @astrojs/telemetry@3.3.0
448 silly packumentCache full:https://registry.npmjs.org/@astrojs%2ftelemetry cache-miss
449 http fetch GET 200 https://registry.npmjs.org/yargs-parser 265ms (cache miss)
450 silly packumentCache full:https://registry.npmjs.org/yargs-parser set size:undefined disposed:false
451 silly fetch manifest @capsizecss/unpack@^4.0.0
452 silly packumentCache full:https://registry.npmjs.org/@capsizecss%2funpack cache-miss
453 http fetch GET 200 https://registry.npmjs.org/xxhash-wasm 312ms (cache miss)
454 silly packumentCache full:https://registry.npmjs.org/xxhash-wasm set size:undefined disposed:false
455 silly fetch manifest zod-to-json-schema@^3.25.1
456 silly packumentCache full:https://registry.npmjs.org/zod-to-json-schema cache-miss
457 http fetch GET 200 https://registry.npmjs.org/axobject-query 281ms (cache miss)
458 silly packumentCache full:https://registry.npmjs.org/axobject-query set size:undefined disposed:false
459 silly fetch manifest @rollup/pluginutils@^5.3.0
460 silly packumentCache full:https://registry.npmjs.org/@rollup%2fpluginutils cache-miss
461 http fetch GET 200 https://registry.npmjs.org/zod-to-json-schema 47ms (cache miss)
462 silly packumentCache full:https://registry.npmjs.org/zod-to-json-schema set size:undefined disposed:false
463 silly fetch manifest import-meta-resolve@^4.2.0
464 silly packumentCache full:https://registry.npmjs.org/import-meta-resolve cache-miss
465 http fetch GET 200 https://registry.npmjs.org/github-slugger 295ms (cache miss)
466 silly packumentCache full:https://registry.npmjs.org/github-slugger set size:undefined disposed:false
467 silly fetch manifest common-ancestor-path@^1.0.1
468 silly packumentCache full:https://registry.npmjs.org/common-ancestor-path cache-miss
469 http fetch GET 200 https://registry.npmjs.org/import-meta-resolve 36ms (cache miss)
470 silly packumentCache full:https://registry.npmjs.org/import-meta-resolve set size:undefined disposed:false
471 silly fetch manifest http-cache-semantics@^4.2.0
472 silly packumentCache full:https://registry.npmjs.org/http-cache-semantics cache-miss
473 http fetch GET 200 https://registry.npmjs.org/@rollup%2fpluginutils 73ms (cache miss)
474 silly packumentCache full:https://registry.npmjs.org/@rollup%2fpluginutils set size:undefined disposed:false
475 silly fetch manifest @astrojs/markdown-remark@6.3.11
476 silly packumentCache full:https://registry.npmjs.org/@astrojs%2fmarkdown-remark cache-miss
477 http fetch GET 200 https://registry.npmjs.org/common-ancestor-path 38ms (cache miss)
478 silly packumentCache full:https://registry.npmjs.org/common-ancestor-path set size:undefined disposed:false
479 silly fetch manifest package-manager-detector@^1.6.0
480 silly packumentCache full:https://registry.npmjs.org/package-manager-detector cache-miss
481 http fetch GET 200 https://registry.npmjs.org/http-cache-semantics 38ms (cache miss)
482 silly packumentCache full:https://registry.npmjs.org/http-cache-semantics set size:undefined disposed:false
483 silly fetch manifest @astrojs/internal-helpers@0.7.6
484 silly packumentCache full:https://registry.npmjs.org/@astrojs%2finternal-helpers cache-miss
485 http fetch GET 200 https://registry.npmjs.org/package-manager-detector 44ms (cache miss)
486 silly packumentCache full:https://registry.npmjs.org/package-manager-detector set size:undefined disposed:false
487 silly fetch manifest deterministic-object-hash@^2.0.2
488 silly packumentCache full:https://registry.npmjs.org/deterministic-object-hash cache-miss
489 http fetch GET 200 https://registry.npmjs.org/@oslojs%2fencoding 419ms (cache miss)
490 silly packumentCache full:https://registry.npmjs.org/@oslojs%2fencoding set size:undefined disposed:false
491 silly fetch manifest sharp@^0.34.0
492 silly packumentCache full:https://registry.npmjs.org/sharp cache-miss
493 http fetch GET 200 https://registry.npmjs.org/sharp 70ms (cache miss)
494 silly packumentCache full:https://registry.npmjs.org/sharp set size:undefined disposed:false
495 http fetch GET 200 https://registry.npmjs.org/deterministic-object-hash 287ms (cache miss)
496 silly packumentCache full:https://registry.npmjs.org/deterministic-object-hash set size:undefined disposed:false
497 http fetch GET 200 https://registry.npmjs.org/@astrojs%2fcompiler 878ms (cache miss)
498 silly packumentCache full:https://registry.npmjs.org/@astrojs%2fcompiler set size:undefined disposed:false
499 http fetch GET 200 https://registry.npmjs.org/@astrojs%2ftelemetry 834ms (cache miss)
500 silly packumentCache full:https://registry.npmjs.org/@astrojs%2ftelemetry set size:undefined disposed:false
501 http fetch GET 200 https://registry.npmjs.org/@capsizecss%2funpack 834ms (cache miss)
502 silly packumentCache full:https://registry.npmjs.org/@capsizecss%2funpack set size:undefined disposed:false
503 http fetch GET 200 https://registry.npmjs.org/@astrojs%2fmarkdown-remark 802ms (cache miss)
504 silly packumentCache full:https://registry.npmjs.org/@astrojs%2fmarkdown-remark set size:undefined disposed:false
505 http fetch GET 200 https://registry.npmjs.org/@astrojs%2finternal-helpers 793ms (cache miss)
506 silly packumentCache full:https://registry.npmjs.org/@astrojs%2finternal-helpers set size:undefined disposed:false
507 silly fetch manifest prettier@^3.0.0
508 silly packumentCache full:https://registry.npmjs.org/prettier cache-miss
509 http fetch GET 200 https://registry.npmjs.org/prettier 61ms (cache miss)
510 silly packumentCache full:https://registry.npmjs.org/prettier set size:undefined disposed:false
511 silly fetch manifest prettier-plugin-astro@>=0.11.0
512 silly packumentCache full:https://registry.npmjs.org/prettier-plugin-astro cache-miss
513 http fetch GET 200 https://registry.npmjs.org/prettier-plugin-astro 341ms (cache miss)
514 silly packumentCache full:https://registry.npmjs.org/prettier-plugin-astro set size:undefined disposed:false
515 silly placeDep ROOT @astrojs/language-server@2.16.14 OK for: @astrojs/check@0.9.10 want: ^2.16.7
516 silly placeDep ROOT chokidar@4.0.3 OK for: @astrojs/check@0.9.10 want: ^4.0.3
517 silly placeDep ROOT kleur@4.1.5 OK for: @astrojs/check@0.9.10 want: ^4.1.5
518 silly placeDep ROOT yargs@18.1.0 OK for: @astrojs/check@0.9.10 want: ^18.0.0
519 silly fetch manifest @volar/kit@~2.4.28
520 silly packumentCache full:https://registry.npmjs.org/@volar%2fkit cache-miss
521 silly fetch manifest tinyglobby@^0.2.16
522 silly packumentCache full:https://registry.npmjs.org/tinyglobby cache-hit
523 silly fetch manifest vscode-uri@^3.1.0
524 silly packumentCache full:https://registry.npmjs.org/vscode-uri cache-miss
525 silly fetch manifest muggle-string@^0.4.1
526 silly packumentCache full:https://registry.npmjs.org/muggle-string cache-miss
527 silly fetch manifest @astrojs/yaml2ts@^0.2.4
528 silly packumentCache full:https://registry.npmjs.org/@astrojs%2fyaml2ts cache-miss
529 silly fetch manifest @astrojs/compiler@^2.13.1
530 silly packumentCache full:https://registry.npmjs.org/@astrojs%2fcompiler cache-miss
531 silly fetch manifest volar-service-css@0.0.71
532 silly packumentCache full:https://registry.npmjs.org/volar-service-css cache-miss
533 silly fetch manifest volar-service-html@0.0.71
534 silly packumentCache full:https://registry.npmjs.org/volar-service-html cache-miss
535 http cache https://registry.npmjs.org/@astrojs%2fcompiler 9ms (cache hit)
536 silly packumentCache full:https://registry.npmjs.org/@astrojs%2fcompiler set size:972037 disposed:false
537 silly fetch manifest volar-service-yaml@0.0.71
538 silly packumentCache full:https://registry.npmjs.org/volar-service-yaml cache-miss
539 http fetch GET 200 https://registry.npmjs.org/muggle-string 47ms (cache miss)
540 silly packumentCache full:https://registry.npmjs.org/muggle-string set size:undefined disposed:false
541 silly fetch manifest volar-service-emmet@0.0.71
542 silly packumentCache full:https://registry.npmjs.org/volar-service-emmet cache-miss
543 http fetch GET 200 https://registry.npmjs.org/volar-service-yaml 31ms (cache miss)
544 silly packumentCache full:https://registry.npmjs.org/volar-service-yaml set size:undefined disposed:false
545 silly fetch manifest @volar/language-core@~2.4.28
546 silly packumentCache full:https://registry.npmjs.org/@volar%2flanguage-core cache-miss
547 http fetch GET 200 https://registry.npmjs.org/volar-service-html 264ms (cache miss)
548 silly packumentCache full:https://registry.npmjs.org/volar-service-html set size:undefined disposed:false
549 silly fetch manifest @volar/language-server@~2.4.28
550 silly packumentCache full:https://registry.npmjs.org/@volar%2flanguage-server cache-miss
551 http fetch GET 200 https://registry.npmjs.org/vscode-uri 287ms (cache miss)
552 silly packumentCache full:https://registry.npmjs.org/vscode-uri set size:undefined disposed:false
553 silly fetch manifest volar-service-prettier@0.0.71
554 silly packumentCache full:https://registry.npmjs.org/volar-service-prettier cache-miss
555 http fetch GET 200 https://registry.npmjs.org/volar-service-css 299ms (cache miss)
556 silly packumentCache full:https://registry.npmjs.org/volar-service-css set size:undefined disposed:false
557 silly fetch manifest @volar/language-service@~2.4.28
558 silly packumentCache full:https://registry.npmjs.org/@volar%2flanguage-service cache-miss
559 http fetch GET 200 https://registry.npmjs.org/volar-service-prettier 36ms (cache miss)
560 silly packumentCache full:https://registry.npmjs.org/volar-service-prettier set size:undefined disposed:false
561 silly fetch manifest volar-service-typescript@0.0.71
562 silly packumentCache full:https://registry.npmjs.org/volar-service-typescript cache-miss
563 http fetch GET 200 https://registry.npmjs.org/volar-service-emmet 302ms (cache miss)
564 silly packumentCache full:https://registry.npmjs.org/volar-service-emmet set size:undefined disposed:false
565 silly fetch manifest @jridgewell/sourcemap-codec@^1.5.5
566 silly packumentCache full:https://registry.npmjs.org/@jridgewell%2fsourcemap-codec cache-miss
567 http fetch GET 200 https://registry.npmjs.org/@jridgewell%2fsourcemap-codec 55ms (cache miss)
568 silly packumentCache full:https://registry.npmjs.org/@jridgewell%2fsourcemap-codec set size:undefined disposed:false
569 silly fetch manifest vscode-html-languageservice@^5.6.2
570 silly packumentCache full:https://registry.npmjs.org/vscode-html-languageservice cache-miss
571 http fetch GET 200 https://registry.npmjs.org/vscode-html-languageservice 45ms (cache miss)
572 silly packumentCache full:https://registry.npmjs.org/vscode-html-languageservice set size:undefined disposed:false
573 silly fetch manifest volar-service-typescript-twoslash-queries@0.0.71
574 silly packumentCache full:https://registry.npmjs.org/volar-service-typescript-twoslash-queries cache-miss
575 http fetch GET 200 https://registry.npmjs.org/volar-service-typescript 289ms (cache miss)
576 silly packumentCache full:https://registry.npmjs.org/volar-service-typescript set size:undefined disposed:false
577 silly fetch manifest readdirp@^4.0.1
578 silly packumentCache full:https://registry.npmjs.org/readdirp cache-miss
579 http fetch GET 200 https://registry.npmjs.org/volar-service-typescript-twoslash-queries 295ms (cache miss)
580 silly packumentCache full:https://registry.npmjs.org/volar-service-typescript-twoslash-queries set size:undefined disposed:false
581 silly fetch manifest y18n@^5.0.5
582 silly packumentCache full:https://registry.npmjs.org/y18n cache-miss
583 http fetch GET 200 https://registry.npmjs.org/y18n 49ms (cache miss)
584 silly packumentCache full:https://registry.npmjs.org/y18n set size:undefined disposed:false
585 silly fetch manifest cliui@^9.0.1
586 silly packumentCache full:https://registry.npmjs.org/cliui cache-miss
587 http fetch GET 200 https://registry.npmjs.org/@astrojs%2fyaml2ts 812ms (cache miss)
588 silly packumentCache full:https://registry.npmjs.org/@astrojs%2fyaml2ts set size:undefined disposed:false
589 silly fetch manifest escalade@^3.1.1
590 silly packumentCache full:https://registry.npmjs.org/escalade cache-miss
591 http fetch GET 200 https://registry.npmjs.org/cliui 41ms (cache miss)
592 silly packumentCache full:https://registry.npmjs.org/cliui set size:undefined disposed:false
593 silly fetch manifest string-width@^8.2.1
594 silly packumentCache full:https://registry.npmjs.org/string-width cache-miss
595 http fetch GET 200 https://registry.npmjs.org/escalade 39ms (cache miss)
596 silly packumentCache full:https://registry.npmjs.org/escalade set size:undefined disposed:false
597 silly fetch manifest yargs-parser@^22.0.0
598 silly packumentCache full:https://registry.npmjs.org/yargs-parser cache-miss
599 http cache https://registry.npmjs.org/yargs-parser 3ms (cache hit)
600 silly packumentCache full:https://registry.npmjs.org/yargs-parser set size:238681 disposed:false
601 silly fetch manifest get-caller-file@^2.0.5
602 silly packumentCache full:https://registry.npmjs.org/get-caller-file cache-miss
603 http fetch GET 200 https://registry.npmjs.org/string-width 34ms (cache miss)
604 silly packumentCache full:https://registry.npmjs.org/string-width set size:undefined disposed:false
605 http fetch GET 200 https://registry.npmjs.org/@volar%2fkit 894ms (cache miss)
606 silly packumentCache full:https://registry.npmjs.org/@volar%2fkit set size:undefined disposed:false
607 http fetch GET 200 https://registry.npmjs.org/get-caller-file 40ms (cache miss)
608 silly packumentCache full:https://registry.npmjs.org/get-caller-file set size:undefined disposed:false
609 http fetch GET 200 https://registry.npmjs.org/@volar%2flanguage-core 850ms (cache miss)
610 silly packumentCache full:https://registry.npmjs.org/@volar%2flanguage-core set size:undefined disposed:false
611 http fetch GET 200 https://registry.npmjs.org/readdirp 310ms (cache miss)
612 silly packumentCache full:https://registry.npmjs.org/readdirp set size:undefined disposed:false
613 http fetch GET 200 https://registry.npmjs.org/@volar%2flanguage-server 678ms (cache miss)
614 silly packumentCache full:https://registry.npmjs.org/@volar%2flanguage-server set size:undefined disposed:false
615 http fetch GET 200 https://registry.npmjs.org/@volar%2flanguage-service 828ms (cache miss)
616 silly packumentCache full:https://registry.npmjs.org/@volar%2flanguage-service set size:undefined disposed:false
617 silly fetch manifest typescript@*
618 silly packumentCache full:https://registry.npmjs.org/typescript cache-miss
619 http cache https://registry.npmjs.org/typescript 32ms (cache hit)
620 silly packumentCache full:https://registry.npmjs.org/typescript set size:15576747 disposed:false
621 silly placeDep ROOT @astrojs/compiler@2.13.1 OK for: @astrojs/language-server@2.16.14 want: ^2.13.1
622 silly placeDep ROOT @astrojs/yaml2ts@0.2.4 OK for: @astrojs/language-server@2.16.14 want: ^0.2.4
623 silly placeDep ROOT @jridgewell/sourcemap-codec@1.5.5 OK for: @astrojs/language-server@2.16.14 want: ^1.5.5
624 silly placeDep ROOT @volar/kit@2.4.28 OK for: @astrojs/language-server@2.16.14 want: ~2.4.28
625 silly placeDep ROOT @volar/language-core@2.4.28 OK for: @astrojs/language-server@2.16.14 want: ~2.4.28
626 silly placeDep ROOT @volar/language-server@2.4.28 OK for: @astrojs/language-server@2.16.14 want: ~2.4.28
627 silly placeDep ROOT @volar/language-service@2.4.28 OK for: @astrojs/language-server@2.16.14 want: ~2.4.28
628 silly placeDep ROOT muggle-string@0.4.1 OK for: @astrojs/language-server@2.16.14 want: ^0.4.1
629 silly placeDep ROOT tinyglobby@0.2.17 OK for: @astrojs/language-server@2.16.14 want: ^0.2.16
630 silly placeDep ROOT volar-service-css@0.0.71 OK for: @astrojs/language-server@2.16.14 want: 0.0.71
631 silly placeDep ROOT volar-service-emmet@0.0.71 OK for: @astrojs/language-server@2.16.14 want: 0.0.71
632 silly placeDep ROOT volar-service-html@0.0.71 OK for: @astrojs/language-server@2.16.14 want: 0.0.71
633 silly placeDep ROOT volar-service-prettier@0.0.71 OK for: @astrojs/language-server@2.16.14 want: 0.0.71
634 silly placeDep ROOT volar-service-typescript@0.0.71 OK for: @astrojs/language-server@2.16.14 want: 0.0.71
635 silly placeDep ROOT volar-service-typescript-twoslash-queries@0.0.71 OK for: @astrojs/language-server@2.16.14 want: 0.0.71
636 silly placeDep ROOT volar-service-yaml@0.0.71 OK for: @astrojs/language-server@2.16.14 want: 0.0.71
637 silly placeDep ROOT vscode-html-languageservice@5.6.2 OK for: @astrojs/language-server@2.16.14 want: ^5.6.2
638 silly placeDep ROOT vscode-uri@3.1.0 OK for: @astrojs/language-server@2.16.14 want: ^3.1.0
639 silly fetch manifest yaml@^2.8.3
640 silly packumentCache full:https://registry.npmjs.org/yaml cache-miss
641 silly fetch manifest @volar/language-service@2.4.28
642 silly packumentCache full:https://registry.npmjs.org/@volar%2flanguage-service cache-miss
643 silly fetch manifest @volar/typescript@2.4.28
644 silly packumentCache full:https://registry.npmjs.org/@volar%2ftypescript cache-miss
645 silly fetch manifest typesafe-path@^0.2.2
646 silly packumentCache full:https://registry.npmjs.org/typesafe-path cache-miss
647 silly fetch manifest vscode-languageserver-textdocument@^1.0.11
648 silly packumentCache full:https://registry.npmjs.org/vscode-languageserver-textdocument cache-miss
649 silly fetch manifest vscode-uri@^3.0.8
650 silly packumentCache full:https://registry.npmjs.org/vscode-uri cache-miss
651 silly fetch manifest @volar/source-map@2.4.28
652 silly packumentCache full:https://registry.npmjs.org/@volar%2fsource-map cache-miss
653 http cache https://registry.npmjs.org/yaml 4ms (cache hit)
654 silly packumentCache full:https://registry.npmjs.org/yaml set size:385754 disposed:false
655 silly fetch manifest @volar/language-service@2.4.28
656 silly packumentCache full:https://registry.npmjs.org/@volar%2flanguage-service cache-miss
657 http cache https://registry.npmjs.org/@volar%2flanguage-service 6ms (cache hit)
658 silly packumentCache full:https://registry.npmjs.org/@volar%2flanguage-service set size:493688 disposed:false
659 silly fetch manifest @volar/typescript@2.4.28
660 silly packumentCache full:https://registry.npmjs.org/@volar%2ftypescript cache-miss
661 http cache https://registry.npmjs.org/vscode-uri 8ms (cache hit)
662 silly packumentCache full:https://registry.npmjs.org/vscode-uri set size:75646 disposed:false
663 silly fetch manifest path-browserify@^1.0.1
664 silly packumentCache full:https://registry.npmjs.org/path-browserify cache-miss
665 http cache https://registry.npmjs.org/@volar%2flanguage-service 4ms (cache hit)
666 silly packumentCache full:https://registry.npmjs.org/@volar%2flanguage-service set size:493688 disposed:false
667 silly packumentCache full:https://registry.npmjs.org/@volar%2flanguage-service dispose
668 silly fetch manifest request-light@^0.7.0
669 silly packumentCache full:https://registry.npmjs.org/request-light cache-miss
670 http fetch GET 200 https://registry.npmjs.org/path-browserify 46ms (cache miss)
671 silly packumentCache full:https://registry.npmjs.org/path-browserify set size:undefined disposed:false
672 silly fetch manifest vscode-languageserver@^9.0.1
673 silly packumentCache full:https://registry.npmjs.org/vscode-languageserver cache-miss
674 http fetch GET 200 https://registry.npmjs.org/request-light 58ms (cache miss)
675 silly packumentCache full:https://registry.npmjs.org/request-light set size:undefined disposed:false
676 silly fetch manifest vscode-languageserver-protocol@^3.17.5
677 silly packumentCache full:https://registry.npmjs.org/vscode-languageserver-protocol cache-miss
678 http fetch GET 200 https://registry.npmjs.org/vscode-languageserver 53ms (cache miss)
679 silly packumentCache full:https://registry.npmjs.org/vscode-languageserver set size:undefined disposed:false
680 silly fetch manifest vscode-languageserver-textdocument@^1.0.11
681 silly packumentCache full:https://registry.npmjs.org/vscode-languageserver-textdocument cache-miss
682 http fetch GET 200 https://registry.npmjs.org/vscode-languageserver-protocol 71ms (cache miss)
683 silly packumentCache full:https://registry.npmjs.org/vscode-languageserver-protocol set size:undefined disposed:false
684 silly fetch manifest vscode-languageserver-textdocument@^1.0.11
685 silly packumentCache full:https://registry.npmjs.org/vscode-languageserver-textdocument cache-miss
686 http fetch GET 200 https://registry.npmjs.org/vscode-languageserver-textdocument 46ms (cache miss)
687 silly packumentCache full:https://registry.npmjs.org/vscode-languageserver-textdocument set size:undefined disposed:false
688 silly fetch manifest fdir@^6.5.0
689 silly packumentCache full:https://registry.npmjs.org/fdir cache-miss
690 http fetch GET 200 https://registry.npmjs.org/fdir 47ms (cache miss)
691 silly packumentCache full:https://registry.npmjs.org/fdir set size:undefined disposed:false
692 silly fetch manifest picomatch@^4.0.4
693 silly packumentCache full:https://registry.npmjs.org/picomatch cache-hit
694 silly fetch manifest vscode-css-languageservice@^6.3.0
695 silly packumentCache full:https://registry.npmjs.org/vscode-css-languageservice cache-miss
696 http fetch GET 200 https://registry.npmjs.org/vscode-css-languageservice 62ms (cache miss)
697 silly packumentCache full:https://registry.npmjs.org/vscode-css-languageservice set size:undefined disposed:false
698 silly fetch manifest @emmetio/css-parser@^0.4.1
699 silly packumentCache full:https://registry.npmjs.org/@emmetio%2fcss-parser cache-miss
700 http fetch GET 200 https://registry.npmjs.org/vscode-languageserver-textdocument 137ms (cache miss)
701 silly packumentCache full:https://registry.npmjs.org/vscode-languageserver-textdocument set size:undefined disposed:false
702 silly fetch manifest @emmetio/html-matcher@^1.3.0
703 silly packumentCache full:https://registry.npmjs.org/@emmetio%2fhtml-matcher cache-miss
704 http fetch GET 200 https://registry.npmjs.org/typesafe-path 283ms (cache miss)
705 silly packumentCache full:https://registry.npmjs.org/typesafe-path set size:undefined disposed:false
706 silly fetch manifest @vscode/emmet-helper@^2.9.3
707 silly packumentCache full:https://registry.npmjs.org/@vscode%2femmet-helper cache-miss
708 http fetch GET 200 https://registry.npmjs.org/@volar%2ftypescript 302ms (cache miss)
709 silly packumentCache full:https://registry.npmjs.org/@volar%2ftypescript set size:undefined disposed:false
710 silly fetch manifest vscode-html-languageservice@^5.3.0
711 silly packumentCache full:https://registry.npmjs.org/vscode-html-languageservice cache-miss
712 http cache https://registry.npmjs.org/vscode-html-languageservice 6ms (cache hit)
713 silly packumentCache full:https://registry.npmjs.org/vscode-html-languageservice set size:522784 disposed:false
714 silly fetch manifest semver@^7.6.2
715 silly packumentCache full:https://registry.npmjs.org/semver cache-miss
716 http fetch GET 200 https://registry.npmjs.org/@volar%2ftypescript 314ms (cache miss)
717 silly packumentCache full:https://registry.npmjs.org/@volar%2ftypescript set size:undefined disposed:false
718 silly fetch manifest typescript-auto-import-cache@^0.3.5
719 silly packumentCache full:https://registry.npmjs.org/typescript-auto-import-cache cache-miss
720 http cache https://registry.npmjs.org/semver 9ms (cache hit)
721 silly packumentCache full:https://registry.npmjs.org/semver set size:246069 disposed:false
722 silly fetch manifest vscode-nls@^5.2.0
723 silly packumentCache full:https://registry.npmjs.org/vscode-nls cache-miss
724 http fetch GET 200 https://registry.npmjs.org/vscode-languageserver-textdocument 330ms (cache miss)
725 silly packumentCache full:https://registry.npmjs.org/vscode-languageserver-textdocument set size:undefined disposed:false
726 silly fetch manifest yaml-language-server@~1.23.0
727 silly packumentCache full:https://registry.npmjs.org/yaml-language-server cache-miss
728 http fetch GET 200 https://registry.npmjs.org/yaml-language-server 81ms (cache miss)
729 silly packumentCache full:https://registry.npmjs.org/yaml-language-server set size:undefined disposed:false
730 silly fetch manifest @vscode/l10n@^0.0.18
731 silly packumentCache full:https://registry.npmjs.org/@vscode%2fl10n cache-miss
732 http fetch GET 200 https://registry.npmjs.org/@emmetio%2fcss-parser 204ms (cache miss)
733 silly packumentCache full:https://registry.npmjs.org/@emmetio%2fcss-parser set size:undefined disposed:false
734 silly fetch manifest vscode-languageserver-types@^3.17.5
735 silly packumentCache full:https://registry.npmjs.org/vscode-languageserver-types cache-miss
736 http fetch GET 200 https://registry.npmjs.org/typescript-auto-import-cache 278ms (cache miss)
737 silly packumentCache full:https://registry.npmjs.org/typescript-auto-import-cache set size:undefined disposed:false
738 silly fetch manifest vscode-languageserver-textdocument@^1.0.12
739 silly packumentCache full:https://registry.npmjs.org/vscode-languageserver-textdocument cache-miss
740 http cache https://registry.npmjs.org/vscode-languageserver-textdocument 4ms (cache hit)
741 silly packumentCache full:https://registry.npmjs.org/vscode-languageserver-textdocument set size:68756 disposed:false
742 http fetch GET 200 https://registry.npmjs.org/@emmetio%2fhtml-matcher 353ms (cache miss)
743 silly packumentCache full:https://registry.npmjs.org/@emmetio%2fhtml-matcher set size:undefined disposed:false
744 http fetch GET 200 https://registry.npmjs.org/vscode-nls 331ms (cache miss)
745 silly packumentCache full:https://registry.npmjs.org/vscode-nls set size:undefined disposed:false
746 http fetch GET 200 https://registry.npmjs.org/vscode-languageserver-types 271ms (cache miss)
747 silly packumentCache full:https://registry.npmjs.org/vscode-languageserver-types set size:undefined disposed:false
748 http fetch GET 200 https://registry.npmjs.org/@volar%2fsource-map 859ms (cache miss)
749 silly packumentCache full:https://registry.npmjs.org/@volar%2fsource-map set size:undefined disposed:false
750 http fetch GET 200 https://registry.npmjs.org/@vscode%2fl10n 550ms (cache miss)
751 silly packumentCache full:https://registry.npmjs.org/@vscode%2fl10n set size:undefined disposed:false
752 http fetch GET 200 https://registry.npmjs.org/@vscode%2femmet-helper 797ms (cache miss)
753 silly packumentCache full:https://registry.npmjs.org/@vscode%2femmet-helper set size:undefined disposed:false
754 silly placeDep ROOT sitemap@9.0.1 OK for: @astrojs/sitemap@3.7.3 want: ^9.0.0
755 silly placeDep ROOT stream-replace-string@2.0.0 OK for: @astrojs/sitemap@3.7.3 want: ^2.0.0
756 silly placeDep ROOT zod@4.4.3 OK for: @astrojs/sitemap@3.7.3 want: ^4.3.6
757 silly fetch manifest arg@^5.0.0
758 silly packumentCache full:https://registry.npmjs.org/arg cache-miss
759 silly fetch manifest sax@^1.4.1
760 silly packumentCache full:https://registry.npmjs.org/sax cache-miss
761 silly fetch manifest @types/sax@^1.2.1
762 silly packumentCache full:https://registry.npmjs.org/@types%2fsax cache-miss
763 silly fetch manifest @types/node@^24.9.2
764 silly packumentCache full:https://registry.npmjs.org/@types%2fnode cache-miss
765 http cache https://registry.npmjs.org/@types%2fnode 25ms (cache hit)
766 silly packumentCache full:https://registry.npmjs.org/@types%2fnode set size:11088606 disposed:false
767 http fetch GET 200 https://registry.npmjs.org/arg 75ms (cache miss)
768 silly packumentCache full:https://registry.npmjs.org/arg set size:undefined disposed:false
769 http fetch GET 200 https://registry.npmjs.org/sax 292ms (cache miss)
770 silly packumentCache full:https://registry.npmjs.org/sax set size:undefined disposed:false
771 http fetch GET 200 https://registry.npmjs.org/@types%2fsax 606ms (cache miss)
772 silly packumentCache full:https://registry.npmjs.org/@types%2fsax set size:undefined disposed:false
773 silly placeDep ROOT yaml@2.9.0 OK for: @astrojs/yaml2ts@0.2.4 want: ^2.8.3
774 silly placeDep ROOT @tailwindcss/node@4.3.3 OK for: @tailwindcss/vite@4.3.3 want: 4.3.3
775 silly placeDep ROOT @tailwindcss/oxide@4.3.3 OK for: @tailwindcss/vite@4.3.3 want: 4.3.3
776 silly fetch manifest jiti@^2.7.0
777 silly packumentCache full:https://registry.npmjs.org/jiti cache-miss
778 silly fetch manifest lightningcss@1.32.0
779 silly packumentCache full:https://registry.npmjs.org/lightningcss cache-miss
780 silly fetch manifest source-map-js@^1.2.1
781 silly packumentCache full:https://registry.npmjs.org/source-map-js cache-miss
782 silly fetch manifest enhanced-resolve@^5.24.1
783 silly packumentCache full:https://registry.npmjs.org/enhanced-resolve cache-miss
784 silly fetch manifest @jridgewell/remapping@^2.3.5
785 silly packumentCache full:https://registry.npmjs.org/@jridgewell%2fremapping cache-miss
786 silly fetch manifest @tailwindcss/oxide-darwin-x64@4.3.3
787 silly packumentCache full:https://registry.npmjs.org/@tailwindcss%2foxide-darwin-x64 cache-miss
788 silly fetch manifest @tailwindcss/oxide-freebsd-x64@4.3.3
789 silly packumentCache full:https://registry.npmjs.org/@tailwindcss%2foxide-freebsd-x64 cache-miss
790 http cache https://registry.npmjs.org/lightningcss 8ms (cache hit)
791 silly packumentCache full:https://registry.npmjs.org/lightningcss set size:191065 disposed:false
792 silly fetch manifest @tailwindcss/oxide-wasm32-wasi@4.3.3
793 silly packumentCache full:https://registry.npmjs.org/@tailwindcss%2foxide-wasm32-wasi cache-miss
794 http cache https://registry.npmjs.org/jiti 13ms (cache hit)
795 silly packumentCache full:https://registry.npmjs.org/jiti set size:387989 disposed:false
796 silly fetch manifest @tailwindcss/oxide-darwin-arm64@4.3.3
797 silly packumentCache full:https://registry.npmjs.org/@tailwindcss%2foxide-darwin-arm64 cache-miss
798 http fetch GET 200 https://registry.npmjs.org/source-map-js 50ms (cache miss)
799 silly packumentCache full:https://registry.npmjs.org/source-map-js set size:undefined disposed:false
800 silly fetch manifest @tailwindcss/oxide-android-arm64@4.3.3
801 silly packumentCache full:https://registry.npmjs.org/@tailwindcss%2foxide-android-arm64 cache-miss
802 http fetch GET 200 https://registry.npmjs.org/@jridgewell%2fremapping 58ms (cache miss)
803 silly packumentCache full:https://registry.npmjs.org/@jridgewell%2fremapping set size:undefined disposed:false
804 silly fetch manifest @tailwindcss/oxide-linux-x64-gnu@4.3.3
805 silly packumentCache full:https://registry.npmjs.org/@tailwindcss%2foxide-linux-x64-gnu cache-miss
806 http fetch GET 200 https://registry.npmjs.org/enhanced-resolve 72ms (cache miss)
807 silly packumentCache full:https://registry.npmjs.org/enhanced-resolve set size:undefined disposed:false
808 silly fetch manifest @tailwindcss/oxide-linux-x64-musl@4.3.3
809 silly packumentCache full:https://registry.npmjs.org/@tailwindcss%2foxide-linux-x64-musl cache-miss
810 http fetch GET 200 https://registry.npmjs.org/@tailwindcss%2foxide-freebsd-x64 101ms (cache miss)
811 silly packumentCache full:https://registry.npmjs.org/@tailwindcss%2foxide-freebsd-x64 set size:undefined disposed:false
812 silly fetch manifest @tailwindcss/oxide-win32-x64-msvc@4.3.3
813 silly packumentCache full:https://registry.npmjs.org/@tailwindcss%2foxide-win32-x64-msvc cache-miss
814 http fetch GET 200 https://registry.npmjs.org/@tailwindcss%2foxide-wasm32-wasi 114ms (cache miss)
815 silly packumentCache full:https://registry.npmjs.org/@tailwindcss%2foxide-wasm32-wasi set size:undefined disposed:false
816 silly fetch manifest @tailwindcss/oxide-linux-arm64-gnu@4.3.3
817 silly packumentCache full:https://registry.npmjs.org/@tailwindcss%2foxide-linux-arm64-gnu cache-miss
818 http fetch GET 200 https://registry.npmjs.org/@tailwindcss%2foxide-android-arm64 98ms (cache miss)
819 silly packumentCache full:https://registry.npmjs.org/@tailwindcss%2foxide-android-arm64 set size:undefined disposed:false
820 silly fetch manifest @tailwindcss/oxide-linux-arm64-musl@4.3.3
821 silly packumentCache full:https://registry.npmjs.org/@tailwindcss%2foxide-linux-arm64-musl cache-miss
822 http fetch GET 200 https://registry.npmjs.org/@tailwindcss%2foxide-linux-x64-gnu 121ms (cache miss)
823 silly packumentCache full:https://registry.npmjs.org/@tailwindcss%2foxide-linux-x64-gnu set size:undefined disposed:false
824 silly fetch manifest @tailwindcss/oxide-win32-arm64-msvc@4.3.3
825 silly packumentCache full:https://registry.npmjs.org/@tailwindcss%2foxide-win32-arm64-msvc cache-miss
826 http fetch GET 200 https://registry.npmjs.org/@tailwindcss%2foxide-darwin-x64 200ms (cache miss)
827 silly packumentCache full:https://registry.npmjs.org/@tailwindcss%2foxide-darwin-x64 set size:undefined disposed:false
828 silly fetch manifest @tailwindcss/oxide-linux-arm-gnueabihf@4.3.3
829 silly packumentCache full:https://registry.npmjs.org/@tailwindcss%2foxide-linux-arm-gnueabihf cache-miss
830 http fetch GET 200 https://registry.npmjs.org/@tailwindcss%2foxide-linux-arm64-musl 127ms (cache miss)
831 silly packumentCache full:https://registry.npmjs.org/@tailwindcss%2foxide-linux-arm64-musl set size:undefined disposed:false
832 http fetch GET 200 https://registry.npmjs.org/@tailwindcss%2foxide-win32-arm64-msvc 118ms (cache miss)
833 silly packumentCache full:https://registry.npmjs.org/@tailwindcss%2foxide-win32-arm64-msvc set size:undefined disposed:false
834 http fetch GET 200 https://registry.npmjs.org/@tailwindcss%2foxide-win32-x64-msvc 331ms (cache miss)
835 silly packumentCache full:https://registry.npmjs.org/@tailwindcss%2foxide-win32-x64-msvc set size:undefined disposed:false
836 http fetch GET 200 https://registry.npmjs.org/@tailwindcss%2foxide-linux-arm64-gnu 346ms (cache miss)
837 silly packumentCache full:https://registry.npmjs.org/@tailwindcss%2foxide-linux-arm64-gnu set size:undefined disposed:false
838 http fetch GET 200 https://registry.npmjs.org/@tailwindcss%2foxide-linux-arm-gnueabihf 305ms (cache miss)
839 silly packumentCache full:https://registry.npmjs.org/@tailwindcss%2foxide-linux-arm-gnueabihf set size:undefined disposed:false
840 http fetch GET 200 https://registry.npmjs.org/@tailwindcss%2foxide-darwin-arm64 644ms (cache miss)
841 silly packumentCache full:https://registry.npmjs.org/@tailwindcss%2foxide-darwin-arm64 set size:undefined disposed:false
842 http fetch GET 200 https://registry.npmjs.org/@tailwindcss%2foxide-linux-x64-musl 643ms (cache miss)
843 silly packumentCache full:https://registry.npmjs.org/@tailwindcss%2foxide-linux-x64-musl set size:undefined disposed:false
844 silly placeDep ROOT @jridgewell/remapping@2.3.5 OK for: @tailwindcss/node@4.3.3 want: ^2.3.5
845 silly placeDep ROOT enhanced-resolve@5.24.5 OK for: @tailwindcss/node@4.3.3 want: ^5.24.1
846 silly placeDep ROOT jiti@2.7.0 OK for: @tailwindcss/node@4.3.3 want: ^2.7.0
847 silly placeDep ROOT lightningcss@1.32.0 OK for: @tailwindcss/node@4.3.3 want: 1.32.0
848 silly placeDep ROOT magic-string@0.30.21 OK for: @tailwindcss/node@4.3.3 want: ^0.30.21
849 silly placeDep ROOT source-map-js@1.2.1 OK for: @tailwindcss/node@4.3.3 want: ^1.2.1
850 silly fetch manifest @jridgewell/gen-mapping@^0.3.5
851 silly packumentCache full:https://registry.npmjs.org/@jridgewell%2fgen-mapping cache-miss
852 silly fetch manifest @jridgewell/trace-mapping@^0.3.24
853 silly packumentCache full:https://registry.npmjs.org/@jridgewell%2ftrace-mapping cache-miss
854 silly fetch manifest tapable@^2.3.3
855 silly packumentCache full:https://registry.npmjs.org/tapable cache-miss
856 silly fetch manifest graceful-fs@^4.2.4
857 silly packumentCache full:https://registry.npmjs.org/graceful-fs cache-miss
858 silly fetch manifest detect-libc@^2.0.3
859 silly packumentCache full:https://registry.npmjs.org/detect-libc cache-miss
860 silly fetch manifest lightningcss-darwin-x64@1.32.0
861 silly packumentCache full:https://registry.npmjs.org/lightningcss-darwin-x64 cache-miss
862 silly fetch manifest lightningcss-freebsd-x64@1.32.0
863 silly packumentCache full:https://registry.npmjs.org/lightningcss-freebsd-x64 cache-miss
864 http fetch GET 200 https://registry.npmjs.org/graceful-fs 33ms (cache miss)
865 silly packumentCache full:https://registry.npmjs.org/graceful-fs set size:undefined disposed:false
866 silly fetch manifest lightningcss-darwin-arm64@1.32.0
867 silly packumentCache full:https://registry.npmjs.org/lightningcss-darwin-arm64 cache-miss
868 http fetch GET 200 https://registry.npmjs.org/lightningcss-freebsd-x64 38ms (cache miss)
869 silly packumentCache full:https://registry.npmjs.org/lightningcss-freebsd-x64 set size:undefined disposed:false
870 silly fetch manifest lightningcss-android-arm64@1.32.0
871 silly packumentCache full:https://registry.npmjs.org/lightningcss-android-arm64 cache-miss
872 http fetch GET 200 https://registry.npmjs.org/@jridgewell%2fgen-mapping 61ms (cache miss)
873 silly packumentCache full:https://registry.npmjs.org/@jridgewell%2fgen-mapping set size:undefined disposed:false
874 silly fetch manifest lightningcss-linux-x64-gnu@1.32.0
875 silly packumentCache full:https://registry.npmjs.org/lightningcss-linux-x64-gnu cache-miss
876 http fetch GET 200 https://registry.npmjs.org/lightningcss-darwin-arm64 28ms (cache miss)
877 silly packumentCache full:https://registry.npmjs.org/lightningcss-darwin-arm64 set size:undefined disposed:false
878 silly fetch manifest lightningcss-linux-x64-musl@1.32.0
879 silly packumentCache full:https://registry.npmjs.org/lightningcss-linux-x64-musl cache-miss
880 http fetch GET 200 https://registry.npmjs.org/lightningcss-android-arm64 28ms (cache miss)
881 silly packumentCache full:https://registry.npmjs.org/lightningcss-android-arm64 set size:undefined disposed:false
882 silly fetch manifest lightningcss-win32-x64-msvc@1.32.0
883 silly packumentCache full:https://registry.npmjs.org/lightningcss-win32-x64-msvc cache-miss
884 http fetch GET 200 https://registry.npmjs.org/@jridgewell%2ftrace-mapping 70ms (cache miss)
885 silly packumentCache full:https://registry.npmjs.org/@jridgewell%2ftrace-mapping set size:undefined disposed:false
886 silly fetch manifest lightningcss-linux-arm64-gnu@1.32.0
887 silly packumentCache full:https://registry.npmjs.org/lightningcss-linux-arm64-gnu cache-miss
888 http fetch GET 200 https://registry.npmjs.org/lightningcss-darwin-x64 76ms (cache miss)
889 silly packumentCache full:https://registry.npmjs.org/lightningcss-darwin-x64 set size:undefined disposed:false
890 silly fetch manifest lightningcss-linux-arm64-musl@1.32.0
891 silly packumentCache full:https://registry.npmjs.org/lightningcss-linux-arm64-musl cache-miss
892 http fetch GET 200 https://registry.npmjs.org/lightningcss-linux-x64-musl 34ms (cache miss)
893 silly packumentCache full:https://registry.npmjs.org/lightningcss-linux-x64-musl set size:undefined disposed:false
894 silly fetch manifest lightningcss-win32-arm64-msvc@1.32.0
895 silly packumentCache full:https://registry.npmjs.org/lightningcss-win32-arm64-msvc cache-miss
896 http fetch GET 200 https://registry.npmjs.org/lightningcss-win32-x64-msvc 32ms (cache miss)
897 silly packumentCache full:https://registry.npmjs.org/lightningcss-win32-x64-msvc set size:undefined disposed:false
898 silly fetch manifest lightningcss-linux-arm-gnueabihf@1.32.0
899 silly packumentCache full:https://registry.npmjs.org/lightningcss-linux-arm-gnueabihf cache-miss
900 http fetch GET 200 https://registry.npmjs.org/lightningcss-linux-arm64-gnu 33ms (cache miss)
901 silly packumentCache full:https://registry.npmjs.org/lightningcss-linux-arm64-gnu set size:undefined disposed:false
902 http fetch GET 200 https://registry.npmjs.org/lightningcss-linux-x64-gnu 45ms (cache miss)
903 silly packumentCache full:https://registry.npmjs.org/lightningcss-linux-x64-gnu set size:undefined disposed:false
904 http fetch GET 200 https://registry.npmjs.org/lightningcss-linux-arm-gnueabihf 38ms (cache miss)
905 silly packumentCache full:https://registry.npmjs.org/lightningcss-linux-arm-gnueabihf set size:undefined disposed:false
906 http fetch GET 200 https://registry.npmjs.org/lightningcss-win32-arm64-msvc 47ms (cache miss)
907 silly packumentCache full:https://registry.npmjs.org/lightningcss-win32-arm64-msvc set size:undefined disposed:false
908 http fetch GET 200 https://registry.npmjs.org/lightningcss-linux-arm64-musl 102ms (cache miss)
909 silly packumentCache full:https://registry.npmjs.org/lightningcss-linux-arm64-musl set size:undefined disposed:false
910 http fetch GET 200 https://registry.npmjs.org/detect-libc 186ms (cache miss)
911 silly packumentCache full:https://registry.npmjs.org/detect-libc set size:undefined disposed:false
912 http fetch GET 200 https://registry.npmjs.org/tapable 295ms (cache miss)
913 silly packumentCache full:https://registry.npmjs.org/tapable set size:undefined disposed:false
914 silly placeDep ROOT @jridgewell/gen-mapping@0.3.13 OK for: @jridgewell/remapping@2.3.5 want: ^0.3.5
915 silly placeDep ROOT @jridgewell/trace-mapping@0.3.31 OK for: @jridgewell/remapping@2.3.5 want: ^0.3.24
916 silly fetch manifest @jridgewell/resolve-uri@^3.1.0
917 silly packumentCache full:https://registry.npmjs.org/@jridgewell%2fresolve-uri cache-miss
918 http fetch GET 200 https://registry.npmjs.org/@jridgewell%2fresolve-uri 75ms (cache miss)
919 silly packumentCache full:https://registry.npmjs.org/@jridgewell%2fresolve-uri set size:undefined disposed:false
920 silly placeDep ROOT @jridgewell/resolve-uri@3.1.2 OK for: @jridgewell/trace-mapping@0.3.31 want: ^3.1.0
921 silly placeDep ROOT @tailwindcss/oxide-android-arm64@4.3.3 OK for: @tailwindcss/oxide@4.3.3 want: 4.3.3
922 silly placeDep ROOT @tailwindcss/oxide-darwin-arm64@4.3.3 OK for: @tailwindcss/oxide@4.3.3 want: 4.3.3
923 silly placeDep ROOT @tailwindcss/oxide-darwin-x64@4.3.3 OK for: @tailwindcss/oxide@4.3.3 want: 4.3.3
924 silly placeDep ROOT @tailwindcss/oxide-freebsd-x64@4.3.3 OK for: @tailwindcss/oxide@4.3.3 want: 4.3.3
925 silly placeDep ROOT @tailwindcss/oxide-linux-arm-gnueabihf@4.3.3 OK for: @tailwindcss/oxide@4.3.3 want: 4.3.3
926 silly placeDep ROOT @tailwindcss/oxide-linux-arm64-gnu@4.3.3 OK for: @tailwindcss/oxide@4.3.3 want: 4.3.3
927 silly placeDep ROOT @tailwindcss/oxide-linux-arm64-musl@4.3.3 OK for: @tailwindcss/oxide@4.3.3 want: 4.3.3
928 silly placeDep ROOT @tailwindcss/oxide-linux-x64-gnu@4.3.3 OK for: @tailwindcss/oxide@4.3.3 want: 4.3.3
929 silly placeDep ROOT @tailwindcss/oxide-linux-x64-musl@4.3.3 OK for: @tailwindcss/oxide@4.3.3 want: 4.3.3
930 silly placeDep ROOT @tailwindcss/oxide-wasm32-wasi@4.3.3 OK for: @tailwindcss/oxide@4.3.3 want: 4.3.3
931 silly placeDep ROOT @tailwindcss/oxide-win32-arm64-msvc@4.3.3 OK for: @tailwindcss/oxide@4.3.3 want: 4.3.3
932 silly placeDep ROOT @tailwindcss/oxide-win32-x64-msvc@4.3.3 OK for: @tailwindcss/oxide@4.3.3 want: 4.3.3
933 silly placeDep ROOT @volar/typescript@2.4.28 OK for: @volar/kit@2.4.28 want: 2.4.28
934 silly placeDep ROOT typesafe-path@0.2.2 OK for: @volar/kit@2.4.28 want: ^0.2.2
935 silly placeDep ROOT vscode-languageserver-textdocument@1.0.12 OK for: @volar/kit@2.4.28 want: ^1.0.11
936 silly placeDep ROOT @volar/source-map@2.4.28 OK for: @volar/language-core@2.4.28 want: 2.4.28
937 silly placeDep ROOT path-browserify@1.0.1 OK for: @volar/language-server@2.4.28 want: ^1.0.1
938 silly placeDep ROOT request-light@0.7.0 OK for: @volar/language-server@2.4.28 want: ^0.7.0
939 silly placeDep ROOT vscode-languageserver@9.0.1 OK for: @volar/language-server@2.4.28 want: ^9.0.1
940 silly placeDep ROOT vscode-languageserver-protocol@3.18.2 OK for: @volar/language-server@2.4.28 want: ^3.17.5
941 silly fetch manifest vscode-languageserver-protocol@3.17.5
942 silly packumentCache full:https://registry.npmjs.org/vscode-languageserver-protocol cache-miss
943 silly fetch manifest vscode-jsonrpc@9.0.1
944 silly packumentCache full:https://registry.npmjs.org/vscode-jsonrpc cache-miss
945 silly fetch manifest vscode-languageserver-types@3.18.0
946 silly packumentCache full:https://registry.npmjs.org/vscode-languageserver-types cache-miss
947 http cache https://registry.npmjs.org/vscode-languageserver-types 4ms (cache hit)
948 silly packumentCache full:https://registry.npmjs.org/vscode-languageserver-types set size:314984 disposed:false
949 http cache https://registry.npmjs.org/vscode-languageserver-protocol 7ms (cache hit)
950 silly packumentCache full:https://registry.npmjs.org/vscode-languageserver-protocol set size:510671 disposed:false
951 http fetch GET 200 https://registry.npmjs.org/vscode-jsonrpc 258ms (cache miss)
952 silly packumentCache full:https://registry.npmjs.org/vscode-jsonrpc set size:undefined disposed:false
953 silly fetch manifest @types/node@^18.0.0 || ^20.0.0 || >=22.0.0
954 silly packumentCache full:https://registry.npmjs.org/@types%2fnode cache-miss
955 http cache https://registry.npmjs.org/@types%2fnode 23ms (cache hit)
956 silly packumentCache full:https://registry.npmjs.org/@types%2fnode set size:11088606 disposed:false
957 silly fetch manifest less@*
958 silly packumentCache full:https://registry.npmjs.org/less cache-miss
959 http cache https://registry.npmjs.org/less 5ms (cache hit)
960 silly packumentCache full:https://registry.npmjs.org/less set size:500352 disposed:false
961 silly fetch manifest lightningcss@^1.21.0
962 silly packumentCache full:https://registry.npmjs.org/lightningcss cache-hit
963 silly fetch manifest sass@*
964 silly packumentCache full:https://registry.npmjs.org/sass cache-miss
965 http cache https://registry.npmjs.org/sass 5ms (cache hit)
966 silly packumentCache full:https://registry.npmjs.org/sass set size:747752 disposed:false
967 silly fetch manifest sass-embedded@*
968 silly packumentCache full:https://registry.npmjs.org/sass-embedded cache-miss
969 http cache https://registry.npmjs.org/sass-embedded 1ms (cache hit)
970 silly packumentCache full:https://registry.npmjs.org/sass-embedded set size:428375 disposed:false
971 silly fetch manifest stylus@*
972 silly packumentCache full:https://registry.npmjs.org/stylus cache-miss
973 http cache https://registry.npmjs.org/stylus 1ms (cache hit)
974 silly packumentCache full:https://registry.npmjs.org/stylus set size:286766 disposed:false
975 silly fetch manifest sugarss@*
976 silly packumentCache full:https://registry.npmjs.org/sugarss cache-miss
977 http cache https://registry.npmjs.org/sugarss 1ms (cache hit)
978 silly packumentCache full:https://registry.npmjs.org/sugarss set size:44975 disposed:false
979 silly fetch manifest typescript@^5.0.0
980 silly packumentCache full:https://registry.npmjs.org/typescript cache-miss
981 http cache https://registry.npmjs.org/typescript 14ms (cache hit)
982 silly packumentCache full:https://registry.npmjs.org/typescript set size:15576747 disposed:false
983 silly fetch manifest @azure/app-configuration@^1.8.0
984 silly packumentCache full:https://registry.npmjs.org/@azure%2fapp-configuration cache-miss
985 http fetch GET 200 https://registry.npmjs.org/@azure%2fapp-configuration 661ms (cache miss)
986 silly packumentCache full:https://registry.npmjs.org/@azure%2fapp-configuration set size:undefined disposed:false
987 silly fetch manifest @azure/cosmos@^4.2.0
988 silly packumentCache full:https://registry.npmjs.org/@azure%2fcosmos cache-miss
989 http fetch GET 200 https://registry.npmjs.org/@azure%2fcosmos 907ms (cache miss)
990 silly packumentCache full:https://registry.npmjs.org/@azure%2fcosmos set size:undefined disposed:false
991 silly fetch manifest @azure/data-tables@^13.3.0
992 silly packumentCache full:https://registry.npmjs.org/@azure%2fdata-tables cache-miss
993 http fetch GET 200 https://registry.npmjs.org/@azure%2fdata-tables 1173ms (cache miss)
994 silly packumentCache full:https://registry.npmjs.org/@azure%2fdata-tables set size:undefined disposed:false
995 silly fetch manifest @azure/identity@^4.6.0
996 silly packumentCache full:https://registry.npmjs.org/@azure%2fidentity cache-miss
997 http fetch GET 200 https://registry.npmjs.org/@azure%2fidentity 362ms (cache miss)
998 silly packumentCache full:https://registry.npmjs.org/@azure%2fidentity set size:undefined disposed:false
999 silly fetch manifest @azure/keyvault-secrets@^4.9.0
1000 silly packumentCache full:https://registry.npmjs.org/@azure%2fkeyvault-secrets cache-miss
1001 http fetch GET 200 https://registry.npmjs.org/@azure%2fkeyvault-secrets 614ms (cache miss)
1002 silly packumentCache full:https://registry.npmjs.org/@azure%2fkeyvault-secrets set size:undefined disposed:false
1003 silly fetch manifest @azure/storage-blob@^12.26.0
1004 silly packumentCache full:https://registry.npmjs.org/@azure%2fstorage-blob cache-miss
1005 http fetch GET 200 https://registry.npmjs.org/@azure%2fstorage-blob 367ms (cache miss)
1006 silly packumentCache full:https://registry.npmjs.org/@azure%2fstorage-blob set size:undefined disposed:false
1007 silly fetch manifest @capacitor/preferences@^6 || ^7 || ^8
1008 silly packumentCache full:https://registry.npmjs.org/@capacitor%2fpreferences cache-miss
1009 http fetch GET 200 https://registry.npmjs.org/@capacitor%2fpreferences 546ms (cache miss)
1010 silly packumentCache full:https://registry.npmjs.org/@capacitor%2fpreferences set size:undefined disposed:false
1011 silly fetch manifest @capacitor/core@>=8.0.0
1012 silly packumentCache full:https://registry.npmjs.org/@capacitor%2fcore cache-miss
1013 http fetch GET 200 https://registry.npmjs.org/@capacitor%2fcore 893ms (cache miss)
1014 silly packumentCache full:https://registry.npmjs.org/@capacitor%2fcore set size:undefined disposed:false
1015 silly fetch manifest @deno/kv@>=0.9.0
1016 silly packumentCache full:https://registry.npmjs.org/@deno%2fkv cache-miss
1017 http fetch GET 200 https://registry.npmjs.org/@deno%2fkv 784ms (cache miss)
1018 silly packumentCache full:https://registry.npmjs.org/@deno%2fkv set size:undefined disposed:false
1019 silly fetch manifest @netlify/blobs@^6.5.0 || ^7.0.0 || ^8.1.0 || ^9.0.0 || ^10.0.0
1020 silly packumentCache full:https://registry.npmjs.org/@netlify%2fblobs cache-miss
1021 http fetch GET 200 https://registry.npmjs.org/@netlify%2fblobs 910ms (cache miss)
1022 silly packumentCache full:https://registry.npmjs.org/@netlify%2fblobs set size:undefined disposed:false
1023 silly fetch manifest @planetscale/database@^1.19.0
1024 silly packumentCache full:https://registry.npmjs.org/@planetscale%2fdatabase cache-miss
1025 http fetch GET 200 https://registry.npmjs.org/@planetscale%2fdatabase 642ms (cache miss)
1026 silly packumentCache full:https://registry.npmjs.org/@planetscale%2fdatabase set size:undefined disposed:false
1027 silly fetch manifest @upstash/redis@^1.34.3
1028 silly packumentCache full:https://registry.npmjs.org/@upstash%2fredis cache-miss
1029 http fetch GET 200 https://registry.npmjs.org/@upstash%2fredis 619ms (cache miss)
1030 silly packumentCache full:https://registry.npmjs.org/@upstash%2fredis set size:undefined disposed:false
1031 silly fetch manifest @vercel/blob@>=0.27.1
1032 silly packumentCache full:https://registry.npmjs.org/@vercel%2fblob cache-miss
1033 http fetch GET 200 https://registry.npmjs.org/@vercel%2fblob 146ms (cache miss)
1034 silly packumentCache full:https://registry.npmjs.org/@vercel%2fblob set size:undefined disposed:false
1035 silly fetch manifest @vercel/functions@^2.2.12 || ^3.0.0
1036 silly packumentCache full:https://registry.npmjs.org/@vercel%2ffunctions cache-miss
1037 http fetch GET 200 https://registry.npmjs.org/@vercel%2ffunctions 459ms (cache miss)
1038 silly packumentCache full:https://registry.npmjs.org/@vercel%2ffunctions set size:undefined disposed:false
1039 silly fetch manifest @aws-sdk/credential-provider-web-identity@*
1040 silly packumentCache full:https://registry.npmjs.org/@aws-sdk%2fcredential-provider-web-identity cache-miss
1041 http fetch GET 200 https://registry.npmjs.org/@aws-sdk%2fcredential-provider-web-identity 313ms (cache miss)
1042 silly packumentCache full:https://registry.npmjs.org/@aws-sdk%2fcredential-provider-web-identity set size:undefined disposed:false
1043 silly fetch manifest ws@>=8
1044 silly packumentCache full:https://registry.npmjs.org/ws cache-miss
1045 http fetch GET 200 https://registry.npmjs.org/ws 71ms (cache miss)
1046 silly packumentCache full:https://registry.npmjs.org/ws set size:undefined disposed:false
1047 silly fetch manifest bufferutil@^4.0.1
1048 silly packumentCache full:https://registry.npmjs.org/bufferutil cache-miss
1049 http fetch GET 200 https://registry.npmjs.org/bufferutil 50ms (cache miss)
1050 silly packumentCache full:https://registry.npmjs.org/bufferutil set size:undefined disposed:false
1051 silly fetch manifest utf-8-validate@>=5.0.2
1052 silly packumentCache full:https://registry.npmjs.org/utf-8-validate cache-miss
1053 http fetch GET 200 https://registry.npmjs.org/utf-8-validate 61ms (cache miss)
1054 silly packumentCache full:https://registry.npmjs.org/utf-8-validate set size:undefined disposed:false
1055 silly fetch manifest @vercel/kv@^1 || ^2 || ^3
1056 silly packumentCache full:https://registry.npmjs.org/@vercel%2fkv cache-miss
1057 http fetch GET 200 https://registry.npmjs.org/@vercel%2fkv 845ms (cache miss)
1058 silly packumentCache full:https://registry.npmjs.org/@vercel%2fkv set size:undefined disposed:false
1059 silly fetch manifest aws4fetch@^1.0.20
1060 silly packumentCache full:https://registry.npmjs.org/aws4fetch cache-miss
1061 http fetch GET 200 https://registry.npmjs.org/aws4fetch 61ms (cache miss)
1062 silly packumentCache full:https://registry.npmjs.org/aws4fetch set size:undefined disposed:false
1063 silly fetch manifest db0@>=0.2.1
1064 silly packumentCache full:https://registry.npmjs.org/db0 cache-miss
1065 http fetch GET 200 https://registry.npmjs.org/db0 47ms (cache miss)
1066 silly packumentCache full:https://registry.npmjs.org/db0 set size:undefined disposed:false
1067 silly fetch manifest idb-keyval@^6.2.1
1068 silly packumentCache full:https://registry.npmjs.org/idb-keyval cache-miss
1069 http fetch GET 200 https://registry.npmjs.org/idb-keyval 59ms (cache miss)
1070 silly packumentCache full:https://registry.npmjs.org/idb-keyval set size:undefined disposed:false
1071 silly fetch manifest ioredis@^5.4.2
1072 silly packumentCache full:https://registry.npmjs.org/ioredis cache-miss
1073 http fetch GET 200 https://registry.npmjs.org/ioredis 303ms (cache miss)
1074 silly packumentCache full:https://registry.npmjs.org/ioredis set size:undefined disposed:false
1075 silly fetch manifest uploadthing@^7.4.4
1076 silly packumentCache full:https://registry.npmjs.org/uploadthing cache-miss
1077 http fetch GET 200 https://registry.npmjs.org/uploadthing 72ms (cache miss)
1078 silly packumentCache full:https://registry.npmjs.org/uploadthing set size:undefined disposed:false
1079 silly fetch manifest express@*
1080 silly packumentCache full:https://registry.npmjs.org/express cache-miss
1081 http fetch GET 200 https://registry.npmjs.org/express 78ms (cache miss)
1082 silly packumentCache full:https://registry.npmjs.org/express set size:undefined disposed:false
1083 silly fetch manifest h3@*
1084 silly packumentCache full:https://registry.npmjs.org/h3 cache-miss
1085 http fetch GET 200 https://registry.npmjs.org/h3 88ms (cache miss)
1086 silly packumentCache full:https://registry.npmjs.org/h3 set size:undefined disposed:false
1087 silly fetch manifest crossws@^0.4.12
1088 silly packumentCache full:https://registry.npmjs.org/crossws cache-miss
1089 http fetch GET 200 https://registry.npmjs.org/crossws 58ms (cache miss)
1090 silly packumentCache full:https://registry.npmjs.org/crossws set size:undefined disposed:false
1091 silly fetch manifest srvx@>=0.11.5
1092 silly packumentCache full:https://registry.npmjs.org/srvx cache-miss
1093 http fetch GET 200 https://registry.npmjs.org/srvx 68ms (cache miss)
1094 silly packumentCache full:https://registry.npmjs.org/srvx set size:undefined disposed:false
1095 silly fetch manifest ocache@>=0.3.0
1096 silly packumentCache full:https://registry.npmjs.org/ocache cache-miss
1097 http fetch GET 200 https://registry.npmjs.org/ocache 75ms (cache miss)
1098 silly packumentCache full:https://registry.npmjs.org/ocache set size:undefined disposed:false
1099 silly fetch manifest tailwindcss@^3.0.0 || ^4.0.0-beta.0
1100 silly packumentCache full:https://registry.npmjs.org/tailwindcss cache-miss
1101 http cache https://registry.npmjs.org/tailwindcss 25ms (cache hit)
1102 silly packumentCache full:https://registry.npmjs.org/tailwindcss set size:10868886 disposed:false
1103 silly fetch manifest typescript@^4.9.4 || ^5.0.2
1104 silly packumentCache full:https://registry.npmjs.org/typescript cache-miss
1105 http cache https://registry.npmjs.org/typescript 20ms (cache hit)
1106 silly packumentCache full:https://registry.npmjs.org/typescript set size:15576747 disposed:false
1107 silly fetch manifest rollup@^1.20.0||^2.0.0||^3.0.0||^4.0.0
1108 silly packumentCache full:https://registry.npmjs.org/rollup cache-miss
1109 http fetch GET 200 https://registry.npmjs.org/rollup 149ms (cache miss)
1110 silly packumentCache full:https://registry.npmjs.org/rollup set size:undefined disposed:false
1111 silly placeDep ROOT @astrojs/internal-helpers@0.7.6 OK for: astro@5.18.2 want: 0.7.6
1112 silly placeDep ROOT @astrojs/markdown-remark@6.3.11 OK for: astro@5.18.2 want: 6.3.11
1113 silly placeDep ROOT @astrojs/telemetry@3.3.0 OK for: astro@5.18.2 want: 3.3.0
1114 silly placeDep ROOT @capsizecss/unpack@4.0.1 OK for: astro@5.18.2 want: ^4.0.0
1115 silly placeDep ROOT @oslojs/encoding@1.1.0 OK for: astro@5.18.2 want: ^1.1.0
1116 silly placeDep ROOT @rollup/pluginutils@5.4.0 OK for: astro@5.18.2 want: ^5.3.0
1117 silly placeDep ROOT acorn@8.18.0 OK for: astro@5.18.2 want: ^8.15.0
1118 silly placeDep ROOT aria-query@5.3.2 OK for: astro@5.18.2 want: ^5.3.2
1119 silly placeDep ROOT axobject-query@4.1.0 OK for: astro@5.18.2 want: ^4.1.0
1120 silly placeDep ROOT boxen@8.0.1 OK for: astro@5.18.2 want: 8.0.1
1121 silly placeDep ROOT ci-info@4.4.0 OK for: astro@5.18.2 want: ^4.3.1
1122 silly placeDep ROOT clsx@2.1.1 OK for: astro@5.18.2 want: ^2.1.1
1123 silly placeDep ROOT common-ancestor-path@1.0.1 OK for: astro@5.18.2 want: ^1.0.1
1124 silly placeDep ROOT cookie@1.1.1 OK for: astro@5.18.2 want: ^1.1.1
1125 silly placeDep ROOT cssesc@3.0.0 OK for: astro@5.18.2 want: ^3.0.0
1126 silly placeDep ROOT debug@4.4.3 OK for: astro@5.18.2 want: ^4.4.3
1127 silly placeDep ROOT deterministic-object-hash@2.0.2 OK for: astro@5.18.2 want: ^2.0.2
1128 silly placeDep ROOT devalue@5.9.1 OK for: astro@5.18.2 want: ^5.6.2
1129 silly placeDep ROOT diff@8.0.4 OK for: astro@5.18.2 want: ^8.0.3
1130 silly placeDep ROOT dlv@1.1.3 OK for: astro@5.18.2 want: ^1.1.3
1131 silly placeDep ROOT dset@3.1.4 OK for: astro@5.18.2 want: ^3.1.4
1132 silly placeDep ROOT es-module-lexer@1.7.0 OK for: astro@5.18.2 want: ^1.7.0
1133 silly placeDep ROOT esbuild@0.27.7 OK for: astro@5.18.2 want: ^0.27.3
1134 silly placeDep ROOT estree-walker@3.0.3 OK for: astro@5.18.2 want: ^3.0.3
1135 silly placeDep ROOT flattie@1.1.1 OK for: astro@5.18.2 want: ^1.1.1
1136 silly placeDep ROOT fontace@0.4.1 OK for: astro@5.18.2 want: ~0.4.0
1137 silly placeDep ROOT github-slugger@2.0.0 OK for: astro@5.18.2 want: ^2.0.0
1138 silly placeDep ROOT html-escaper@3.0.3 OK for: astro@5.18.2 want: 3.0.3
1139 silly placeDep ROOT http-cache-semantics@4.2.0 OK for: astro@5.18.2 want: ^4.2.0
1140 silly placeDep ROOT import-meta-resolve@4.2.0 OK for: astro@5.18.2 want: ^4.2.0
1141 silly placeDep ROOT js-yaml@4.3.1 OK for: astro@5.18.2 want: ^4.1.1
1142 silly placeDep ROOT magicast@0.5.4 OK for: astro@5.18.2 want: ^0.5.1
1143 silly placeDep ROOT mrmime@2.0.1 OK for: astro@5.18.2 want: ^2.0.1
1144 silly placeDep ROOT neotraverse@0.6.18 OK for: astro@5.18.2 want: ^0.6.18
1145 silly placeDep ROOT p-limit@6.2.0 OK for: astro@5.18.2 want: ^6.2.0
1146 silly placeDep ROOT p-queue@8.1.1 OK for: astro@5.18.2 want: ^8.1.1
1147 silly placeDep ROOT package-manager-detector@1.8.0 OK for: astro@5.18.2 want: ^1.6.0
1148 silly placeDep ROOT piccolore@0.1.3 OK for: astro@5.18.2 want: ^0.1.3
1149 silly placeDep ROOT picomatch@4.0.5 OK for: astro@5.18.2 want: ^4.0.3
1150 silly placeDep ROOT prompts@2.4.2 OK for: astro@5.18.2 want: ^2.4.2
1151 silly placeDep ROOT rehype@13.0.2 OK for: astro@5.18.2 want: ^13.0.2
1152 silly placeDep ROOT semver@7.8.5 OK for: astro@5.18.2 want: ^7.7.3
1153 silly placeDep ROOT sharp@0.34.5 OK for: astro@5.18.2 want: ^0.34.0
1154 silly placeDep ROOT shiki@3.23.0 OK for: astro@5.18.2 want: ^3.21.0
1155 silly placeDep ROOT smol-toml@1.8.0 OK for: astro@5.18.2 want: ^1.6.0
1156 silly placeDep ROOT svgo@4.0.2 OK for: astro@5.18.2 want: ^4.0.0
1157 silly placeDep ROOT tinyexec@1.3.0 OK for: astro@5.18.2 want: ^1.0.2
1158 silly placeDep ROOT tsconfck@3.1.6 OK for: astro@5.18.2 want: ^3.1.6
1159 silly placeDep ROOT ultrahtml@1.7.0 OK for: astro@5.18.2 want: ^1.6.0
1160 silly placeDep ROOT unifont@0.7.5 OK for: astro@5.18.2 want: ~0.7.3
1161 silly placeDep ROOT unist-util-visit@5.1.0 OK for: astro@5.18.2 want: ^5.0.0
1162 silly placeDep ROOT unstorage@1.17.5 OK for: astro@5.18.2 want: ^1.17.4
1163 silly placeDep ROOT vfile@6.0.3 OK for: astro@5.18.2 want: ^6.0.3
1164 silly placeDep node_modules/astro vite@6.4.3 OK for: astro@5.18.2 want: ^6.4.1
1165 silly placeDep ROOT vitefu@1.1.3 OK for: astro@5.18.2 want: ^1.1.1
1166 silly placeDep ROOT xxhash-wasm@1.1.0 OK for: astro@5.18.2 want: ^1.1.0
1167 silly placeDep ROOT yargs-parser@21.1.1 OK for: astro@5.18.2 want: ^21.1.1
1168 silly placeDep ROOT yocto-spinner@0.2.3 OK for: astro@5.18.2 want: ^0.2.3
1169 silly placeDep node_modules/astro zod@3.25.76 OK for: astro@5.18.2 want: ^3.25.76
1170 silly placeDep ROOT zod-to-json-schema@3.25.2 OK for: astro@5.18.2 want: ^3.25.1
1171 silly placeDep node_modules/astro zod-to-ts@1.2.0 OK for: astro@5.18.2 want: ^1.2.0
1172 silly fetch manifest unified@^11.0.5
1173 silly packumentCache full:https://registry.npmjs.org/unified cache-miss
1174 silly fetch manifest rehype-raw@^7.0.0
1175 silly packumentCache full:https://registry.npmjs.org/rehype-raw cache-miss
1176 silly fetch manifest remark-gfm@^4.0.1
1177 silly packumentCache full:https://registry.npmjs.org/remark-gfm cache-miss
1178 silly fetch manifest remark-parse@^11.0.0
1179 silly packumentCache full:https://registry.npmjs.org/remark-parse cache-miss
1180 silly fetch manifest remark-rehype@^11.1.2
1181 silly packumentCache full:https://registry.npmjs.org/remark-rehype cache-miss
1182 silly fetch manifest @astrojs/prism@3.3.0
1183 silly packumentCache full:https://registry.npmjs.org/@astrojs%2fprism cache-miss
1184 silly fetch manifest rehype-stringify@^10.0.1
1185 silly packumentCache full:https://registry.npmjs.org/rehype-stringify cache-miss
1186 http fetch GET 200 https://registry.npmjs.org/rehype-raw 35ms (cache miss)
1187 silly packumentCache full:https://registry.npmjs.org/rehype-raw set size:undefined disposed:false
1188 silly fetch manifest hast-util-to-text@^4.0.2
1189 silly packumentCache full:https://registry.npmjs.org/hast-util-to-text cache-miss
1190 http fetch GET 200 https://registry.npmjs.org/unified 38ms (cache miss)
1191 silly packumentCache full:https://registry.npmjs.org/unified set size:undefined disposed:false
1192 silly fetch manifest remark-smartypants@^3.0.2
1193 silly packumentCache full:https://registry.npmjs.org/remark-smartypants cache-miss
1194 http fetch GET 200 https://registry.npmjs.org/remark-parse 41ms (cache miss)
1195 silly packumentCache full:https://registry.npmjs.org/remark-parse set size:undefined disposed:false
1196 silly fetch manifest hast-util-from-html@^2.0.3
1197 silly packumentCache full:https://registry.npmjs.org/hast-util-from-html cache-miss
1198 http fetch GET 200 https://registry.npmjs.org/remark-gfm 62ms (cache miss)
1199 silly packumentCache full:https://registry.npmjs.org/remark-gfm set size:undefined disposed:false
1200 silly fetch manifest mdast-util-definitions@^6.0.0
1201 silly packumentCache full:https://registry.npmjs.org/mdast-util-definitions cache-miss
1202 http fetch GET 200 https://registry.npmjs.org/remark-rehype 65ms (cache miss)
1203 silly packumentCache full:https://registry.npmjs.org/remark-rehype set size:undefined disposed:false
1204 silly fetch manifest unist-util-visit-parents@^6.0.2
1205 silly packumentCache full:https://registry.npmjs.org/unist-util-visit-parents cache-miss
1206 http fetch GET 200 https://registry.npmjs.org/unist-util-visit-parents 49ms (cache miss)
1207 silly packumentCache full:https://registry.npmjs.org/unist-util-visit-parents set size:undefined disposed:false
1208 silly fetch manifest unist-util-remove-position@^5.0.0
1209 silly packumentCache full:https://registry.npmjs.org/unist-util-remove-position cache-miss
1210 http fetch GET 200 https://registry.npmjs.org/unist-util-remove-position 52ms (cache miss)
1211 silly packumentCache full:https://registry.npmjs.org/unist-util-remove-position set size:undefined disposed:false
1212 silly fetch manifest debug@^4.4.0
1213 silly packumentCache full:https://registry.npmjs.org/debug cache-miss
1214 http cache https://registry.npmjs.org/debug 3ms (cache hit)
1215 silly packumentCache full:https://registry.npmjs.org/debug set size:195840 disposed:false
1216 silly fetch manifest is-wsl@^3.1.0
1217 silly packumentCache full:https://registry.npmjs.org/is-wsl cache-miss
1218 http fetch GET 200 https://registry.npmjs.org/is-wsl 49ms (cache miss)
1219 silly packumentCache full:https://registry.npmjs.org/is-wsl set size:undefined disposed:false
1220 silly fetch manifest ci-info@^4.2.0
1221 silly packumentCache full:https://registry.npmjs.org/ci-info cache-miss
1222 http cache https://registry.npmjs.org/ci-info 3ms (cache hit)
1223 silly packumentCache full:https://registry.npmjs.org/ci-info set size:91363 disposed:false
1224 silly fetch manifest is-docker@^3.0.0
1225 silly packumentCache full:https://registry.npmjs.org/is-docker cache-miss
1226 http fetch GET 200 https://registry.npmjs.org/is-docker 36ms (cache miss)
1227 silly packumentCache full:https://registry.npmjs.org/is-docker set size:undefined disposed:false
1228 silly fetch manifest which-pm-runs@^1.1.0
1229 silly packumentCache full:https://registry.npmjs.org/which-pm-runs cache-miss
1230 http fetch GET 200 https://registry.npmjs.org/remark-smartypants 268ms (cache miss)
1231 silly packumentCache full:https://registry.npmjs.org/remark-smartypants set size:undefined disposed:false
1232 silly fetch manifest fontkitten@^1.0.3
1233 silly packumentCache full:https://registry.npmjs.org/fontkitten cache-miss
1234 http fetch GET 200 https://registry.npmjs.org/rehype-stringify 311ms (cache miss)
1235 silly packumentCache full:https://registry.npmjs.org/rehype-stringify set size:undefined disposed:false
1236 silly fetch manifest @types/estree@^1.0.0
1237 silly packumentCache full:https://registry.npmjs.org/@types%2festree cache-miss
1238 http fetch GET 200 https://registry.npmjs.org/which-pm-runs 51ms (cache miss)
1239 silly packumentCache full:https://registry.npmjs.org/which-pm-runs set size:undefined disposed:false
1240 silly fetch manifest estree-walker@^2.0.2
1241 silly packumentCache full:https://registry.npmjs.org/estree-walker cache-miss
1242 http cache https://registry.npmjs.org/estree-walker 2ms (cache hit)
1243 silly packumentCache full:https://registry.npmjs.org/estree-walker set size:60887 disposed:false
1244 silly fetch manifest picomatch@^4.0.2
1245 silly packumentCache full:https://registry.npmjs.org/picomatch cache-hit
1246 silly fetch manifest ansi-align@^3.0.1
1247 silly packumentCache full:https://registry.npmjs.org/ansi-align cache-miss
1248 http fetch GET 200 https://registry.npmjs.org/hast-util-from-html 290ms (cache miss)
1249 silly packumentCache full:https://registry.npmjs.org/hast-util-from-html set size:undefined disposed:false
1250 silly fetch manifest camelcase@^8.0.0
1251 silly packumentCache full:https://registry.npmjs.org/camelcase cache-miss
1252 http fetch GET 200 https://registry.npmjs.org/mdast-util-definitions 276ms (cache miss)
1253 silly packumentCache full:https://registry.npmjs.org/mdast-util-definitions set size:undefined disposed:false
1254 silly fetch manifest chalk@^5.3.0
1255 silly packumentCache full:https://registry.npmjs.org/chalk cache-miss
1256 http fetch GET 200 https://registry.npmjs.org/hast-util-to-text 308ms (cache miss)
1257 silly packumentCache full:https://registry.npmjs.org/hast-util-to-text set size:undefined disposed:false
1258 silly fetch manifest cli-boxes@^3.0.0
1259 silly packumentCache full:https://registry.npmjs.org/cli-boxes cache-miss
1260 http fetch GET 200 https://registry.npmjs.org/@types%2festree 45ms (cache miss)
1261 silly packumentCache full:https://registry.npmjs.org/@types%2festree set size:undefined disposed:false
1262 silly fetch manifest string-width@^7.2.0
1263 silly packumentCache full:https://registry.npmjs.org/string-width cache-miss
1264 http fetch GET 200 https://registry.npmjs.org/fontkitten 50ms (cache miss)
1265 silly packumentCache full:https://registry.npmjs.org/fontkitten set size:undefined disposed:false
1266 silly fetch manifest type-fest@^4.21.0
1267 silly packumentCache full:https://registry.npmjs.org/type-fest cache-miss
1268 http fetch GET 200 https://registry.npmjs.org/ansi-align 42ms (cache miss)
1269 silly packumentCache full:https://registry.npmjs.org/ansi-align set size:undefined disposed:false
1270 silly fetch manifest widest-line@^5.0.0
1271 silly packumentCache full:https://registry.npmjs.org/widest-line cache-miss
1272 http cache https://registry.npmjs.org/string-width 5ms (cache hit)
1273 silly packumentCache full:https://registry.npmjs.org/string-width set size:72458 disposed:false
1274 silly fetch manifest wrap-ansi@^9.0.0
1275 silly packumentCache full:https://registry.npmjs.org/wrap-ansi cache-miss
1276 http fetch GET 200 https://registry.npmjs.org/cli-boxes 32ms (cache miss)
1277 silly packumentCache full:https://registry.npmjs.org/cli-boxes set size:undefined disposed:false
1278 silly fetch manifest ms@^2.1.3
1279 silly packumentCache full:https://registry.npmjs.org/ms cache-miss
1280 http fetch GET 200 https://registry.npmjs.org/camelcase 46ms (cache miss)
1281 silly packumentCache full:https://registry.npmjs.org/camelcase set size:undefined disposed:false
1282 silly fetch manifest base-64@^1.0.0
1283 silly packumentCache full:https://registry.npmjs.org/base-64 cache-miss
1284 http fetch GET 200 https://registry.npmjs.org/chalk 47ms (cache miss)
1285 silly packumentCache full:https://registry.npmjs.org/chalk set size:undefined disposed:false
1286 silly fetch manifest @esbuild/aix-ppc64@0.27.7
1287 silly packumentCache full:https://registry.npmjs.org/@esbuild%2faix-ppc64 cache-miss
1288 http fetch GET 200 https://registry.npmjs.org/wrap-ansi 41ms (cache miss)
1289 silly packumentCache full:https://registry.npmjs.org/wrap-ansi set size:undefined disposed:false
1290 silly fetch manifest @esbuild/linux-arm@0.27.7
1291 silly packumentCache full:https://registry.npmjs.org/@esbuild%2flinux-arm cache-miss
1292 http fetch GET 200 https://registry.npmjs.org/widest-line 44ms (cache miss)
1293 silly packumentCache full:https://registry.npmjs.org/widest-line set size:undefined disposed:false
1294 silly fetch manifest @esbuild/linux-x64@0.27.7
1295 silly packumentCache full:https://registry.npmjs.org/@esbuild%2flinux-x64 cache-miss
1296 http fetch GET 200 https://registry.npmjs.org/type-fest 53ms (cache miss)
1297 silly packumentCache full:https://registry.npmjs.org/type-fest set size:undefined disposed:false
1298 silly fetch manifest @esbuild/sunos-x64@0.27.7
1299 silly packumentCache full:https://registry.npmjs.org/@esbuild%2fsunos-x64 cache-miss
1300 http fetch GET 200 https://registry.npmjs.org/ms 56ms (cache miss)
1301 silly packumentCache full:https://registry.npmjs.org/ms set size:undefined disposed:false
1302 silly fetch manifest @esbuild/win32-x64@0.27.7
1303 silly packumentCache full:https://registry.npmjs.org/@esbuild%2fwin32-x64 cache-miss
1304 http fetch GET 200 https://registry.npmjs.org/@esbuild%2fsunos-x64 68ms (cache miss)
1305 silly packumentCache full:https://registry.npmjs.org/@esbuild%2fsunos-x64 set size:undefined disposed:false
1306 silly fetch manifest @esbuild/darwin-x64@0.27.7
1307 silly packumentCache full:https://registry.npmjs.org/@esbuild%2fdarwin-x64 cache-miss
1308 http fetch GET 200 https://registry.npmjs.org/@esbuild%2fwin32-x64 72ms (cache miss)
1309 silly packumentCache full:https://registry.npmjs.org/@esbuild%2fwin32-x64 set size:undefined disposed:false
1310 silly fetch manifest @esbuild/linux-ia32@0.27.7
1311 silly packumentCache full:https://registry.npmjs.org/@esbuild%2flinux-ia32 cache-miss
1312 http fetch GET 200 https://registry.npmjs.org/@esbuild%2flinux-x64 108ms (cache miss)
1313 silly packumentCache full:https://registry.npmjs.org/@esbuild%2flinux-x64 set size:undefined disposed:false
1314 silly fetch manifest @esbuild/netbsd-x64@0.27.7
1315 silly packumentCache full:https://registry.npmjs.org/@esbuild%2fnetbsd-x64 cache-miss
1316 http fetch GET 200 https://registry.npmjs.org/@esbuild%2fdarwin-x64 78ms (cache miss)
1317 silly packumentCache full:https://registry.npmjs.org/@esbuild%2fdarwin-x64 set size:undefined disposed:false
1318 silly fetch manifest @esbuild/win32-ia32@0.27.7
1319 silly packumentCache full:https://registry.npmjs.org/@esbuild%2fwin32-ia32 cache-miss
1320 http fetch GET 200 https://registry.npmjs.org/@esbuild%2flinux-ia32 77ms (cache miss)
1321 silly packumentCache full:https://registry.npmjs.org/@esbuild%2flinux-ia32 set size:undefined disposed:false
1322 silly fetch manifest @esbuild/android-arm@0.27.7
1323 silly packumentCache full:https://registry.npmjs.org/@esbuild%2fandroid-arm cache-miss
1324 http fetch GET 200 https://registry.npmjs.org/@esbuild%2fnetbsd-x64 80ms (cache miss)
1325 silly packumentCache full:https://registry.npmjs.org/@esbuild%2fnetbsd-x64 set size:undefined disposed:false
1326 silly fetch manifest @esbuild/android-x64@0.27.7
1327 silly packumentCache full:https://registry.npmjs.org/@esbuild%2fandroid-x64 cache-miss
1328 http fetch GET 200 https://registry.npmjs.org/@esbuild%2fwin32-ia32 62ms (cache miss)
1329 silly packumentCache full:https://registry.npmjs.org/@esbuild%2fwin32-ia32 set size:undefined disposed:false
1330 silly fetch manifest @esbuild/freebsd-x64@0.27.7
1331 silly packumentCache full:https://registry.npmjs.org/@esbuild%2ffreebsd-x64 cache-miss
1332 http fetch GET 200 https://registry.npmjs.org/@esbuild%2fandroid-arm 72ms (cache miss)
1333 silly packumentCache full:https://registry.npmjs.org/@esbuild%2fandroid-arm set size:undefined disposed:false
1334 silly fetch manifest @esbuild/linux-arm64@0.27.7
1335 silly packumentCache full:https://registry.npmjs.org/@esbuild%2flinux-arm64 cache-miss
1336 http fetch GET 200 https://registry.npmjs.org/@esbuild%2fandroid-x64 72ms (cache miss)
1337 silly packumentCache full:https://registry.npmjs.org/@esbuild%2fandroid-x64 set size:undefined disposed:false
1338 silly fetch manifest @esbuild/linux-ppc64@0.27.7
1339 silly packumentCache full:https://registry.npmjs.org/@esbuild%2flinux-ppc64 cache-miss
1340 http fetch GET 200 https://registry.npmjs.org/base-64 303ms (cache miss)
1341 silly packumentCache full:https://registry.npmjs.org/base-64 set size:undefined disposed:false
1342 silly fetch manifest @esbuild/linux-s390x@0.27.7
1343 silly packumentCache full:https://registry.npmjs.org/@esbuild%2flinux-s390x cache-miss
1344 http fetch GET 200 https://registry.npmjs.org/@esbuild%2flinux-arm 279ms (cache miss)
1345 silly packumentCache full:https://registry.npmjs.org/@esbuild%2flinux-arm set size:undefined disposed:false
1346 silly fetch manifest @esbuild/openbsd-x64@0.27.7
1347 silly packumentCache full:https://registry.npmjs.org/@esbuild%2fopenbsd-x64 cache-miss
1348 http fetch GET 200 https://registry.npmjs.org/@esbuild%2ffreebsd-x64 66ms (cache miss)
1349 silly packumentCache full:https://registry.npmjs.org/@esbuild%2ffreebsd-x64 set size:undefined disposed:false
1350 silly fetch manifest @esbuild/win32-arm64@0.27.7
1351 silly packumentCache full:https://registry.npmjs.org/@esbuild%2fwin32-arm64 cache-miss
1352 http fetch GET 200 https://registry.npmjs.org/@esbuild%2faix-ppc64 321ms (cache miss)
1353 silly packumentCache full:https://registry.npmjs.org/@esbuild%2faix-ppc64 set size:undefined disposed:false
1354 silly fetch manifest @esbuild/darwin-arm64@0.27.7
1355 silly packumentCache full:https://registry.npmjs.org/@esbuild%2fdarwin-arm64 cache-miss
1356 http fetch GET 200 https://registry.npmjs.org/@esbuild%2flinux-arm64 97ms (cache miss)
1357 silly packumentCache full:https://registry.npmjs.org/@esbuild%2flinux-arm64 set size:undefined disposed:false
1358 silly fetch manifest @esbuild/netbsd-arm64@0.27.7
1359 silly packumentCache full:https://registry.npmjs.org/@esbuild%2fnetbsd-arm64 cache-miss
1360 http fetch GET 200 https://registry.npmjs.org/@esbuild%2fopenbsd-x64 78ms (cache miss)
1361 silly packumentCache full:https://registry.npmjs.org/@esbuild%2fopenbsd-x64 set size:undefined disposed:false
1362 silly fetch manifest @esbuild/android-arm64@0.27.7
1363 silly packumentCache full:https://registry.npmjs.org/@esbuild%2fandroid-arm64 cache-miss
1364 http fetch GET 200 https://registry.npmjs.org/@esbuild%2flinux-s390x 113ms (cache miss)
1365 silly packumentCache full:https://registry.npmjs.org/@esbuild%2flinux-s390x set size:undefined disposed:false
1366 silly fetch manifest @esbuild/freebsd-arm64@0.27.7
1367 silly packumentCache full:https://registry.npmjs.org/@esbuild%2ffreebsd-arm64 cache-miss
1368 http fetch GET 200 https://registry.npmjs.org/@astrojs%2fprism 800ms (cache miss)
1369 silly packumentCache full:https://registry.npmjs.org/@astrojs%2fprism set size:undefined disposed:false
1370 silly fetch manifest @esbuild/linux-loong64@0.27.7
1371 silly packumentCache full:https://registry.npmjs.org/@esbuild%2flinux-loong64 cache-miss
1372 http fetch GET 200 https://registry.npmjs.org/@esbuild%2fnetbsd-arm64 53ms (cache miss)
1373 silly packumentCache full:https://registry.npmjs.org/@esbuild%2fnetbsd-arm64 set size:undefined disposed:false
1374 silly fetch manifest @esbuild/linux-riscv64@0.27.7
1375 silly packumentCache full:https://registry.npmjs.org/@esbuild%2flinux-riscv64 cache-miss
1376 http fetch GET 200 https://registry.npmjs.org/@esbuild%2fdarwin-arm64 114ms (cache miss)
1377 silly packumentCache full:https://registry.npmjs.org/@esbuild%2fdarwin-arm64 set size:undefined disposed:false
1378 silly fetch manifest @esbuild/openbsd-arm64@0.27.7
1379 silly packumentCache full:https://registry.npmjs.org/@esbuild%2fopenbsd-arm64 cache-miss
1380 http fetch GET 200 https://registry.npmjs.org/@esbuild%2fandroid-arm64 74ms (cache miss)
1381 silly packumentCache full:https://registry.npmjs.org/@esbuild%2fandroid-arm64 set size:undefined disposed:false
1382 silly fetch manifest @esbuild/linux-mips64el@0.27.7
1383 silly packumentCache full:https://registry.npmjs.org/@esbuild%2flinux-mips64el cache-miss
1384 http fetch GET 200 https://registry.npmjs.org/@esbuild%2ffreebsd-arm64 66ms (cache miss)
1385 silly packumentCache full:https://registry.npmjs.org/@esbuild%2ffreebsd-arm64 set size:undefined disposed:false
1386 silly fetch manifest @esbuild/openharmony-arm64@0.27.7
1387 silly packumentCache full:https://registry.npmjs.org/@esbuild%2fopenharmony-arm64 cache-miss
1388 http fetch GET 200 https://registry.npmjs.org/@esbuild%2flinux-riscv64 61ms (cache miss)
1389 silly packumentCache full:https://registry.npmjs.org/@esbuild%2flinux-riscv64 set size:undefined disposed:false
1390 silly fetch manifest fontkitten@^1.0.2
1391 silly packumentCache full:https://registry.npmjs.org/fontkitten cache-miss
1392 http cache https://registry.npmjs.org/fontkitten 2ms (cache hit)
1393 silly packumentCache full:https://registry.npmjs.org/fontkitten set size:43549 disposed:false
1394 silly fetch manifest argparse@^2.0.1
1395 silly packumentCache full:https://registry.npmjs.org/argparse cache-miss
1396 http fetch GET 200 https://registry.npmjs.org/@esbuild%2flinux-mips64el 74ms (cache miss)
1397 silly packumentCache full:https://registry.npmjs.org/@esbuild%2flinux-mips64el set size:undefined disposed:false
1398 silly fetch manifest @babel/types@^7.29.7
1399 silly packumentCache full:https://registry.npmjs.org/@babel%2ftypes cache-miss
1400 http fetch GET 200 https://registry.npmjs.org/@esbuild%2fopenharmony-arm64 53ms (cache miss)
1401 silly packumentCache full:https://registry.npmjs.org/@esbuild%2fopenharmony-arm64 set size:undefined disposed:false
1402 silly fetch manifest @babel/parser@^7.29.7
1403 silly packumentCache full:https://registry.npmjs.org/@babel%2fparser cache-miss
1404 http fetch GET 200 https://registry.npmjs.org/@esbuild%2flinux-loong64 147ms (cache miss)
1405 silly packumentCache full:https://registry.npmjs.org/@esbuild%2flinux-loong64 set size:undefined disposed:false
1406 silly fetch manifest yocto-queue@^1.1.1
1407 silly packumentCache full:https://registry.npmjs.org/yocto-queue cache-miss
1408 http fetch GET 200 https://registry.npmjs.org/@babel%2ftypes 71ms (cache miss)
1409 silly packumentCache full:https://registry.npmjs.org/@babel%2ftypes set size:undefined disposed:false
1410 silly fetch manifest p-timeout@^6.1.2
1411 silly packumentCache full:https://registry.npmjs.org/p-timeout cache-miss
1412 http fetch GET 200 https://registry.npmjs.org/@babel%2fparser 77ms (cache miss)
1413 silly packumentCache full:https://registry.npmjs.org/@babel%2fparser set size:undefined disposed:false
1414 silly fetch manifest eventemitter3@^5.0.1
1415 silly packumentCache full:https://registry.npmjs.org/eventemitter3 cache-miss
1416 http fetch GET 200 https://registry.npmjs.org/@esbuild%2fwin32-arm64 315ms (cache miss)
1417 silly packumentCache full:https://registry.npmjs.org/@esbuild%2fwin32-arm64 set size:undefined disposed:false
1418 silly fetch manifest kleur@^3.0.3
1419 silly packumentCache full:https://registry.npmjs.org/kleur cache-miss
1420 http cache https://registry.npmjs.org/kleur 2ms (cache hit)
1421 silly packumentCache full:https://registry.npmjs.org/kleur set size:61853 disposed:false
1422 silly fetch manifest sisteransi@^1.0.5
1423 silly packumentCache full:https://registry.npmjs.org/sisteransi cache-miss
1424 http fetch GET 200 https://registry.npmjs.org/p-timeout 42ms (cache miss)
1425 silly packumentCache full:https://registry.npmjs.org/p-timeout set size:undefined disposed:false
1426 silly fetch manifest @types/hast@^3.0.0
1427 silly packumentCache full:https://registry.npmjs.org/@types%2fhast cache-miss
1428 http fetch GET 200 https://registry.npmjs.org/eventemitter3 44ms (cache miss)
1429 silly packumentCache full:https://registry.npmjs.org/eventemitter3 set size:undefined disposed:false
1430 silly fetch manifest rehype-parse@^9.0.0
1431 silly packumentCache full:https://registry.npmjs.org/rehype-parse cache-miss
1432 http fetch GET 200 https://registry.npmjs.org/sisteransi 30ms (cache miss)
1433 silly packumentCache full:https://registry.npmjs.org/sisteransi set size:undefined disposed:false
1434 silly fetch manifest rehype-stringify@^10.0.0
1435 silly packumentCache full:https://registry.npmjs.org/rehype-stringify cache-miss
1436 http cache https://registry.npmjs.org/rehype-stringify 1ms (cache hit)
1437 silly packumentCache full:https://registry.npmjs.org/rehype-stringify set size:58160 disposed:false
1438 silly fetch manifest unified@^11.0.0
1439 silly packumentCache full:https://registry.npmjs.org/unified cache-miss
1440 http cache https://registry.npmjs.org/unified 2ms (cache hit)
1441 silly packumentCache full:https://registry.npmjs.org/unified set size:321787 disposed:false
1442 silly fetch manifest @img/colour@^1.0.0
1443 silly packumentCache full:https://registry.npmjs.org/@img%2fcolour cache-miss
1444 http fetch GET 200 https://registry.npmjs.org/@types%2fhast 58ms (cache miss)
1445 silly packumentCache full:https://registry.npmjs.org/@types%2fhast set size:undefined disposed:false
1446 silly fetch manifest detect-libc@^2.1.2
1447 silly packumentCache full:https://registry.npmjs.org/detect-libc cache-miss
1448 http fetch GET 200 https://registry.npmjs.org/@esbuild%2flinux-ppc64 422ms (cache miss)
1449 silly packumentCache full:https://registry.npmjs.org/@esbuild%2flinux-ppc64 set size:undefined disposed:false
1450 silly fetch manifest @img/sharp-wasm32@0.34.5
1451 silly packumentCache full:https://registry.npmjs.org/@img%2fsharp-wasm32 cache-miss
1452 http cache https://registry.npmjs.org/detect-libc 4ms (cache hit)
1453 silly packumentCache full:https://registry.npmjs.org/detect-libc set size:47861 disposed:false
1454 silly fetch manifest @img/sharp-linux-arm@0.34.5
1455 silly packumentCache full:https://registry.npmjs.org/@img%2fsharp-linux-arm cache-miss
1456 http fetch GET 200 https://registry.npmjs.org/@esbuild%2fopenbsd-arm64 280ms (cache miss)
1457 silly packumentCache full:https://registry.npmjs.org/@esbuild%2fopenbsd-arm64 set size:undefined disposed:false
1458 silly fetch manifest @img/sharp-linux-x64@0.34.5
1459 silly packumentCache full:https://registry.npmjs.org/@img%2fsharp-linux-x64 cache-miss
1460 http fetch GET 200 https://registry.npmjs.org/@img%2fsharp-linux-arm 55ms (cache miss)
1461 silly packumentCache full:https://registry.npmjs.org/@img%2fsharp-linux-arm set size:undefined disposed:false
1462 silly fetch manifest @img/sharp-win32-x64@0.34.5
1463 silly packumentCache full:https://registry.npmjs.org/@img%2fsharp-win32-x64 cache-miss
1464 http fetch GET 200 https://registry.npmjs.org/argparse 275ms (cache miss)
1465 silly packumentCache full:https://registry.npmjs.org/argparse set size:undefined disposed:false
1466 silly fetch manifest @img/sharp-darwin-x64@0.34.5
1467 silly packumentCache full:https://registry.npmjs.org/@img%2fsharp-darwin-x64 cache-miss
1468 http fetch GET 200 https://registry.npmjs.org/@img%2fsharp-linux-x64 89ms (cache miss)
1469 silly packumentCache full:https://registry.npmjs.org/@img%2fsharp-linux-x64 set size:undefined disposed:false
1470 silly fetch manifest @img/sharp-win32-ia32@0.34.5
1471 silly packumentCache full:https://registry.npmjs.org/@img%2fsharp-win32-ia32 cache-miss
1472 http fetch GET 200 https://registry.npmjs.org/@img%2fsharp-win32-x64 67ms (cache miss)
1473 silly packumentCache full:https://registry.npmjs.org/@img%2fsharp-win32-x64 set size:undefined disposed:false
1474 silly fetch manifest @img/sharp-linux-arm64@0.34.5
1475 silly packumentCache full:https://registry.npmjs.org/@img%2fsharp-linux-arm64 cache-miss
1476 http fetch GET 200 https://registry.npmjs.org/yocto-queue 278ms (cache miss)
1477 silly packumentCache full:https://registry.npmjs.org/yocto-queue set size:undefined disposed:false
1478 silly fetch manifest @img/sharp-linux-ppc64@0.34.5
1479 silly packumentCache full:https://registry.npmjs.org/@img%2fsharp-linux-ppc64 cache-miss
1480 http fetch GET 200 https://registry.npmjs.org/rehype-parse 271ms (cache miss)
1481 silly packumentCache full:https://registry.npmjs.org/rehype-parse set size:undefined disposed:false
1482 silly fetch manifest @img/sharp-linux-s390x@0.34.5
1483 silly packumentCache full:https://registry.npmjs.org/@img%2fsharp-linux-s390x cache-miss
1484 http fetch GET 200 https://registry.npmjs.org/@img%2fsharp-wasm32 301ms (cache miss)
1485 silly packumentCache full:https://registry.npmjs.org/@img%2fsharp-wasm32 set size:undefined disposed:false
1486 silly fetch manifest @img/sharp-win32-arm64@0.34.5
1487 silly packumentCache full:https://registry.npmjs.org/@img%2fsharp-win32-arm64 cache-miss
1488 http fetch GET 200 https://registry.npmjs.org/@img%2fsharp-linux-arm64 270ms (cache miss)
1489 silly packumentCache full:https://registry.npmjs.org/@img%2fsharp-linux-arm64 set size:undefined disposed:false
1490 silly fetch manifest @img/sharp-darwin-arm64@0.34.5
1491 silly packumentCache full:https://registry.npmjs.org/@img%2fsharp-darwin-arm64 cache-miss
1492 http fetch GET 200 https://registry.npmjs.org/@img%2fsharp-darwin-x64 339ms (cache miss)
1493 silly packumentCache full:https://registry.npmjs.org/@img%2fsharp-darwin-x64 set size:undefined disposed:false
1494 silly fetch manifest @img/sharp-linux-riscv64@0.34.5
1495 silly packumentCache full:https://registry.npmjs.org/@img%2fsharp-linux-riscv64 cache-miss
1496 http fetch GET 200 https://registry.npmjs.org/@img%2fsharp-linux-ppc64 343ms (cache miss)
1497 silly packumentCache full:https://registry.npmjs.org/@img%2fsharp-linux-ppc64 set size:undefined disposed:false
1498 silly fetch manifest @img/sharp-linuxmusl-x64@0.34.5
1499 silly packumentCache full:https://registry.npmjs.org/@img%2fsharp-linuxmusl-x64 cache-miss
1500 http fetch GET 200 https://registry.npmjs.org/@img%2fsharp-darwin-arm64 81ms (cache miss)
1501 silly packumentCache full:https://registry.npmjs.org/@img%2fsharp-darwin-arm64 set size:undefined disposed:false
1502 silly fetch manifest @img/sharp-linuxmusl-arm64@0.34.5
1503 silly packumentCache full:https://registry.npmjs.org/@img%2fsharp-linuxmusl-arm64 cache-miss
1504 http fetch GET 200 https://registry.npmjs.org/@img%2fcolour 533ms (cache miss)
1505 silly packumentCache full:https://registry.npmjs.org/@img%2fcolour set size:undefined disposed:false
1506 silly fetch manifest @img/sharp-libvips-linux-arm@1.2.4
1507 silly packumentCache full:https://registry.npmjs.org/@img%2fsharp-libvips-linux-arm cache-miss
1508 http fetch GET 200 https://registry.npmjs.org/@img%2fsharp-win32-ia32 388ms (cache miss)
1509 silly packumentCache full:https://registry.npmjs.org/@img%2fsharp-win32-ia32 set size:undefined disposed:false
1510 silly fetch manifest @img/sharp-libvips-linux-x64@1.2.4
1511 silly packumentCache full:https://registry.npmjs.org/@img%2fsharp-libvips-linux-x64 cache-miss
1512 http fetch GET 200 https://registry.npmjs.org/@img%2fsharp-linuxmusl-arm64 65ms (cache miss)
1513 silly packumentCache full:https://registry.npmjs.org/@img%2fsharp-linuxmusl-arm64 set size:undefined disposed:false
1514 silly fetch manifest @img/sharp-libvips-darwin-x64@1.2.4
1515 silly packumentCache full:https://registry.npmjs.org/@img%2fsharp-libvips-darwin-x64 cache-miss
1516 http fetch GET 200 https://registry.npmjs.org/@img%2fsharp-win32-arm64 317ms (cache miss)
1517 silly packumentCache full:https://registry.npmjs.org/@img%2fsharp-win32-arm64 set size:undefined disposed:false
1518 silly fetch manifest @img/sharp-libvips-linux-arm64@1.2.4
1519 silly packumentCache full:https://registry.npmjs.org/@img%2fsharp-libvips-linux-arm64 cache-miss
1520 http fetch GET 200 https://registry.npmjs.org/@img%2fsharp-libvips-darwin-x64 74ms (cache miss)
1521 silly packumentCache full:https://registry.npmjs.org/@img%2fsharp-libvips-darwin-x64 set size:undefined disposed:false
1522 silly fetch manifest @img/sharp-libvips-linux-ppc64@1.2.4
1523 silly packumentCache full:https://registry.npmjs.org/@img%2fsharp-libvips-linux-ppc64 cache-miss
1524 http fetch GET 200 https://registry.npmjs.org/@img%2fsharp-libvips-linux-ppc64 60ms (cache miss)
1525 silly packumentCache full:https://registry.npmjs.org/@img%2fsharp-libvips-linux-ppc64 set size:undefined disposed:false
1526 silly fetch manifest @img/sharp-libvips-linux-s390x@1.2.4
1527 silly packumentCache full:https://registry.npmjs.org/@img%2fsharp-libvips-linux-s390x cache-miss
1528 http fetch GET 200 https://registry.npmjs.org/@img%2fsharp-linux-riscv64 289ms (cache miss)
1529 silly packumentCache full:https://registry.npmjs.org/@img%2fsharp-linux-riscv64 set size:undefined disposed:false
1530 silly fetch manifest @img/sharp-libvips-darwin-arm64@1.2.4
1531 silly packumentCache full:https://registry.npmjs.org/@img%2fsharp-libvips-darwin-arm64 cache-miss
1532 http fetch GET 200 https://registry.npmjs.org/@img%2fsharp-libvips-darwin-arm64 78ms (cache miss)
1533 silly packumentCache full:https://registry.npmjs.org/@img%2fsharp-libvips-darwin-arm64 set size:undefined disposed:false
1534 silly fetch manifest @img/sharp-libvips-linux-riscv64@1.2.4
1535 silly packumentCache full:https://registry.npmjs.org/@img%2fsharp-libvips-linux-riscv64 cache-miss
1536 http fetch GET 200 https://registry.npmjs.org/@img%2fsharp-libvips-linux-x64 299ms (cache miss)
1537 silly packumentCache full:https://registry.npmjs.org/@img%2fsharp-libvips-linux-x64 set size:undefined disposed:false
1538 silly fetch manifest @img/sharp-libvips-linuxmusl-x64@1.2.4
1539 silly packumentCache full:https://registry.npmjs.org/@img%2fsharp-libvips-linuxmusl-x64 cache-miss
1540 http fetch GET 200 https://registry.npmjs.org/@img%2fsharp-linuxmusl-x64 334ms (cache miss)
1541 silly packumentCache full:https://registry.npmjs.org/@img%2fsharp-linuxmusl-x64 set size:undefined disposed:false
1542 silly fetch manifest @img/sharp-libvips-linuxmusl-arm64@1.2.4
1543 silly packumentCache full:https://registry.npmjs.org/@img%2fsharp-libvips-linuxmusl-arm64 cache-miss
1544 http fetch GET 200 https://registry.npmjs.org/@img%2fsharp-libvips-linux-arm 326ms (cache miss)
1545 silly packumentCache full:https://registry.npmjs.org/@img%2fsharp-libvips-linux-arm set size:undefined disposed:false
1546 silly fetch manifest @types/hast@^3.0.4
1547 silly packumentCache full:https://registry.npmjs.org/@types%2fhast cache-miss
1548 http cache https://registry.npmjs.org/@types%2fhast 2ms (cache hit)
1549 silly packumentCache full:https://registry.npmjs.org/@types%2fhast set size:35254 disposed:false
1550 silly fetch manifest @shikijs/core@3.23.0
1551 silly packumentCache full:https://registry.npmjs.org/@shikijs%2fcore cache-miss
1552 http fetch GET 200 https://registry.npmjs.org/@img%2fsharp-libvips-linux-riscv64 64ms (cache miss)
1553 silly packumentCache full:https://registry.npmjs.org/@img%2fsharp-libvips-linux-riscv64 set size:undefined disposed:false
1554 silly fetch manifest @shikijs/langs@3.23.0
1555 silly packumentCache full:https://registry.npmjs.org/@shikijs%2flangs cache-miss
1556 http fetch GET 200 https://registry.npmjs.org/@img%2fsharp-libvips-linux-s390x 270ms (cache miss)
1557 silly packumentCache full:https://registry.npmjs.org/@img%2fsharp-libvips-linux-s390x set size:undefined disposed:false
1558 silly fetch manifest @shikijs/types@3.23.0
1559 silly packumentCache full:https://registry.npmjs.org/@shikijs%2ftypes cache-miss
1560 http fetch GET 200 https://registry.npmjs.org/@shikijs%2ftypes 64ms (cache miss)
1561 silly packumentCache full:https://registry.npmjs.org/@shikijs%2ftypes set size:undefined disposed:false
1562 silly fetch manifest @shikijs/themes@3.23.0
1563 silly packumentCache full:https://registry.npmjs.org/@shikijs%2fthemes cache-miss
1564 http fetch GET 200 https://registry.npmjs.org/@img%2fsharp-linux-s390x 839ms (cache miss)
1565 silly packumentCache full:https://registry.npmjs.org/@img%2fsharp-linux-s390x set size:undefined disposed:false
1566 silly fetch manifest @shikijs/vscode-textmate@^10.0.2
1567 silly packumentCache full:https://registry.npmjs.org/@shikijs%2fvscode-textmate cache-miss
1568 http fetch GET 200 https://registry.npmjs.org/@img%2fsharp-libvips-linuxmusl-x64 344ms (cache miss)
1569 silly packumentCache full:https://registry.npmjs.org/@img%2fsharp-libvips-linuxmusl-x64 set size:undefined disposed:false
1570 silly fetch manifest @shikijs/engine-oniguruma@3.23.0
1571 silly packumentCache full:https://registry.npmjs.org/@shikijs%2fengine-oniguruma cache-miss
1572 http fetch GET 200 https://registry.npmjs.org/@img%2fsharp-libvips-linux-arm64 522ms (cache miss)
1573 silly packumentCache full:https://registry.npmjs.org/@img%2fsharp-libvips-linux-arm64 set size:undefined disposed:false
1574 silly fetch manifest @shikijs/engine-javascript@3.23.0
1575 silly packumentCache full:https://registry.npmjs.org/@shikijs%2fengine-javascript cache-miss
1576 http fetch GET 200 https://registry.npmjs.org/@img%2fsharp-libvips-linuxmusl-arm64 341ms (cache miss)
1577 silly packumentCache full:https://registry.npmjs.org/@img%2fsharp-libvips-linuxmusl-arm64 set size:undefined disposed:false
1578 silly fetch manifest sax@^1.5.0
1579 silly packumentCache full:https://registry.npmjs.org/sax cache-miss
1580 http cache https://registry.npmjs.org/sax 2ms (cache hit)
1581 silly packumentCache full:https://registry.npmjs.org/sax set size:92982 disposed:false
1582 silly fetch manifest csso@^5.0.5
1583 silly packumentCache full:https://registry.npmjs.org/csso cache-miss
1584 http fetch GET 200 https://registry.npmjs.org/csso 77ms (cache miss)
1585 silly packumentCache full:https://registry.npmjs.org/csso set size:undefined disposed:false
1586 silly fetch manifest css-tree@^3.0.1
1587 silly packumentCache full:https://registry.npmjs.org/css-tree cache-miss
1588 http fetch GET 200 https://registry.npmjs.org/@shikijs%2fthemes 262ms (cache miss)
1589 silly packumentCache full:https://registry.npmjs.org/@shikijs%2fthemes set size:undefined disposed:false
1590 silly fetch manifest css-what@^6.1.0
1591 silly packumentCache full:https://registry.npmjs.org/css-what cache-miss
1592 http fetch GET 200 https://registry.npmjs.org/css-tree 57ms (cache miss)
1593 silly packumentCache full:https://registry.npmjs.org/css-tree set size:undefined disposed:false
1594 silly fetch manifest commander@^11.1.0
1595 silly packumentCache full:https://registry.npmjs.org/commander cache-miss
1596 http fetch GET 200 https://registry.npmjs.org/@shikijs%2fcore 501ms (cache miss)
1597 silly packumentCache full:https://registry.npmjs.org/@shikijs%2fcore set size:undefined disposed:false
1598 silly fetch manifest css-select@^5.1.0
1599 silly packumentCache full:https://registry.npmjs.org/css-select cache-miss
1600 http fetch GET 200 https://registry.npmjs.org/css-what 51ms (cache miss)
1601 silly packumentCache full:https://registry.npmjs.org/css-what set size:undefined disposed:false
1602 silly fetch manifest picocolors@^1.1.1
1603 silly packumentCache full:https://registry.npmjs.org/picocolors cache-miss
1604 http fetch GET 200 https://registry.npmjs.org/commander 54ms (cache miss)
1605 silly packumentCache full:https://registry.npmjs.org/commander set size:undefined disposed:false
1606 silly fetch manifest ohash@^2.0.11
1607 silly packumentCache full:https://registry.npmjs.org/ohash cache-miss
1608 http fetch GET 200 https://registry.npmjs.org/css-select 43ms (cache miss)
1609 silly packumentCache full:https://registry.npmjs.org/css-select set size:undefined disposed:false
1610 silly fetch manifest undici@^8.0.0
1611 silly packumentCache full:https://registry.npmjs.org/undici cache-miss
1612 http fetch GET 200 https://registry.npmjs.org/@shikijs%2flangs 546ms (cache miss)
1613 silly packumentCache full:https://registry.npmjs.org/@shikijs%2flangs set size:undefined disposed:false
1614 silly fetch manifest css-tree@^3.1.0
1615 silly packumentCache full:https://registry.npmjs.org/css-tree cache-miss
1616 http cache https://registry.npmjs.org/css-tree 2ms (cache hit)
1617 silly packumentCache full:https://registry.npmjs.org/css-tree set size:229638 disposed:false
1618 silly fetch manifest @types/unist@^3.0.0
1619 silly packumentCache full:https://registry.npmjs.org/@types%2funist cache-miss
1620 http fetch GET 200 https://registry.npmjs.org/picocolors 50ms (cache miss)
1621 silly packumentCache full:https://registry.npmjs.org/picocolors set size:undefined disposed:false
1622 silly fetch manifest unist-util-is@^6.0.0
1623 silly packumentCache full:https://registry.npmjs.org/unist-util-is cache-miss
1624 http fetch GET 200 https://registry.npmjs.org/ohash 45ms (cache miss)
1625 silly packumentCache full:https://registry.npmjs.org/ohash set size:undefined disposed:false
1626 silly fetch manifest unist-util-visit-parents@^6.0.0
1627 silly packumentCache full:https://registry.npmjs.org/unist-util-visit-parents cache-miss
1628 http cache https://registry.npmjs.org/unist-util-visit-parents 2ms (cache hit)
1629 silly packumentCache full:https://registry.npmjs.org/unist-util-visit-parents set size:103476 disposed:false
1630 silly fetch manifest h3@^1.15.10
1631 silly packumentCache full:https://registry.npmjs.org/h3 cache-miss
1632 http cache https://registry.npmjs.org/h3 1ms (cache hit)
1633 silly packumentCache full:https://registry.npmjs.org/h3 set size:479788 disposed:false
1634 silly fetch manifest ufo@^1.6.3
1635 silly packumentCache full:https://registry.npmjs.org/ufo cache-miss
1636 http fetch GET 200 https://registry.npmjs.org/undici 57ms (cache miss)
1637 silly packumentCache full:https://registry.npmjs.org/undici set size:undefined disposed:false
1638 silly fetch manifest destr@^2.0.5
1639 silly packumentCache full:https://registry.npmjs.org/destr cache-miss
1640 http fetch GET 200 https://registry.npmjs.org/unist-util-is 51ms (cache miss)
1641 silly packumentCache full:https://registry.npmjs.org/unist-util-is set size:undefined disposed:false
1642 silly fetch manifest ofetch@^1.5.1
1643 silly packumentCache full:https://registry.npmjs.org/ofetch cache-miss
1644 http fetch GET 200 https://registry.npmjs.org/ufo 48ms (cache miss)
1645 silly packumentCache full:https://registry.npmjs.org/ufo set size:undefined disposed:false
1646 silly fetch manifest anymatch@^3.1.3
1647 silly packumentCache full:https://registry.npmjs.org/anymatch cache-miss
1648 http fetch GET 200 https://registry.npmjs.org/@shikijs%2fengine-javascript 335ms (cache miss)
1649 silly packumentCache full:https://registry.npmjs.org/@shikijs%2fengine-javascript set size:undefined disposed:false
1650 silly fetch manifest chokidar@^5.0.0
1651 silly packumentCache full:https://registry.npmjs.org/chokidar cache-miss
1652 http cache https://registry.npmjs.org/chokidar 1ms (cache hit)
1653 silly packumentCache full:https://registry.npmjs.org/chokidar set size:255902 disposed:false
1654 silly fetch manifest lru-cache@^11.2.7
1655 silly packumentCache full:https://registry.npmjs.org/lru-cache cache-miss
1656 http fetch GET 200 https://registry.npmjs.org/ofetch 56ms (cache miss)
1657 silly packumentCache full:https://registry.npmjs.org/ofetch set size:undefined disposed:false
1658 silly fetch manifest node-fetch-native@^1.6.7
1659 silly packumentCache full:https://registry.npmjs.org/node-fetch-native cache-miss
1660 http fetch GET 200 https://registry.npmjs.org/anymatch 41ms (cache miss)
1661 silly packumentCache full:https://registry.npmjs.org/anymatch set size:undefined disposed:false
1662 silly fetch manifest @types/unist@^3.0.0
1663 silly packumentCache full:https://registry.npmjs.org/@types%2funist cache-miss
1664 http fetch GET 200 https://registry.npmjs.org/lru-cache 43ms (cache miss)
1665 silly packumentCache full:https://registry.npmjs.org/lru-cache set size:undefined disposed:false
1666 silly fetch manifest vfile-message@^4.0.0
1667 silly packumentCache full:https://registry.npmjs.org/vfile-message cache-miss
1668 http fetch GET 200 https://registry.npmjs.org/node-fetch-native 54ms (cache miss)
1669 silly packumentCache full:https://registry.npmjs.org/node-fetch-native set size:undefined disposed:false
1670 silly fetch manifest fdir@^6.4.4
1671 silly packumentCache full:https://registry.npmjs.org/fdir cache-miss
1672 http cache https://registry.npmjs.org/fdir 2ms (cache hit)
1673 silly packumentCache full:https://registry.npmjs.org/fdir set size:136182 disposed:false
1674 silly fetch manifest rollup@^4.34.9
1675 silly packumentCache full:https://registry.npmjs.org/rollup cache-miss
1676 http cache https://registry.npmjs.org/rollup 9ms (cache hit)
1677 silly packumentCache full:https://registry.npmjs.org/rollup set size:6291077 disposed:false
1678 silly fetch manifest esbuild@^0.25.0
1679 silly packumentCache full:https://registry.npmjs.org/esbuild cache-miss
1680 http fetch GET 200 https://registry.npmjs.org/vfile-message 63ms (cache miss)
1681 silly packumentCache full:https://registry.npmjs.org/vfile-message set size:undefined disposed:false
1682 silly fetch manifest postcss@^8.5.3
1683 silly packumentCache full:https://registry.npmjs.org/postcss cache-hit
1684 silly fetch manifest yoctocolors@^2.1.1
1685 silly packumentCache full:https://registry.npmjs.org/yoctocolors cache-miss
1686 http cache https://registry.npmjs.org/esbuild 5ms (cache hit)
1687 silly packumentCache full:https://registry.npmjs.org/esbuild set size:1264676 disposed:false
1688 http fetch GET 200 https://registry.npmjs.org/yoctocolors 56ms (cache miss)
1689 silly packumentCache full:https://registry.npmjs.org/yoctocolors set size:undefined disposed:false
1690 http fetch GET 200 https://registry.npmjs.org/@types%2funist 161ms (cache miss)
1691 silly packumentCache full:https://registry.npmjs.org/@types%2funist set size:undefined disposed:false
1692 http fetch GET 200 https://registry.npmjs.org/@types%2funist 281ms (cache miss)
1693 silly packumentCache full:https://registry.npmjs.org/@types%2funist set size:undefined disposed:false
1694 http fetch GET 200 https://registry.npmjs.org/destr 292ms (cache miss)
1695 silly packumentCache full:https://registry.npmjs.org/destr set size:undefined disposed:false
1696 http fetch GET 200 https://registry.npmjs.org/@shikijs%2fengine-oniguruma 635ms (cache miss)
1697 silly packumentCache full:https://registry.npmjs.org/@shikijs%2fengine-oniguruma set size:undefined disposed:false
1698 http fetch GET 200 https://registry.npmjs.org/@shikijs%2fvscode-textmate 783ms (cache miss)
1699 silly packumentCache full:https://registry.npmjs.org/@shikijs%2fvscode-textmate set size:undefined disposed:false
1700 silly placeDep ROOT @astrojs/prism@3.3.0 OK for: @astrojs/markdown-remark@6.3.11 want: 3.3.0
1701 silly placeDep ROOT hast-util-from-html@2.0.3 OK for: @astrojs/markdown-remark@6.3.11 want: ^2.0.3
1702 silly placeDep ROOT hast-util-to-text@4.0.2 OK for: @astrojs/markdown-remark@6.3.11 want: ^4.0.2
1703 silly placeDep ROOT mdast-util-definitions@6.0.0 OK for: @astrojs/markdown-remark@6.3.11 want: ^6.0.0
1704 silly placeDep ROOT rehype-raw@7.0.0 OK for: @astrojs/markdown-remark@6.3.11 want: ^7.0.0
1705 silly placeDep ROOT rehype-stringify@10.0.1 OK for: @astrojs/markdown-remark@6.3.11 want: ^10.0.1
1706 silly placeDep ROOT remark-gfm@4.0.1 OK for: @astrojs/markdown-remark@6.3.11 want: ^4.0.1
1707 silly placeDep ROOT remark-parse@11.0.0 OK for: @astrojs/markdown-remark@6.3.11 want: ^11.0.0
1708 silly placeDep ROOT remark-rehype@11.1.2 OK for: @astrojs/markdown-remark@6.3.11 want: ^11.1.2
1709 silly placeDep ROOT remark-smartypants@3.0.3 OK for: @astrojs/markdown-remark@6.3.11 want: ^3.0.2
1710 silly placeDep ROOT unified@11.0.5 OK for: @astrojs/markdown-remark@6.3.11 want: ^11.0.5
1711 silly placeDep ROOT unist-util-remove-position@5.0.0 OK for: @astrojs/markdown-remark@6.3.11 want: ^5.0.0
1712 silly placeDep ROOT unist-util-visit-parents@6.0.2 OK for: @astrojs/markdown-remark@6.3.11 want: ^6.0.2
1713 silly fetch manifest prismjs@^1.30.0
1714 silly packumentCache full:https://registry.npmjs.org/prismjs cache-miss
1715 silly fetch manifest devlop@^1.1.0
1716 silly packumentCache full:https://registry.npmjs.org/devlop cache-miss
1717 silly fetch manifest hast-util-from-parse5@^8.0.0
1718 silly packumentCache full:https://registry.npmjs.org/hast-util-from-parse5 cache-miss
1719 silly fetch manifest parse5@^7.0.0
1720 silly packumentCache full:https://registry.npmjs.org/parse5 cache-miss
1721 silly fetch manifest hast-util-is-element@^3.0.0
1722 silly packumentCache full:https://registry.npmjs.org/hast-util-is-element cache-miss
1723 silly fetch manifest unist-util-find-after@^5.0.0
1724 silly packumentCache full:https://registry.npmjs.org/unist-util-find-after cache-miss
1725 silly fetch manifest @types/mdast@^4.0.0
1726 silly packumentCache full:https://registry.npmjs.org/@types%2fmdast cache-miss
1727 http fetch GET 200 https://registry.npmjs.org/parse5 39ms (cache miss)
1728 silly packumentCache full:https://registry.npmjs.org/parse5 set size:undefined disposed:false
1729 silly fetch manifest hast-util-raw@^9.0.0
1730 silly packumentCache full:https://registry.npmjs.org/hast-util-raw cache-miss
1731 http fetch GET 200 https://registry.npmjs.org/devlop 51ms (cache miss)
1732 silly packumentCache full:https://registry.npmjs.org/devlop set size:undefined disposed:false
1733 silly fetch manifest hast-util-to-html@^9.0.0
1734 silly packumentCache full:https://registry.npmjs.org/hast-util-to-html cache-miss
1735 http fetch GET 200 https://registry.npmjs.org/hast-util-is-element 51ms (cache miss)
1736 silly packumentCache full:https://registry.npmjs.org/hast-util-is-element set size:undefined disposed:false
1737 silly fetch manifest @types/mdast@^4.0.0
1738 silly packumentCache full:https://registry.npmjs.org/@types%2fmdast cache-miss
1739 http fetch GET 200 https://registry.npmjs.org/prismjs 64ms (cache miss)
1740 silly packumentCache full:https://registry.npmjs.org/prismjs set size:undefined disposed:false
1741 silly fetch manifest mdast-util-gfm@^3.0.0
1742 silly packumentCache full:https://registry.npmjs.org/mdast-util-gfm cache-miss
1743 http fetch GET 200 https://registry.npmjs.org/hast-util-raw 40ms (cache miss)
1744 silly packumentCache full:https://registry.npmjs.org/hast-util-raw set size:undefined disposed:false
1745 silly fetch manifest micromark-extension-gfm@^3.0.0
1746 silly packumentCache full:https://registry.npmjs.org/micromark-extension-gfm cache-miss
1747 http fetch GET 200 https://registry.npmjs.org/@types%2fmdast 54ms (cache miss)
1748 silly packumentCache full:https://registry.npmjs.org/@types%2fmdast set size:undefined disposed:false
1749 silly fetch manifest remark-stringify@^11.0.0
1750 silly packumentCache full:https://registry.npmjs.org/remark-stringify cache-miss
1751 http fetch GET 200 https://registry.npmjs.org/remark-stringify 49ms (cache miss)
1752 silly packumentCache full:https://registry.npmjs.org/remark-stringify set size:undefined disposed:false
1753 silly fetch manifest mdast-util-from-markdown@^2.0.0
1754 silly packumentCache full:https://registry.npmjs.org/mdast-util-from-markdown cache-miss
1755 http fetch GET 200 https://registry.npmjs.org/mdast-util-from-markdown 56ms (cache miss)
1756 silly packumentCache full:https://registry.npmjs.org/mdast-util-from-markdown set size:undefined disposed:false
1757 silly fetch manifest micromark-util-types@^2.0.0
1758 silly packumentCache full:https://registry.npmjs.org/micromark-util-types cache-miss
1759 http fetch GET 200 https://registry.npmjs.org/micromark-util-types 51ms (cache miss)
1760 silly packumentCache full:https://registry.npmjs.org/micromark-util-types set size:undefined disposed:false
1761 silly fetch manifest mdast-util-to-hast@^13.0.0
1762 silly packumentCache full:https://registry.npmjs.org/mdast-util-to-hast cache-miss
1763 http fetch GET 200 https://registry.npmjs.org/hast-util-from-parse5 300ms (cache miss)
1764 silly packumentCache full:https://registry.npmjs.org/hast-util-from-parse5 set size:undefined disposed:false
1765 silly fetch manifest retext@^9.0.0
1766 silly packumentCache full:https://registry.npmjs.org/retext cache-miss
1767 http fetch GET 200 https://registry.npmjs.org/@types%2fmdast 305ms (cache miss)
1768 silly packumentCache full:https://registry.npmjs.org/@types%2fmdast set size:undefined disposed:false
1769 silly fetch manifest retext-smartypants@^6.0.0
1770 silly packumentCache full:https://registry.npmjs.org/retext-smartypants cache-miss
1771 http fetch GET 200 https://registry.npmjs.org/unist-util-find-after 313ms (cache miss)
1772 silly packumentCache full:https://registry.npmjs.org/unist-util-find-after set size:undefined disposed:false
1773 silly fetch manifest unified@^11.0.4
1774 silly packumentCache full:https://registry.npmjs.org/unified cache-hit
1775 silly fetch manifest bail@^2.0.0
1776 silly packumentCache full:https://registry.npmjs.org/bail cache-miss
1777 http fetch GET 200 https://registry.npmjs.org/hast-util-to-html 282ms (cache miss)
1778 silly packumentCache full:https://registry.npmjs.org/hast-util-to-html set size:undefined disposed:false
1779 silly fetch manifest devlop@^1.0.0
1780 silly packumentCache full:https://registry.npmjs.org/devlop cache-miss
1781 http fetch GET 200 https://registry.npmjs.org/mdast-util-to-hast 63ms (cache miss)
1782 silly packumentCache full:https://registry.npmjs.org/mdast-util-to-hast set size:undefined disposed:false
1783 silly fetch manifest extend@^3.0.0
1784 silly packumentCache full:https://registry.npmjs.org/extend cache-miss
1785 http cache https://registry.npmjs.org/devlop 5ms (cache hit)
1786 silly packumentCache full:https://registry.npmjs.org/devlop set size:16868 disposed:false
1787 silly fetch manifest is-plain-obj@^4.0.0
1788 silly packumentCache full:https://registry.npmjs.org/is-plain-obj cache-miss
1789 http fetch GET 200 https://registry.npmjs.org/mdast-util-gfm 279ms (cache miss)
1790 silly packumentCache full:https://registry.npmjs.org/mdast-util-gfm set size:undefined disposed:false
1791 silly fetch manifest trough@^2.0.0
1792 silly packumentCache full:https://registry.npmjs.org/trough cache-miss
1793 http fetch GET 200 https://registry.npmjs.org/bail 41ms (cache miss)
1794 silly packumentCache full:https://registry.npmjs.org/bail set size:undefined disposed:false
1795 http fetch GET 200 https://registry.npmjs.org/micromark-extension-gfm 284ms (cache miss)
1796 silly packumentCache full:https://registry.npmjs.org/micromark-extension-gfm set size:undefined disposed:false
1797 http fetch GET 200 https://registry.npmjs.org/is-plain-obj 48ms (cache miss)
1798 silly packumentCache full:https://registry.npmjs.org/is-plain-obj set size:undefined disposed:false
1799 http fetch GET 200 https://registry.npmjs.org/extend 52ms (cache miss)
1800 silly packumentCache full:https://registry.npmjs.org/extend set size:undefined disposed:false
1801 http fetch GET 200 https://registry.npmjs.org/retext-smartypants 276ms (cache miss)
1802 silly packumentCache full:https://registry.npmjs.org/retext-smartypants set size:undefined disposed:false
1803 http fetch GET 200 https://registry.npmjs.org/retext 308ms (cache miss)
1804 silly packumentCache full:https://registry.npmjs.org/retext set size:undefined disposed:false
1805 http fetch GET 200 https://registry.npmjs.org/trough 288ms (cache miss)
1806 silly packumentCache full:https://registry.npmjs.org/trough set size:undefined disposed:false
1807 silly placeDep ROOT prismjs@1.30.0 OK for: @astrojs/prism@3.3.0 want: ^1.30.0
1808 silly placeDep ROOT is-docker@3.0.0 OK for: @astrojs/telemetry@3.3.0 want: ^3.0.0
1809 silly placeDep ROOT is-wsl@3.1.1 OK for: @astrojs/telemetry@3.3.0 want: ^3.1.0
1810 silly placeDep ROOT which-pm-runs@1.1.0 OK for: @astrojs/telemetry@3.3.0 want: ^1.1.0
1811 silly fetch manifest is-inside-container@^1.0.0
1812 silly packumentCache full:https://registry.npmjs.org/is-inside-container cache-miss
1813 http fetch GET 200 https://registry.npmjs.org/is-inside-container 41ms (cache miss)
1814 silly packumentCache full:https://registry.npmjs.org/is-inside-container set size:undefined disposed:false
1815 silly placeDep ROOT fontkitten@1.0.3 OK for: @capsizecss/unpack@4.0.1 want: ^1.0.3
1816 silly fetch manifest tiny-inflate@^1.0.3
1817 silly packumentCache full:https://registry.npmjs.org/tiny-inflate cache-miss
1818 http fetch GET 200 https://registry.npmjs.org/tiny-inflate 284ms (cache miss)
1819 silly packumentCache full:https://registry.npmjs.org/tiny-inflate set size:undefined disposed:false
1820 silly placeDep ROOT @types/estree@1.0.9 OK for: @rollup/pluginutils@5.4.0 want: ^1.0.0
1821 silly placeDep node_modules/@rollup/pluginutils estree-walker@2.0.2 OK for: @rollup/pluginutils@5.4.0 want: ^2.0.2
1822 silly placeDep ROOT ansi-align@3.0.1 OK for: boxen@8.0.1 want: ^3.0.1
1823 silly placeDep ROOT camelcase@8.0.0 OK for: boxen@8.0.1 want: ^8.0.0
1824 silly placeDep ROOT chalk@5.6.2 OK for: boxen@8.0.1 want: ^5.3.0
1825 silly placeDep ROOT cli-boxes@3.0.0 OK for: boxen@8.0.1 want: ^3.0.0
1826 silly placeDep ROOT string-width@7.2.0 OK for: boxen@8.0.1 want: ^7.2.0
1827 silly placeDep ROOT type-fest@4.41.0 OK for: boxen@8.0.1 want: ^4.21.0
1828 silly placeDep ROOT widest-line@5.0.0 OK for: boxen@8.0.1 want: ^5.0.0
1829 silly placeDep ROOT wrap-ansi@9.0.2 OK for: boxen@8.0.1 want: ^9.0.0
1830 silly fetch manifest string-width@^4.1.0
1831 silly packumentCache full:https://registry.npmjs.org/string-width cache-hit
1832 silly fetch manifest strip-ansi@^7.1.0
1833 silly packumentCache full:https://registry.npmjs.org/strip-ansi cache-miss
1834 silly fetch manifest emoji-regex@^10.3.0
1835 silly packumentCache full:https://registry.npmjs.org/emoji-regex cache-miss
1836 silly fetch manifest get-east-asian-width@^1.0.0
1837 silly packumentCache full:https://registry.npmjs.org/get-east-asian-width cache-miss
1838 silly fetch manifest strip-ansi@^7.1.0
1839 silly packumentCache full:https://registry.npmjs.org/strip-ansi cache-miss
1840 silly fetch manifest ansi-styles@^6.2.1
1841 silly packumentCache full:https://registry.npmjs.org/ansi-styles cache-miss
1842 http fetch GET 200 https://registry.npmjs.org/emoji-regex 40ms (cache miss)
1843 silly packumentCache full:https://registry.npmjs.org/emoji-regex set size:undefined disposed:false
1844 http fetch GET 200 https://registry.npmjs.org/strip-ansi 41ms (cache miss)
1845 silly packumentCache full:https://registry.npmjs.org/strip-ansi set size:undefined disposed:false
1846 http fetch GET 200 https://registry.npmjs.org/strip-ansi 49ms (cache miss)
1847 silly packumentCache full:https://registry.npmjs.org/strip-ansi set size:undefined disposed:false
1848 http fetch GET 200 https://registry.npmjs.org/ansi-styles 49ms (cache miss)
1849 silly packumentCache full:https://registry.npmjs.org/ansi-styles set size:undefined disposed:false
1850 http fetch GET 200 https://registry.npmjs.org/get-east-asian-width 55ms (cache miss)
1851 silly packumentCache full:https://registry.npmjs.org/get-east-asian-width set size:undefined disposed:false
1852 silly placeDep node_modules/ansi-align string-width@4.2.3 OK for: ansi-align@3.0.1 want: ^4.1.0
1853 silly fetch manifest strip-ansi@^6.0.1
1854 silly packumentCache full:https://registry.npmjs.org/strip-ansi cache-miss
1855 silly fetch manifest emoji-regex@^8.0.0
1856 silly packumentCache full:https://registry.npmjs.org/emoji-regex cache-miss
1857 silly fetch manifest is-fullwidth-code-point@^3.0.0
1858 silly packumentCache full:https://registry.npmjs.org/is-fullwidth-code-point cache-miss
1859 http cache https://registry.npmjs.org/strip-ansi 2ms (cache hit)
1860 silly packumentCache full:https://registry.npmjs.org/strip-ansi set size:44998 disposed:false
1861 http cache https://registry.npmjs.org/emoji-regex 2ms (cache hit)
1862 silly packumentCache full:https://registry.npmjs.org/emoji-regex set size:89064 disposed:false
1863 http fetch GET 200 https://registry.npmjs.org/is-fullwidth-code-point 59ms (cache miss)
1864 silly packumentCache full:https://registry.npmjs.org/is-fullwidth-code-point set size:undefined disposed:false
1865 silly placeDep ROOT readdirp@4.1.2 OK for: chokidar@4.0.3 want: ^4.0.1
1866 silly placeDep ROOT ms@2.1.3 OK for: debug@4.4.3 want: ^2.1.3
1867 silly placeDep ROOT base-64@1.0.0 OK for: deterministic-object-hash@2.0.2 want: ^1.0.0
1868 silly placeDep ROOT graceful-fs@4.2.11 OK for: enhanced-resolve@5.24.5 want: ^4.2.4
1869 silly placeDep ROOT tapable@2.3.3 OK for: enhanced-resolve@5.24.5 want: ^2.3.3
1870 silly placeDep ROOT @esbuild/aix-ppc64@0.27.7 OK for: esbuild@0.27.7 want: 0.27.7
1871 silly placeDep ROOT @esbuild/android-arm@0.27.7 OK for: esbuild@0.27.7 want: 0.27.7
1872 silly placeDep ROOT @esbuild/android-arm64@0.27.7 OK for: esbuild@0.27.7 want: 0.27.7
1873 silly placeDep ROOT @esbuild/android-x64@0.27.7 OK for: esbuild@0.27.7 want: 0.27.7
1874 silly placeDep ROOT @esbuild/darwin-arm64@0.27.7 OK for: esbuild@0.27.7 want: 0.27.7
1875 silly placeDep ROOT @esbuild/darwin-x64@0.27.7 OK for: esbuild@0.27.7 want: 0.27.7
1876 silly placeDep ROOT @esbuild/freebsd-arm64@0.27.7 OK for: esbuild@0.27.7 want: 0.27.7
1877 silly placeDep ROOT @esbuild/freebsd-x64@0.27.7 OK for: esbuild@0.27.7 want: 0.27.7
1878 silly placeDep ROOT @esbuild/linux-arm@0.27.7 OK for: esbuild@0.27.7 want: 0.27.7
1879 silly placeDep ROOT @esbuild/linux-arm64@0.27.7 OK for: esbuild@0.27.7 want: 0.27.7
1880 silly placeDep ROOT @esbuild/linux-ia32@0.27.7 OK for: esbuild@0.27.7 want: 0.27.7
1881 silly placeDep ROOT @esbuild/linux-loong64@0.27.7 OK for: esbuild@0.27.7 want: 0.27.7
1882 silly placeDep ROOT @esbuild/linux-mips64el@0.27.7 OK for: esbuild@0.27.7 want: 0.27.7
1883 silly placeDep ROOT @esbuild/linux-ppc64@0.27.7 OK for: esbuild@0.27.7 want: 0.27.7
1884 silly placeDep ROOT @esbuild/linux-riscv64@0.27.7 OK for: esbuild@0.27.7 want: 0.27.7
1885 silly placeDep ROOT @esbuild/linux-s390x@0.27.7 OK for: esbuild@0.27.7 want: 0.27.7
1886 silly placeDep ROOT @esbuild/linux-x64@0.27.7 OK for: esbuild@0.27.7 want: 0.27.7
1887 silly placeDep ROOT @esbuild/netbsd-arm64@0.27.7 OK for: esbuild@0.27.7 want: 0.27.7
1888 silly placeDep ROOT @esbuild/netbsd-x64@0.27.7 OK for: esbuild@0.27.7 want: 0.27.7
1889 silly placeDep ROOT @esbuild/openbsd-arm64@0.27.7 OK for: esbuild@0.27.7 want: 0.27.7
1890 silly placeDep ROOT @esbuild/openbsd-x64@0.27.7 OK for: esbuild@0.27.7 want: 0.27.7
1891 silly placeDep ROOT @esbuild/openharmony-arm64@0.27.7 OK for: esbuild@0.27.7 want: 0.27.7
1892 silly placeDep ROOT @esbuild/sunos-x64@0.27.7 OK for: esbuild@0.27.7 want: 0.27.7
1893 silly placeDep ROOT @esbuild/win32-arm64@0.27.7 OK for: esbuild@0.27.7 want: 0.27.7
1894 silly placeDep ROOT @esbuild/win32-ia32@0.27.7 OK for: esbuild@0.27.7 want: 0.27.7
1895 silly placeDep ROOT @esbuild/win32-x64@0.27.7 OK for: esbuild@0.27.7 want: 0.27.7
1896 silly placeDep ROOT tiny-inflate@1.0.3 OK for: fontkitten@1.0.3 want: ^1.0.3
1897 silly placeDep ROOT @types/hast@3.0.5 OK for: hast-util-from-html@2.0.3 want: ^3.0.0
1898 silly placeDep ROOT devlop@1.1.0 OK for: hast-util-from-html@2.0.3 want: ^1.1.0
1899 silly placeDep ROOT hast-util-from-parse5@8.0.3 OK for: hast-util-from-html@2.0.3 want: ^8.0.0
1900 silly placeDep ROOT parse5@7.3.0 OK for: hast-util-from-html@2.0.3 want: ^7.0.0
1901 silly placeDep ROOT vfile-message@4.0.3 OK for: hast-util-from-html@2.0.3 want: ^4.0.0
1902 silly fetch manifest @types/unist@*
1903 silly packumentCache full:https://registry.npmjs.org/@types%2funist cache-miss
1904 silly fetch manifest dequal@^2.0.0
1905 silly packumentCache full:https://registry.npmjs.org/dequal cache-miss
1906 silly fetch manifest hastscript@^9.0.0
1907 silly packumentCache full:https://registry.npmjs.org/hastscript cache-miss
1908 silly fetch manifest property-information@^7.0.0
1909 silly packumentCache full:https://registry.npmjs.org/property-information cache-miss
1910 silly fetch manifest vfile-location@^5.0.0
1911 silly packumentCache full:https://registry.npmjs.org/vfile-location cache-miss
1912 silly fetch manifest web-namespaces@^2.0.0
1913 silly packumentCache full:https://registry.npmjs.org/web-namespaces cache-miss
1914 silly fetch manifest entities@^6.0.0
1915 silly packumentCache full:https://registry.npmjs.org/entities cache-miss
1916 http cache https://registry.npmjs.org/@types%2funist 3ms (cache hit)
1917 silly packumentCache full:https://registry.npmjs.org/@types%2funist set size:39215 disposed:false
1918 silly fetch manifest unist-util-stringify-position@^4.0.0
1919 silly packumentCache full:https://registry.npmjs.org/unist-util-stringify-position cache-miss
1920 http fetch GET 200 https://registry.npmjs.org/vfile-location 38ms (cache miss)
1921 silly packumentCache full:https://registry.npmjs.org/vfile-location set size:undefined disposed:false
1922 http fetch GET 200 https://registry.npmjs.org/dequal 38ms (cache miss)
1923 silly packumentCache full:https://registry.npmjs.org/dequal set size:undefined disposed:false
1924 http fetch GET 200 https://registry.npmjs.org/hastscript 48ms (cache miss)
1925 silly packumentCache full:https://registry.npmjs.org/hastscript set size:undefined disposed:false
1926 http fetch GET 200 https://registry.npmjs.org/entities 61ms (cache miss)
1927 silly packumentCache full:https://registry.npmjs.org/entities set size:undefined disposed:false
1928 http fetch GET 200 https://registry.npmjs.org/web-namespaces 353ms (cache miss)
1929 silly packumentCache full:https://registry.npmjs.org/web-namespaces set size:undefined disposed:false
1930 http fetch GET 200 https://registry.npmjs.org/unist-util-stringify-position 351ms (cache miss)
1931 silly packumentCache full:https://registry.npmjs.org/unist-util-stringify-position set size:undefined disposed:false
1932 http fetch GET 200 https://registry.npmjs.org/property-information 357ms (cache miss)
1933 silly packumentCache full:https://registry.npmjs.org/property-information set size:undefined disposed:false
1934 silly placeDep ROOT @types/unist@3.0.3 OK for: @types/hast@3.0.5 want: *
1935 silly placeDep ROOT dequal@2.0.3 OK for: devlop@1.1.0 want: ^2.0.0
1936 silly placeDep ROOT hastscript@9.0.1 OK for: hast-util-from-parse5@8.0.3 want: ^9.0.0
1937 silly placeDep ROOT property-information@7.2.0 OK for: hast-util-from-parse5@8.0.3 want: ^7.0.0
1938 silly placeDep ROOT vfile-location@5.0.3 OK for: hast-util-from-parse5@8.0.3 want: ^5.0.0
1939 silly placeDep ROOT web-namespaces@2.0.1 OK for: hast-util-from-parse5@8.0.3 want: ^2.0.0
1940 silly fetch manifest comma-separated-tokens@^2.0.0
1941 silly packumentCache full:https://registry.npmjs.org/comma-separated-tokens cache-miss
1942 silly fetch manifest hast-util-parse-selector@^4.0.0
1943 silly packumentCache full:https://registry.npmjs.org/hast-util-parse-selector cache-miss
1944 silly fetch manifest space-separated-tokens@^2.0.0
1945 silly packumentCache full:https://registry.npmjs.org/space-separated-tokens cache-miss
1946 http fetch GET 200 https://registry.npmjs.org/comma-separated-tokens 49ms (cache miss)
1947 silly packumentCache full:https://registry.npmjs.org/comma-separated-tokens set size:undefined disposed:false
1948 http fetch GET 200 https://registry.npmjs.org/space-separated-tokens 289ms (cache miss)
1949 silly packumentCache full:https://registry.npmjs.org/space-separated-tokens set size:undefined disposed:false
1950 http fetch GET 200 https://registry.npmjs.org/hast-util-parse-selector 299ms (cache miss)
1951 silly packumentCache full:https://registry.npmjs.org/hast-util-parse-selector set size:undefined disposed:false
1952 silly placeDep ROOT hast-util-is-element@3.0.0 OK for: hast-util-to-text@4.0.2 want: ^3.0.0
1953 silly placeDep ROOT unist-util-find-after@5.0.0 OK for: hast-util-to-text@4.0.2 want: ^5.0.0
1954 silly placeDep ROOT comma-separated-tokens@2.0.3 OK for: hastscript@9.0.1 want: ^2.0.0
1955 silly placeDep ROOT hast-util-parse-selector@4.0.0 OK for: hastscript@9.0.1 want: ^4.0.0
1956 silly placeDep ROOT space-separated-tokens@2.0.2 OK for: hastscript@9.0.1 want: ^2.0.0
1957 silly placeDep ROOT is-inside-container@1.0.0 OK for: is-wsl@3.1.1 want: ^1.0.0
1958 silly placeDep ROOT argparse@2.0.1 OK for: js-yaml@4.3.1 want: ^2.0.1
1959 silly placeDep ROOT detect-libc@2.1.2 OK for: lightningcss@1.32.0 want: ^2.0.3
1960 silly placeDep ROOT lightningcss-android-arm64@1.32.0 OK for: lightningcss@1.32.0 want: 1.32.0
1961 silly placeDep ROOT lightningcss-darwin-arm64@1.32.0 OK for: lightningcss@1.32.0 want: 1.32.0
1962 silly placeDep ROOT lightningcss-darwin-x64@1.32.0 OK for: lightningcss@1.32.0 want: 1.32.0
1963 silly placeDep ROOT lightningcss-freebsd-x64@1.32.0 OK for: lightningcss@1.32.0 want: 1.32.0
1964 silly placeDep ROOT lightningcss-linux-arm-gnueabihf@1.32.0 OK for: lightningcss@1.32.0 want: 1.32.0
1965 silly placeDep ROOT lightningcss-linux-arm64-gnu@1.32.0 OK for: lightningcss@1.32.0 want: 1.32.0
1966 silly placeDep ROOT lightningcss-linux-arm64-musl@1.32.0 OK for: lightningcss@1.32.0 want: 1.32.0
1967 silly placeDep ROOT lightningcss-linux-x64-gnu@1.32.0 OK for: lightningcss@1.32.0 want: 1.32.0
1968 silly placeDep ROOT lightningcss-linux-x64-musl@1.32.0 OK for: lightningcss@1.32.0 want: 1.32.0
1969 silly placeDep ROOT lightningcss-win32-arm64-msvc@1.32.0 OK for: lightningcss@1.32.0 want: 1.32.0
1970 silly placeDep ROOT lightningcss-win32-x64-msvc@1.32.0 OK for: lightningcss@1.32.0 want: 1.32.0
1971 silly placeDep ROOT @babel/parser@7.29.8 OK for: magicast@0.5.4 want: ^7.29.7
1972 silly placeDep ROOT @babel/types@7.29.8 OK for: magicast@0.5.4 want: ^7.29.7
1973 silly fetch manifest @babel/types@^7.29.8
1974 silly packumentCache full:https://registry.npmjs.org/@babel%2ftypes cache-miss
1975 silly fetch manifest @babel/helper-string-parser@^7.29.7
1976 silly packumentCache full:https://registry.npmjs.org/@babel%2fhelper-string-parser cache-miss
1977 silly fetch manifest @babel/helper-validator-identifier@^7.29.7
1978 silly packumentCache full:https://registry.npmjs.org/@babel%2fhelper-validator-identifier cache-miss
1979 http cache https://registry.npmjs.org/@babel%2ftypes 5ms (cache hit)
1980 silly packumentCache full:https://registry.npmjs.org/@babel%2ftypes set size:502938 disposed:false
1981 http fetch GET 200 https://registry.npmjs.org/@babel%2fhelper-validator-identifier 36ms (cache miss)
1982 silly packumentCache full:https://registry.npmjs.org/@babel%2fhelper-validator-identifier set size:undefined disposed:false
1983 http fetch GET 200 https://registry.npmjs.org/@babel%2fhelper-string-parser 48ms (cache miss)
1984 silly packumentCache full:https://registry.npmjs.org/@babel%2fhelper-string-parser set size:undefined disposed:false
1985 silly placeDep ROOT @babel/helper-string-parser@7.29.7 OK for: @babel/types@7.29.8 want: ^7.29.7
1986 silly placeDep ROOT @babel/helper-validator-identifier@7.29.7 OK for: @babel/types@7.29.8 want: ^7.29.7
1987 silly placeDep ROOT @types/mdast@4.0.4 OK for: mdast-util-definitions@6.0.0 want: ^4.0.0
1988 silly placeDep ROOT yocto-queue@1.2.2 OK for: p-limit@6.2.0 want: ^1.1.1
1989 silly placeDep ROOT eventemitter3@5.0.4 OK for: p-queue@8.1.1 want: ^5.0.1
1990 silly placeDep ROOT p-timeout@6.1.4 OK for: p-queue@8.1.1 want: ^6.1.2
1991 silly placeDep ROOT entities@6.0.1 OK for: parse5@7.3.0 want: ^6.0.0
1992 silly placeDep node_modules/prompts kleur@3.0.3 OK for: prompts@2.4.2 want: ^3.0.3
1993 silly placeDep ROOT sisteransi@1.0.5 OK for: prompts@2.4.2 want: ^1.0.5
1994 silly placeDep ROOT rehype-parse@9.0.1 OK for: rehype@13.0.2 want: ^9.0.0
1995 silly placeDep ROOT hast-util-raw@9.1.0 OK for: rehype-raw@7.0.0 want: ^9.0.0
1996 silly fetch manifest @ungap/structured-clone@^1.0.0
1997 silly packumentCache full:https://registry.npmjs.org/@ungap%2fstructured-clone cache-miss
1998 silly fetch manifest hast-util-to-parse5@^8.0.0
1999 silly packumentCache full:https://registry.npmjs.org/hast-util-to-parse5 cache-miss
2000 silly fetch manifest html-void-elements@^3.0.0
2001 silly packumentCache full:https://registry.npmjs.org/html-void-elements cache-miss
2002 silly fetch manifest unist-util-position@^5.0.0
2003 silly packumentCache full:https://registry.npmjs.org/unist-util-position cache-miss
2004 silly fetch manifest zwitch@^2.0.0
2005 silly packumentCache full:https://registry.npmjs.org/zwitch cache-miss
2006 http fetch GET 200 https://registry.npmjs.org/zwitch 38ms (cache miss)
2007 silly packumentCache full:https://registry.npmjs.org/zwitch set size:undefined disposed:false
2008 http fetch GET 200 https://registry.npmjs.org/html-void-elements 49ms (cache miss)
2009 silly packumentCache full:https://registry.npmjs.org/html-void-elements set size:undefined disposed:false
2010 http fetch GET 200 https://registry.npmjs.org/unist-util-position 52ms (cache miss)
2011 silly packumentCache full:https://registry.npmjs.org/unist-util-position set size:undefined disposed:false
2012 http fetch GET 200 https://registry.npmjs.org/hast-util-to-parse5 283ms (cache miss)
2013 silly packumentCache full:https://registry.npmjs.org/hast-util-to-parse5 set size:undefined disposed:false
2014 http fetch GET 200 https://registry.npmjs.org/@ungap%2fstructured-clone 528ms (cache miss)
2015 silly packumentCache full:https://registry.npmjs.org/@ungap%2fstructured-clone set size:undefined disposed:false
2016 silly placeDep ROOT @ungap/structured-clone@1.3.3 OK for: hast-util-raw@9.1.0 want: ^1.0.0
2017 silly placeDep ROOT hast-util-to-parse5@8.0.1 OK for: hast-util-raw@9.1.0 want: ^8.0.0
2018 silly placeDep ROOT html-void-elements@3.0.0 OK for: hast-util-raw@9.1.0 want: ^3.0.0
2019 silly placeDep ROOT mdast-util-to-hast@13.2.1 OK for: hast-util-raw@9.1.0 want: ^13.0.0
2020 silly placeDep ROOT unist-util-position@5.0.0 OK for: hast-util-raw@9.1.0 want: ^5.0.0
2021 silly placeDep ROOT zwitch@2.0.4 OK for: hast-util-raw@9.1.0 want: ^2.0.0
2022 silly fetch manifest micromark-util-sanitize-uri@^2.0.0
2023 silly packumentCache full:https://registry.npmjs.org/micromark-util-sanitize-uri cache-miss
2024 silly fetch manifest trim-lines@^3.0.0
2025 silly packumentCache full:https://registry.npmjs.org/trim-lines cache-miss
2026 http fetch GET 200 https://registry.npmjs.org/trim-lines 40ms (cache miss)
2027 silly packumentCache full:https://registry.npmjs.org/trim-lines set size:undefined disposed:false
2028 http fetch GET 200 https://registry.npmjs.org/micromark-util-sanitize-uri 64ms (cache miss)
2029 silly packumentCache full:https://registry.npmjs.org/micromark-util-sanitize-uri set size:undefined disposed:false
2030 silly placeDep ROOT micromark-util-sanitize-uri@2.0.1 OK for: mdast-util-to-hast@13.2.1 want: ^2.0.0
2031 silly placeDep ROOT trim-lines@3.0.1 OK for: mdast-util-to-hast@13.2.1 want: ^3.0.0
2032 silly fetch manifest micromark-util-character@^2.0.0
2033 silly packumentCache full:https://registry.npmjs.org/micromark-util-character cache-miss
2034 silly fetch manifest micromark-util-encode@^2.0.0
2035 silly packumentCache full:https://registry.npmjs.org/micromark-util-encode cache-miss
2036 silly fetch manifest micromark-util-symbol@^2.0.0
2037 silly packumentCache full:https://registry.npmjs.org/micromark-util-symbol cache-miss
2038 http fetch GET 200 https://registry.npmjs.org/micromark-util-symbol 47ms (cache miss)
2039 silly packumentCache full:https://registry.npmjs.org/micromark-util-symbol set size:undefined disposed:false
2040 http fetch GET 200 https://registry.npmjs.org/micromark-util-character 50ms (cache miss)
2041 silly packumentCache full:https://registry.npmjs.org/micromark-util-character set size:undefined disposed:false
2042 http fetch GET 200 https://registry.npmjs.org/micromark-util-encode 53ms (cache miss)
2043 silly packumentCache full:https://registry.npmjs.org/micromark-util-encode set size:undefined disposed:false
2044 silly placeDep ROOT micromark-util-character@2.1.1 OK for: micromark-util-sanitize-uri@2.0.1 want: ^2.0.0
2045 silly placeDep ROOT micromark-util-encode@2.0.1 OK for: micromark-util-sanitize-uri@2.0.1 want: ^2.0.0
2046 silly placeDep ROOT micromark-util-symbol@2.0.1 OK for: micromark-util-sanitize-uri@2.0.1 want: ^2.0.0
2047 silly placeDep ROOT micromark-util-types@2.0.2 OK for: micromark-util-character@2.1.1 want: ^2.0.0
2048 silly placeDep ROOT hast-util-to-html@9.0.5 OK for: rehype-stringify@10.0.1 want: ^9.0.0
2049 silly fetch manifest ccount@^2.0.0
2050 silly packumentCache full:https://registry.npmjs.org/ccount cache-miss
2051 silly fetch manifest hast-util-whitespace@^3.0.0
2052 silly packumentCache full:https://registry.npmjs.org/hast-util-whitespace cache-miss
2053 silly fetch manifest stringify-entities@^4.0.0
2054 silly packumentCache full:https://registry.npmjs.org/stringify-entities cache-miss
2055 http fetch GET 200 https://registry.npmjs.org/ccount 271ms (cache miss)
2056 silly packumentCache full:https://registry.npmjs.org/ccount set size:undefined disposed:false
2057 http fetch GET 200 https://registry.npmjs.org/stringify-entities 280ms (cache miss)
2058 silly packumentCache full:https://registry.npmjs.org/stringify-entities set size:undefined disposed:false
2059 http fetch GET 200 https://registry.npmjs.org/hast-util-whitespace 462ms (cache miss)
2060 silly packumentCache full:https://registry.npmjs.org/hast-util-whitespace set size:undefined disposed:false
2061 silly placeDep ROOT ccount@2.0.1 OK for: hast-util-to-html@9.0.5 want: ^2.0.0
2062 silly placeDep ROOT hast-util-whitespace@3.0.0 OK for: hast-util-to-html@9.0.5 want: ^3.0.0
2063 silly placeDep ROOT stringify-entities@4.0.4 OK for: hast-util-to-html@9.0.5 want: ^4.0.0
2064 silly fetch manifest character-entities-html4@^2.0.0
2065 silly packumentCache full:https://registry.npmjs.org/character-entities-html4 cache-miss
2066 silly fetch manifest character-entities-legacy@^3.0.0
2067 silly packumentCache full:https://registry.npmjs.org/character-entities-legacy cache-miss
2068 http fetch GET 200 https://registry.npmjs.org/character-entities-legacy 46ms (cache miss)
2069 silly packumentCache full:https://registry.npmjs.org/character-entities-legacy set size:undefined disposed:false
2070 http fetch GET 200 https://registry.npmjs.org/character-entities-html4 436ms (cache miss)
2071 silly packumentCache full:https://registry.npmjs.org/character-entities-html4 set size:undefined disposed:false
2072 silly placeDep ROOT mdast-util-gfm@3.1.0 OK for: remark-gfm@4.0.1 want: ^3.0.0
2073 silly placeDep ROOT micromark-extension-gfm@3.0.0 OK for: remark-gfm@4.0.1 want: ^3.0.0
2074 silly placeDep ROOT remark-stringify@11.0.0 OK for: remark-gfm@4.0.1 want: ^11.0.0
2075 silly fetch manifest mdast-util-gfm-autolink-literal@^2.0.0
2076 silly packumentCache full:https://registry.npmjs.org/mdast-util-gfm-autolink-literal cache-miss
2077 silly fetch manifest mdast-util-gfm-footnote@^2.0.0
2078 silly packumentCache full:https://registry.npmjs.org/mdast-util-gfm-footnote cache-miss
2079 silly fetch manifest mdast-util-gfm-strikethrough@^2.0.0
2080 silly packumentCache full:https://registry.npmjs.org/mdast-util-gfm-strikethrough cache-miss
2081 silly fetch manifest mdast-util-gfm-table@^2.0.0
2082 silly packumentCache full:https://registry.npmjs.org/mdast-util-gfm-table cache-miss
2083 silly fetch manifest mdast-util-gfm-task-list-item@^2.0.0
2084 silly packumentCache full:https://registry.npmjs.org/mdast-util-gfm-task-list-item cache-miss
2085 silly fetch manifest mdast-util-to-markdown@^2.0.0
2086 silly packumentCache full:https://registry.npmjs.org/mdast-util-to-markdown cache-miss
2087 silly fetch manifest micromark-extension-gfm-autolink-literal@^2.0.0
2088 silly packumentCache full:https://registry.npmjs.org/micromark-extension-gfm-autolink-literal cache-miss
2089 http fetch GET 200 https://registry.npmjs.org/mdast-util-gfm-autolink-literal 35ms (cache miss)
2090 silly packumentCache full:https://registry.npmjs.org/mdast-util-gfm-autolink-literal set size:undefined disposed:false
2091 silly fetch manifest micromark-extension-gfm-footnote@^2.0.0
2092 silly packumentCache full:https://registry.npmjs.org/micromark-extension-gfm-footnote cache-miss
2093 http fetch GET 200 https://registry.npmjs.org/mdast-util-gfm-task-list-item 37ms (cache miss)
2094 silly packumentCache full:https://registry.npmjs.org/mdast-util-gfm-task-list-item set size:undefined disposed:false
2095 silly fetch manifest micromark-extension-gfm-strikethrough@^2.0.0
2096 silly packumentCache full:https://registry.npmjs.org/micromark-extension-gfm-strikethrough cache-miss
2097 http fetch GET 200 https://registry.npmjs.org/micromark-extension-gfm-autolink-literal 42ms (cache miss)
2098 silly packumentCache full:https://registry.npmjs.org/micromark-extension-gfm-autolink-literal set size:undefined disposed:false
2099 silly fetch manifest micromark-extension-gfm-table@^2.0.0
2100 silly packumentCache full:https://registry.npmjs.org/micromark-extension-gfm-table cache-miss
2101 http fetch GET 200 https://registry.npmjs.org/mdast-util-gfm-table 61ms (cache miss)
2102 silly packumentCache full:https://registry.npmjs.org/mdast-util-gfm-table set size:undefined disposed:false
2103 silly fetch manifest micromark-extension-gfm-tagfilter@^2.0.0
2104 silly packumentCache full:https://registry.npmjs.org/micromark-extension-gfm-tagfilter cache-miss
2105 http fetch GET 200 https://registry.npmjs.org/mdast-util-gfm-footnote 65ms (cache miss)
2106 silly packumentCache full:https://registry.npmjs.org/mdast-util-gfm-footnote set size:undefined disposed:false
2107 silly fetch manifest micromark-extension-gfm-task-list-item@^2.0.0
2108 silly packumentCache full:https://registry.npmjs.org/micromark-extension-gfm-task-list-item cache-miss
2109 http fetch GET 200 https://registry.npmjs.org/micromark-extension-gfm-strikethrough 51ms (cache miss)
2110 silly packumentCache full:https://registry.npmjs.org/micromark-extension-gfm-strikethrough set size:undefined disposed:false
2111 silly fetch manifest micromark-util-combine-extensions@^2.0.0
2112 silly packumentCache full:https://registry.npmjs.org/micromark-util-combine-extensions cache-miss
2113 http fetch GET 200 https://registry.npmjs.org/micromark-extension-gfm-table 52ms (cache miss)
2114 silly packumentCache full:https://registry.npmjs.org/micromark-extension-gfm-table set size:undefined disposed:false
2115 silly fetch manifest mdast-util-to-markdown@^2.0.0
2116 silly packumentCache full:https://registry.npmjs.org/mdast-util-to-markdown cache-miss
2117 http fetch GET 200 https://registry.npmjs.org/micromark-extension-gfm-task-list-item 52ms (cache miss)
2118 silly packumentCache full:https://registry.npmjs.org/micromark-extension-gfm-task-list-item set size:undefined disposed:false
2119 http fetch GET 200 https://registry.npmjs.org/micromark-extension-gfm-tagfilter 64ms (cache miss)
2120 silly packumentCache full:https://registry.npmjs.org/micromark-extension-gfm-tagfilter set size:undefined disposed:false
2121 http fetch GET 200 https://registry.npmjs.org/mdast-util-to-markdown 278ms (cache miss)
2122 silly packumentCache full:https://registry.npmjs.org/mdast-util-to-markdown set size:undefined disposed:false
2123 http fetch GET 200 https://registry.npmjs.org/mdast-util-to-markdown 199ms (cache miss)
2124 silly packumentCache full:https://registry.npmjs.org/mdast-util-to-markdown set size:undefined disposed:false
2125 http fetch GET 200 https://registry.npmjs.org/mdast-util-gfm-strikethrough 300ms (cache miss)
2126 silly packumentCache full:https://registry.npmjs.org/mdast-util-gfm-strikethrough set size:undefined disposed:false
2127 http fetch GET 200 https://registry.npmjs.org/micromark-extension-gfm-footnote 284ms (cache miss)
2128 silly packumentCache full:https://registry.npmjs.org/micromark-extension-gfm-footnote set size:undefined disposed:false
2129 http fetch GET 200 https://registry.npmjs.org/micromark-util-combine-extensions 264ms (cache miss)
2130 silly packumentCache full:https://registry.npmjs.org/micromark-util-combine-extensions set size:undefined disposed:false
2131 silly placeDep ROOT mdast-util-from-markdown@2.0.3 OK for: mdast-util-gfm@3.1.0 want: ^2.0.0
2132 silly placeDep ROOT mdast-util-gfm-autolink-literal@2.0.1 OK for: mdast-util-gfm@3.1.0 want: ^2.0.0
2133 silly placeDep ROOT mdast-util-gfm-footnote@2.1.0 OK for: mdast-util-gfm@3.1.0 want: ^2.0.0
2134 silly placeDep ROOT mdast-util-gfm-strikethrough@2.0.0 OK for: mdast-util-gfm@3.1.0 want: ^2.0.0
2135 silly placeDep ROOT mdast-util-gfm-table@2.0.0 OK for: mdast-util-gfm@3.1.0 want: ^2.0.0
2136 silly placeDep ROOT mdast-util-gfm-task-list-item@2.0.0 OK for: mdast-util-gfm@3.1.0 want: ^2.0.0
2137 silly placeDep ROOT mdast-util-to-markdown@2.1.2 OK for: mdast-util-gfm@3.1.0 want: ^2.0.0
2138 silly fetch manifest decode-named-character-reference@^1.0.0
2139 silly packumentCache full:https://registry.npmjs.org/decode-named-character-reference cache-miss
2140 silly fetch manifest mdast-util-to-string@^4.0.0
2141 silly packumentCache full:https://registry.npmjs.org/mdast-util-to-string cache-miss
2142 silly fetch manifest micromark@^4.0.0
2143 silly packumentCache full:https://registry.npmjs.org/micromark cache-miss
2144 silly fetch manifest micromark-util-decode-numeric-character-reference@^2.0.0
2145 silly packumentCache full:https://registry.npmjs.org/micromark-util-decode-numeric-character-reference cache-miss
2146 silly fetch manifest micromark-util-decode-string@^2.0.0
2147 silly packumentCache full:https://registry.npmjs.org/micromark-util-decode-string cache-miss
2148 silly fetch manifest micromark-util-normalize-identifier@^2.0.0
2149 silly packumentCache full:https://registry.npmjs.org/micromark-util-normalize-identifier cache-miss
2150 silly fetch manifest mdast-util-find-and-replace@^3.0.0
2151 silly packumentCache full:https://registry.npmjs.org/mdast-util-find-and-replace cache-miss
2152 http fetch GET 200 https://registry.npmjs.org/decode-named-character-reference 40ms (cache miss)
2153 silly packumentCache full:https://registry.npmjs.org/decode-named-character-reference set size:undefined disposed:false
2154 silly fetch manifest micromark-util-normalize-identifier@^2.0.0
2155 silly packumentCache full:https://registry.npmjs.org/micromark-util-normalize-identifier cache-miss
2156 http fetch GET 200 https://registry.npmjs.org/mdast-util-find-and-replace 40ms (cache miss)
2157 silly packumentCache full:https://registry.npmjs.org/mdast-util-find-and-replace set size:undefined disposed:false
2158 silly fetch manifest markdown-table@^3.0.0
2159 silly packumentCache full:https://registry.npmjs.org/markdown-table cache-miss
2160 http fetch GET 200 https://registry.npmjs.org/micromark 41ms (cache miss)
2161 silly packumentCache full:https://registry.npmjs.org/micromark set size:undefined disposed:false
2162 silly fetch manifest longest-streak@^3.0.0
2163 silly packumentCache full:https://registry.npmjs.org/longest-streak cache-miss
2164 http fetch GET 200 https://registry.npmjs.org/micromark-util-normalize-identifier 45ms (cache miss)
2165 silly packumentCache full:https://registry.npmjs.org/micromark-util-normalize-identifier set size:undefined disposed:false
2166 silly fetch manifest mdast-util-phrasing@^4.0.0
2167 silly packumentCache full:https://registry.npmjs.org/mdast-util-phrasing cache-miss
2168 http fetch GET 200 https://registry.npmjs.org/micromark-util-decode-string 46ms (cache miss)
2169 silly packumentCache full:https://registry.npmjs.org/micromark-util-decode-string set size:undefined disposed:false
2170 silly fetch manifest mdast-util-to-string@^4.0.0
2171 silly packumentCache full:https://registry.npmjs.org/mdast-util-to-string cache-miss
2172 http fetch GET 200 https://registry.npmjs.org/mdast-util-to-string 60ms (cache miss)
2173 silly packumentCache full:https://registry.npmjs.org/mdast-util-to-string set size:undefined disposed:false
2174 silly fetch manifest micromark-util-classify-character@^2.0.0
2175 silly packumentCache full:https://registry.npmjs.org/micromark-util-classify-character cache-miss
2176 http fetch GET 200 https://registry.npmjs.org/micromark-util-normalize-identifier 27ms (cache miss)
2177 silly packumentCache full:https://registry.npmjs.org/micromark-util-normalize-identifier set size:undefined disposed:false
2178 http fetch GET 200 https://registry.npmjs.org/longest-streak 44ms (cache miss)
2179 silly packumentCache full:https://registry.npmjs.org/longest-streak set size:undefined disposed:false
2180 http fetch GET 200 https://registry.npmjs.org/mdast-util-to-string 59ms (cache miss)
2181 silly packumentCache full:https://registry.npmjs.org/mdast-util-to-string set size:undefined disposed:false
2182 http fetch GET 200 https://registry.npmjs.org/micromark-util-classify-character 50ms (cache miss)
2183 silly packumentCache full:https://registry.npmjs.org/micromark-util-classify-character set size:undefined disposed:false
2184 http fetch GET 200 https://registry.npmjs.org/micromark-util-decode-numeric-character-reference 305ms (cache miss)
2185 silly packumentCache full:https://registry.npmjs.org/micromark-util-decode-numeric-character-reference set size:undefined disposed:false
2186 http fetch GET 200 https://registry.npmjs.org/mdast-util-phrasing 284ms (cache miss)
2187 silly packumentCache full:https://registry.npmjs.org/mdast-util-phrasing set size:undefined disposed:false
2188 http fetch GET 200 https://registry.npmjs.org/markdown-table 312ms (cache miss)
2189 silly packumentCache full:https://registry.npmjs.org/markdown-table set size:undefined disposed:false
2190 silly placeDep ROOT decode-named-character-reference@1.3.0 OK for: mdast-util-from-markdown@2.0.3 want: ^1.0.0
2191 silly placeDep ROOT mdast-util-to-string@4.0.0 OK for: mdast-util-from-markdown@2.0.3 want: ^4.0.0
2192 silly placeDep ROOT micromark@4.0.2 OK for: mdast-util-from-markdown@2.0.3 want: ^4.0.0
2193 silly placeDep ROOT micromark-util-decode-numeric-character-reference@2.0.2 OK for: mdast-util-from-markdown@2.0.3 want: ^2.0.0
2194 silly placeDep ROOT micromark-util-decode-string@2.0.1 OK for: mdast-util-from-markdown@2.0.3 want: ^2.0.0
2195 silly placeDep ROOT micromark-util-normalize-identifier@2.0.1 OK for: mdast-util-from-markdown@2.0.3 want: ^2.0.0
2196 silly placeDep ROOT unist-util-stringify-position@4.0.0 OK for: mdast-util-from-markdown@2.0.3 want: ^4.0.0
2197 silly fetch manifest character-entities@^2.0.0
2198 silly packumentCache full:https://registry.npmjs.org/character-entities cache-miss
2199 silly fetch manifest @types/debug@^4.0.0
2200 silly packumentCache full:https://registry.npmjs.org/@types%2fdebug cache-miss
2201 silly fetch manifest micromark-core-commonmark@^2.0.0
2202 silly packumentCache full:https://registry.npmjs.org/micromark-core-commonmark cache-miss
2203 silly fetch manifest micromark-factory-space@^2.0.0
2204 silly packumentCache full:https://registry.npmjs.org/micromark-factory-space cache-miss
2205 silly fetch manifest micromark-util-chunked@^2.0.0
2206 silly packumentCache full:https://registry.npmjs.org/micromark-util-chunked cache-miss
2207 silly fetch manifest micromark-util-resolve-all@^2.0.0
2208 silly packumentCache full:https://registry.npmjs.org/micromark-util-resolve-all cache-miss
2209 silly fetch manifest micromark-util-subtokenize@^2.0.0
2210 silly packumentCache full:https://registry.npmjs.org/micromark-util-subtokenize cache-miss
2211 http fetch GET 200 https://registry.npmjs.org/micromark-util-chunked 53ms (cache miss)
2212 silly packumentCache full:https://registry.npmjs.org/micromark-util-chunked set size:undefined disposed:false
2213 http fetch GET 200 https://registry.npmjs.org/micromark-factory-space 58ms (cache miss)
2214 silly packumentCache full:https://registry.npmjs.org/micromark-factory-space set size:undefined disposed:false
2215 http fetch GET 200 https://registry.npmjs.org/micromark-core-commonmark 72ms (cache miss)
2216 silly packumentCache full:https://registry.npmjs.org/micromark-core-commonmark set size:undefined disposed:false
2217 http fetch GET 200 https://registry.npmjs.org/character-entities 286ms (cache miss)
2218 silly packumentCache full:https://registry.npmjs.org/character-entities set size:undefined disposed:false
2219 http fetch GET 200 https://registry.npmjs.org/@types%2fdebug 297ms (cache miss)
2220 silly packumentCache full:https://registry.npmjs.org/@types%2fdebug set size:undefined disposed:false
2221 http fetch GET 200 https://registry.npmjs.org/micromark-util-subtokenize 297ms (cache miss)
2222 silly packumentCache full:https://registry.npmjs.org/micromark-util-subtokenize set size:undefined disposed:false
2223 http fetch GET 200 https://registry.npmjs.org/micromark-util-resolve-all 316ms (cache miss)
2224 silly packumentCache full:https://registry.npmjs.org/micromark-util-resolve-all set size:undefined disposed:false
2225 silly placeDep ROOT character-entities@2.0.2 OK for: decode-named-character-reference@1.3.0 want: ^2.0.0
2226 silly placeDep ROOT mdast-util-find-and-replace@3.0.2 OK for: mdast-util-gfm-autolink-literal@2.0.1 want: ^3.0.0
2227 silly fetch manifest escape-string-regexp@^5.0.0
2228 silly packumentCache full:https://registry.npmjs.org/escape-string-regexp cache-miss
2229 http fetch GET 200 https://registry.npmjs.org/escape-string-regexp 50ms (cache miss)
2230 silly packumentCache full:https://registry.npmjs.org/escape-string-regexp set size:undefined disposed:false
2231 silly placeDep ROOT escape-string-regexp@5.0.0 OK for: mdast-util-find-and-replace@3.0.2 want: ^5.0.0
2232 silly placeDep ROOT unist-util-is@6.0.1 OK for: mdast-util-find-and-replace@3.0.2 want: ^6.0.0
2233 silly placeDep ROOT markdown-table@3.0.4 OK for: mdast-util-gfm-table@2.0.0 want: ^3.0.0
2234 silly placeDep ROOT longest-streak@3.1.0 OK for: mdast-util-to-markdown@2.1.2 want: ^3.0.0
2235 silly placeDep ROOT mdast-util-phrasing@4.1.0 OK for: mdast-util-to-markdown@2.1.2 want: ^4.0.0
2236 silly placeDep ROOT micromark-util-classify-character@2.0.1 OK for: mdast-util-to-markdown@2.1.2 want: ^2.0.0
2237 silly placeDep ROOT @types/debug@4.1.13 OK for: micromark@4.0.2 want: ^4.0.0
2238 silly placeDep ROOT micromark-core-commonmark@2.0.3 OK for: micromark@4.0.2 want: ^2.0.0
2239 silly placeDep ROOT micromark-factory-space@2.0.1 OK for: micromark@4.0.2 want: ^2.0.0
2240 silly placeDep ROOT micromark-util-chunked@2.0.1 OK for: micromark@4.0.2 want: ^2.0.0
2241 silly placeDep ROOT micromark-util-combine-extensions@2.0.1 OK for: micromark@4.0.2 want: ^2.0.0
2242 silly placeDep ROOT micromark-util-resolve-all@2.0.1 OK for: micromark@4.0.2 want: ^2.0.0
2243 silly placeDep ROOT micromark-util-subtokenize@2.1.0 OK for: micromark@4.0.2 want: ^2.0.0
2244 silly fetch manifest @types/ms@*
2245 silly packumentCache full:https://registry.npmjs.org/@types%2fms cache-miss
2246 silly fetch manifest micromark-factory-destination@^2.0.0
2247 silly packumentCache full:https://registry.npmjs.org/micromark-factory-destination cache-miss
2248 silly fetch manifest micromark-factory-label@^2.0.0
2249 silly packumentCache full:https://registry.npmjs.org/micromark-factory-label cache-miss
2250 silly fetch manifest micromark-factory-title@^2.0.0
2251 silly packumentCache full:https://registry.npmjs.org/micromark-factory-title cache-miss
2252 silly fetch manifest micromark-factory-whitespace@^2.0.0
2253 silly packumentCache full:https://registry.npmjs.org/micromark-factory-whitespace cache-miss
2254 silly fetch manifest micromark-util-html-tag-name@^2.0.0
2255 silly packumentCache full:https://registry.npmjs.org/micromark-util-html-tag-name cache-miss
2256 http fetch GET 200 https://registry.npmjs.org/micromark-factory-label 38ms (cache miss)
2257 silly packumentCache full:https://registry.npmjs.org/micromark-factory-label set size:undefined disposed:false
2258 http fetch GET 200 https://registry.npmjs.org/micromark-util-html-tag-name 38ms (cache miss)
2259 silly packumentCache full:https://registry.npmjs.org/micromark-util-html-tag-name set size:undefined disposed:false
2260 http fetch GET 200 https://registry.npmjs.org/micromark-factory-destination 45ms (cache miss)
2261 silly packumentCache full:https://registry.npmjs.org/micromark-factory-destination set size:undefined disposed:false
2262 http fetch GET 200 https://registry.npmjs.org/micromark-factory-whitespace 45ms (cache miss)
2263 silly packumentCache full:https://registry.npmjs.org/micromark-factory-whitespace set size:undefined disposed:false
2264 http fetch GET 200 https://registry.npmjs.org/@types%2fms 63ms (cache miss)
2265 silly packumentCache full:https://registry.npmjs.org/@types%2fms set size:undefined disposed:false
2266 http fetch GET 200 https://registry.npmjs.org/micromark-factory-title 266ms (cache miss)
2267 silly packumentCache full:https://registry.npmjs.org/micromark-factory-title set size:undefined disposed:false
2268 silly placeDep ROOT @types/ms@2.1.0 OK for: @types/debug@4.1.13 want: *
2269 silly placeDep ROOT micromark-factory-destination@2.0.1 OK for: micromark-core-commonmark@2.0.3 want: ^2.0.0
2270 silly placeDep ROOT micromark-factory-label@2.0.1 OK for: micromark-core-commonmark@2.0.3 want: ^2.0.0
2271 silly placeDep ROOT micromark-factory-title@2.0.1 OK for: micromark-core-commonmark@2.0.3 want: ^2.0.0
2272 silly placeDep ROOT micromark-factory-whitespace@2.0.1 OK for: micromark-core-commonmark@2.0.3 want: ^2.0.0
2273 silly placeDep ROOT micromark-util-html-tag-name@2.0.1 OK for: micromark-core-commonmark@2.0.3 want: ^2.0.0
2274 silly placeDep ROOT micromark-extension-gfm-autolink-literal@2.1.0 OK for: micromark-extension-gfm@3.0.0 want: ^2.0.0
2275 silly placeDep ROOT micromark-extension-gfm-footnote@2.1.0 OK for: micromark-extension-gfm@3.0.0 want: ^2.0.0
2276 silly placeDep ROOT micromark-extension-gfm-strikethrough@2.1.0 OK for: micromark-extension-gfm@3.0.0 want: ^2.0.0
2277 silly placeDep ROOT micromark-extension-gfm-table@2.1.1 OK for: micromark-extension-gfm@3.0.0 want: ^2.0.0
2278 silly placeDep ROOT micromark-extension-gfm-tagfilter@2.0.0 OK for: micromark-extension-gfm@3.0.0 want: ^2.0.0
2279 silly placeDep ROOT micromark-extension-gfm-task-list-item@2.1.0 OK for: micromark-extension-gfm@3.0.0 want: ^2.0.0
2280 silly placeDep ROOT retext@9.0.0 OK for: remark-smartypants@3.0.3 want: ^9.0.0
2281 silly placeDep ROOT retext-smartypants@6.2.0 OK for: remark-smartypants@3.0.3 want: ^6.0.0
2282 silly fetch manifest @types/nlcst@^2.0.0
2283 silly packumentCache full:https://registry.npmjs.org/@types%2fnlcst cache-miss
2284 silly fetch manifest retext-latin@^4.0.0
2285 silly packumentCache full:https://registry.npmjs.org/retext-latin cache-miss
2286 silly fetch manifest retext-stringify@^4.0.0
2287 silly packumentCache full:https://registry.npmjs.org/retext-stringify cache-miss
2288 silly fetch manifest @types/nlcst@^2.0.0
2289 silly packumentCache full:https://registry.npmjs.org/@types%2fnlcst cache-miss
2290 silly fetch manifest nlcst-to-string@^4.0.0
2291 silly packumentCache full:https://registry.npmjs.org/nlcst-to-string cache-miss
2292 http fetch GET 200 https://registry.npmjs.org/retext-stringify 35ms (cache miss)
2293 silly packumentCache full:https://registry.npmjs.org/retext-stringify set size:undefined disposed:false
2294 http fetch GET 200 https://registry.npmjs.org/retext-latin 291ms (cache miss)
2295 silly packumentCache full:https://registry.npmjs.org/retext-latin set size:undefined disposed:false
2296 http fetch GET 200 https://registry.npmjs.org/nlcst-to-string 309ms (cache miss)
2297 silly packumentCache full:https://registry.npmjs.org/nlcst-to-string set size:undefined disposed:false
2298 http fetch GET 200 https://registry.npmjs.org/@types%2fnlcst 534ms (cache miss)
2299 silly packumentCache full:https://registry.npmjs.org/@types%2fnlcst set size:undefined disposed:false
2300 http fetch GET 200 https://registry.npmjs.org/@types%2fnlcst 535ms (cache miss)
2301 silly packumentCache full:https://registry.npmjs.org/@types%2fnlcst set size:undefined disposed:false
2302 silly placeDep ROOT @types/nlcst@2.0.3 OK for: retext@9.0.0 want: ^2.0.0
2303 silly placeDep ROOT retext-latin@4.0.0 OK for: retext@9.0.0 want: ^4.0.0
2304 silly placeDep ROOT retext-stringify@4.0.0 OK for: retext@9.0.0 want: ^4.0.0
2305 silly fetch manifest parse-latin@^7.0.0
2306 silly packumentCache full:https://registry.npmjs.org/parse-latin cache-miss
2307 http fetch GET 200 https://registry.npmjs.org/parse-latin 49ms (cache miss)
2308 silly packumentCache full:https://registry.npmjs.org/parse-latin set size:undefined disposed:false
2309 silly placeDep ROOT parse-latin@7.0.0 OK for: retext-latin@4.0.0 want: ^7.0.0
2310 silly fetch manifest unist-util-modify-children@^4.0.0
2311 silly packumentCache full:https://registry.npmjs.org/unist-util-modify-children cache-miss
2312 silly fetch manifest unist-util-visit-children@^3.0.0
2313 silly packumentCache full:https://registry.npmjs.org/unist-util-visit-children cache-miss
2314 http fetch GET 200 https://registry.npmjs.org/unist-util-modify-children 50ms (cache miss)
2315 silly packumentCache full:https://registry.npmjs.org/unist-util-modify-children set size:undefined disposed:false
2316 http fetch GET 200 https://registry.npmjs.org/unist-util-visit-children 305ms (cache miss)
2317 silly packumentCache full:https://registry.npmjs.org/unist-util-visit-children set size:undefined disposed:false
2318 silly placeDep ROOT nlcst-to-string@4.0.0 OK for: parse-latin@7.0.0 want: ^4.0.0
2319 silly placeDep ROOT unist-util-modify-children@4.0.0 OK for: parse-latin@7.0.0 want: ^4.0.0
2320 silly placeDep ROOT unist-util-visit-children@3.0.0 OK for: parse-latin@7.0.0 want: ^3.0.0
2321 silly fetch manifest array-iterate@^2.0.0
2322 silly packumentCache full:https://registry.npmjs.org/array-iterate cache-miss
2323 http fetch GET 200 https://registry.npmjs.org/array-iterate 331ms (cache miss)
2324 silly packumentCache full:https://registry.npmjs.org/array-iterate set size:undefined disposed:false
2325 silly placeDep ROOT @img/colour@1.1.0 OK for: sharp@0.34.5 want: ^1.0.0
2326 silly placeDep ROOT @img/sharp-darwin-arm64@0.34.5 OK for: sharp@0.34.5 want: 0.34.5
2327 silly placeDep ROOT @img/sharp-darwin-x64@0.34.5 OK for: sharp@0.34.5 want: 0.34.5
2328 silly placeDep ROOT @img/sharp-libvips-darwin-arm64@1.2.4 OK for: sharp@0.34.5 want: 1.2.4
2329 silly placeDep ROOT @img/sharp-libvips-darwin-x64@1.2.4 OK for: sharp@0.34.5 want: 1.2.4
2330 silly placeDep ROOT @img/sharp-libvips-linux-arm@1.2.4 OK for: sharp@0.34.5 want: 1.2.4
2331 silly placeDep ROOT @img/sharp-libvips-linux-arm64@1.2.4 OK for: sharp@0.34.5 want: 1.2.4
2332 silly placeDep ROOT @img/sharp-libvips-linux-ppc64@1.2.4 OK for: sharp@0.34.5 want: 1.2.4
2333 silly placeDep ROOT @img/sharp-libvips-linux-riscv64@1.2.4 OK for: sharp@0.34.5 want: 1.2.4
2334 silly placeDep ROOT @img/sharp-libvips-linux-s390x@1.2.4 OK for: sharp@0.34.5 want: 1.2.4
2335 silly placeDep ROOT @img/sharp-libvips-linux-x64@1.2.4 OK for: sharp@0.34.5 want: 1.2.4
2336 silly placeDep ROOT @img/sharp-libvips-linuxmusl-arm64@1.2.4 OK for: sharp@0.34.5 want: 1.2.4
2337 silly placeDep ROOT @img/sharp-libvips-linuxmusl-x64@1.2.4 OK for: sharp@0.34.5 want: 1.2.4
2338 silly placeDep ROOT @img/sharp-linux-arm@0.34.5 OK for: sharp@0.34.5 want: 0.34.5
2339 silly placeDep ROOT @img/sharp-linux-arm64@0.34.5 OK for: sharp@0.34.5 want: 0.34.5
2340 silly placeDep ROOT @img/sharp-linux-ppc64@0.34.5 OK for: sharp@0.34.5 want: 0.34.5
2341 silly placeDep ROOT @img/sharp-linux-riscv64@0.34.5 OK for: sharp@0.34.5 want: 0.34.5
2342 silly placeDep ROOT @img/sharp-linux-s390x@0.34.5 OK for: sharp@0.34.5 want: 0.34.5
2343 silly placeDep ROOT @img/sharp-linux-x64@0.34.5 OK for: sharp@0.34.5 want: 0.34.5
2344 silly placeDep ROOT @img/sharp-linuxmusl-arm64@0.34.5 OK for: sharp@0.34.5 want: 0.34.5
2345 silly placeDep ROOT @img/sharp-linuxmusl-x64@0.34.5 OK for: sharp@0.34.5 want: 0.34.5
2346 silly placeDep ROOT @img/sharp-wasm32@0.34.5 OK for: sharp@0.34.5 want: 0.34.5
2347 silly placeDep ROOT @img/sharp-win32-arm64@0.34.5 OK for: sharp@0.34.5 want: 0.34.5
2348 silly placeDep ROOT @img/sharp-win32-ia32@0.34.5 OK for: sharp@0.34.5 want: 0.34.5
2349 silly placeDep ROOT @img/sharp-win32-x64@0.34.5 OK for: sharp@0.34.5 want: 0.34.5
2350 silly fetch manifest @emnapi/runtime@^1.7.0
2351 silly packumentCache full:https://registry.npmjs.org/@emnapi%2fruntime cache-miss
2352 http fetch GET 200 https://registry.npmjs.org/@emnapi%2fruntime 77ms (cache miss)
2353 silly packumentCache full:https://registry.npmjs.org/@emnapi%2fruntime set size:undefined disposed:false
2354 silly placeDep ROOT @emnapi/runtime@1.11.3 OK for: @img/sharp-wasm32@0.34.5 want: ^1.7.0
2355 silly fetch manifest tslib@^2.4.0
2356 silly packumentCache full:https://registry.npmjs.org/tslib cache-miss
2357 http fetch GET 200 https://registry.npmjs.org/tslib 48ms (cache miss)
2358 silly packumentCache full:https://registry.npmjs.org/tslib set size:undefined disposed:false
2359 silly placeDep ROOT tslib@2.8.1 OK for: @emnapi/runtime@1.11.3 want: ^2.4.0
2360 silly placeDep ROOT @shikijs/core@3.23.0 OK for: shiki@3.23.0 want: 3.23.0
2361 silly placeDep ROOT @shikijs/engine-javascript@3.23.0 OK for: shiki@3.23.0 want: 3.23.0
2362 silly placeDep ROOT @shikijs/engine-oniguruma@3.23.0 OK for: shiki@3.23.0 want: 3.23.0
2363 silly placeDep ROOT @shikijs/langs@3.23.0 OK for: shiki@3.23.0 want: 3.23.0
2364 silly placeDep ROOT @shikijs/themes@3.23.0 OK for: shiki@3.23.0 want: 3.23.0
2365 silly placeDep ROOT @shikijs/types@3.23.0 OK for: shiki@3.23.0 want: 3.23.0
2366 silly placeDep ROOT @shikijs/vscode-textmate@10.0.2 OK for: shiki@3.23.0 want: ^10.0.2
2367 silly fetch manifest oniguruma-to-es@^4.3.4
2368 silly packumentCache full:https://registry.npmjs.org/oniguruma-to-es cache-miss
2369 http fetch GET 200 https://registry.npmjs.org/oniguruma-to-es 63ms (cache miss)
2370 silly packumentCache full:https://registry.npmjs.org/oniguruma-to-es set size:undefined disposed:false
2371 silly placeDep ROOT oniguruma-to-es@4.3.6 OK for: @shikijs/engine-javascript@3.23.0 want: ^4.3.4
2372 silly fetch manifest oniguruma-parser@^0.12.2
2373 silly packumentCache full:https://registry.npmjs.org/oniguruma-parser cache-miss
2374 silly fetch manifest regex@^6.1.0
2375 silly packumentCache full:https://registry.npmjs.org/regex cache-miss
2376 silly fetch manifest regex-recursion@^6.0.2
2377 silly packumentCache full:https://registry.npmjs.org/regex-recursion cache-miss
2378 http fetch GET 200 https://registry.npmjs.org/oniguruma-parser 62ms (cache miss)
2379 silly packumentCache full:https://registry.npmjs.org/oniguruma-parser set size:undefined disposed:false
2380 http fetch GET 200 https://registry.npmjs.org/regex-recursion 310ms (cache miss)
2381 silly packumentCache full:https://registry.npmjs.org/regex-recursion set size:undefined disposed:false
2382 http fetch GET 200 https://registry.npmjs.org/regex 331ms (cache miss)
2383 silly packumentCache full:https://registry.npmjs.org/regex set size:undefined disposed:false
2384 silly placeDep ROOT oniguruma-parser@0.12.2 OK for: oniguruma-to-es@4.3.6 want: ^0.12.2
2385 silly placeDep ROOT regex@6.1.0 OK for: oniguruma-to-es@4.3.6 want: ^6.1.0
2386 silly placeDep ROOT regex-recursion@6.0.2 OK for: oniguruma-to-es@4.3.6 want: ^6.0.2
2387 silly fetch manifest regex-utilities@^2.3.0
2388 silly packumentCache full:https://registry.npmjs.org/regex-utilities cache-miss
2389 silly fetch manifest regex-utilities@^2.3.0
2390 silly packumentCache full:https://registry.npmjs.org/regex-utilities cache-miss
2391 http fetch GET 200 https://registry.npmjs.org/regex-utilities 29ms (cache miss)
2392 silly packumentCache full:https://registry.npmjs.org/regex-utilities set size:undefined disposed:false
2393 http fetch GET 200 https://registry.npmjs.org/regex-utilities 101ms (cache miss)
2394 silly packumentCache full:https://registry.npmjs.org/regex-utilities set size:undefined disposed:false
2395 silly placeDep ROOT regex-utilities@2.3.0 OK for: regex@6.1.0 want: ^2.3.0
2396 silly placeDep ROOT @types/node@24.13.3 OK for: sitemap@9.0.1 want: ^24.9.2
2397 silly placeDep ROOT @types/sax@1.2.7 OK for: sitemap@9.0.1 want: ^1.2.1
2398 silly placeDep ROOT arg@5.0.2 OK for: sitemap@9.0.1 want: ^5.0.0
2399 silly placeDep ROOT sax@1.6.1 OK for: sitemap@9.0.1 want: ^1.4.1
2400 silly fetch manifest undici-types@~7.18.0
2401 silly packumentCache full:https://registry.npmjs.org/undici-types cache-miss
2402 http fetch GET 200 https://registry.npmjs.org/undici-types 53ms (cache miss)
2403 silly packumentCache full:https://registry.npmjs.org/undici-types set size:undefined disposed:false
2404 silly placeDep ROOT undici-types@7.18.2 OK for: @types/node@24.13.3 want: ~7.18.0
2405 silly placeDep ROOT emoji-regex@10.6.0 OK for: string-width@7.2.0 want: ^10.3.0
2406 silly placeDep ROOT get-east-asian-width@1.6.0 OK for: string-width@7.2.0 want: ^1.0.0
2407 silly placeDep ROOT strip-ansi@7.2.0 OK for: string-width@7.2.0 want: ^7.1.0
2408 silly fetch manifest ansi-regex@^6.2.2
2409 silly packumentCache full:https://registry.npmjs.org/ansi-regex cache-miss
2410 http fetch GET 200 https://registry.npmjs.org/ansi-regex 59ms (cache miss)
2411 silly packumentCache full:https://registry.npmjs.org/ansi-regex set size:undefined disposed:false
2412 silly placeDep ROOT character-entities-html4@2.1.0 OK for: stringify-entities@4.0.4 want: ^2.0.0
2413 silly placeDep ROOT character-entities-legacy@3.0.0 OK for: stringify-entities@4.0.4 want: ^3.0.0
2414 silly placeDep ROOT ansi-regex@6.3.0 OK for: strip-ansi@7.2.0 want: ^6.2.2
2415 silly placeDep ROOT commander@11.1.0 OK for: svgo@4.0.2 want: ^11.1.0
2416 silly placeDep ROOT css-select@5.2.2 OK for: svgo@4.0.2 want: ^5.1.0
2417 silly placeDep ROOT css-tree@3.2.1 OK for: svgo@4.0.2 want: ^3.0.1
2418 silly placeDep ROOT css-what@6.2.2 OK for: svgo@4.0.2 want: ^6.1.0
2419 silly placeDep ROOT csso@5.0.5 OK for: svgo@4.0.2 want: ^5.0.5
2420 silly placeDep ROOT picocolors@1.1.1 OK for: svgo@4.0.2 want: ^1.1.1
2421 silly fetch manifest boolbase@^1.0.0
2422 silly packumentCache full:https://registry.npmjs.org/boolbase cache-miss
2423 silly fetch manifest domutils@^3.0.1
2424 silly packumentCache full:https://registry.npmjs.org/domutils cache-miss
2425 silly fetch manifest nth-check@^2.0.1
2426 silly packumentCache full:https://registry.npmjs.org/nth-check cache-miss
2427 silly fetch manifest domhandler@^5.0.2
2428 silly packumentCache full:https://registry.npmjs.org/domhandler cache-miss
2429 silly fetch manifest mdn-data@2.27.1
2430 silly packumentCache full:https://registry.npmjs.org/mdn-data cache-miss
2431 silly fetch manifest css-tree@~2.2.0
2432 silly packumentCache full:https://registry.npmjs.org/css-tree cache-hit
2433 http fetch GET 200 https://registry.npmjs.org/nth-check 37ms (cache miss)
2434 silly packumentCache full:https://registry.npmjs.org/nth-check set size:undefined disposed:false
2435 http fetch GET 200 https://registry.npmjs.org/boolbase 59ms (cache miss)
2436 silly packumentCache full:https://registry.npmjs.org/boolbase set size:undefined disposed:false
2437 http fetch GET 200 https://registry.npmjs.org/domhandler 59ms (cache miss)
2438 silly packumentCache full:https://registry.npmjs.org/domhandler set size:undefined disposed:false
2439 http fetch GET 200 https://registry.npmjs.org/mdn-data 110ms (cache miss)
2440 silly packumentCache full:https://registry.npmjs.org/mdn-data set size:undefined disposed:false
2441 http fetch GET 200 https://registry.npmjs.org/domutils 289ms (cache miss)
2442 silly packumentCache full:https://registry.npmjs.org/domutils set size:undefined disposed:false
2443 silly placeDep ROOT boolbase@1.0.0 OK for: css-select@5.2.2 want: ^1.0.0
2444 silly placeDep ROOT domhandler@5.0.3 OK for: css-select@5.2.2 want: ^5.0.2
2445 silly placeDep ROOT domutils@3.2.2 OK for: css-select@5.2.2 want: ^3.0.1
2446 silly placeDep ROOT nth-check@2.1.1 OK for: css-select@5.2.2 want: ^2.0.1
2447 silly fetch manifest domelementtype@^2.3.0
2448 silly packumentCache full:https://registry.npmjs.org/domelementtype cache-miss
2449 silly fetch manifest dom-serializer@^2.0.0
2450 silly packumentCache full:https://registry.npmjs.org/dom-serializer cache-miss
2451 silly fetch manifest domelementtype@^2.3.0
2452 silly packumentCache full:https://registry.npmjs.org/domelementtype cache-miss
2453 http fetch GET 200 https://registry.npmjs.org/dom-serializer 44ms (cache miss)
2454 silly packumentCache full:https://registry.npmjs.org/dom-serializer set size:undefined disposed:false
2455 http fetch GET 200 https://registry.npmjs.org/domelementtype 45ms (cache miss)
2456 silly packumentCache full:https://registry.npmjs.org/domelementtype set size:undefined disposed:false
2457 http fetch GET 200 https://registry.npmjs.org/domelementtype 61ms (cache miss)
2458 silly packumentCache full:https://registry.npmjs.org/domelementtype set size:undefined disposed:false
2459 silly placeDep ROOT mdn-data@2.27.1 OK for: css-tree@3.2.1 want: 2.27.1
2460 silly placeDep node_modules/csso css-tree@2.2.1 OK for: csso@5.0.5 want: ~2.2.0
2461 silly fetch manifest mdn-data@2.0.28
2462 silly packumentCache full:https://registry.npmjs.org/mdn-data cache-miss
2463 http cache https://registry.npmjs.org/mdn-data 3ms (cache hit)
2464 silly packumentCache full:https://registry.npmjs.org/mdn-data set size:185699 disposed:false
2465 silly placeDep ROOT domelementtype@2.3.0 OK for: domhandler@5.0.3 want: ^2.3.0
2466 silly placeDep ROOT dom-serializer@2.0.0 OK for: domutils@3.2.2 want: ^2.0.0
2467 silly fetch manifest entities@^4.2.0
2468 silly packumentCache full:https://registry.npmjs.org/entities cache-miss
2469 http cache https://registry.npmjs.org/entities 3ms (cache hit)
2470 silly packumentCache full:https://registry.npmjs.org/entities set size:101550 disposed:false
2471 silly placeDep node_modules/dom-serializer entities@4.5.0 OK for: dom-serializer@2.0.0 want: ^4.2.0
2472 silly placeDep ROOT fdir@6.5.0 OK for: tinyglobby@0.2.17 want: ^6.5.0
2473 silly placeDep ROOT bail@2.0.2 OK for: unified@11.0.5 want: ^2.0.0
2474 silly placeDep ROOT extend@3.0.2 OK for: unified@11.0.5 want: ^3.0.0
2475 silly placeDep ROOT is-plain-obj@4.1.0 OK for: unified@11.0.5 want: ^4.0.0
2476 silly placeDep ROOT trough@2.2.0 OK for: unified@11.0.5 want: ^2.0.0
2477 silly placeDep ROOT ohash@2.0.12 OK for: unifont@0.7.5 want: ^2.0.11
2478 silly placeDep ROOT undici@8.10.0 OK for: unifont@0.7.5 want: ^8.0.0
2479 silly placeDep ROOT array-iterate@2.0.1 OK for: unist-util-modify-children@4.0.0 want: ^2.0.0
2480 silly placeDep ROOT anymatch@3.1.3 OK for: unstorage@1.17.5 want: ^3.1.3
2481 silly placeDep node_modules/unstorage chokidar@5.0.0 OK for: unstorage@1.17.5 want: ^5.0.0
2482 silly placeDep ROOT destr@2.0.5 OK for: unstorage@1.17.5 want: ^2.0.5
2483 silly placeDep ROOT h3@1.15.11 OK for: unstorage@1.17.5 want: ^1.15.10
2484 silly placeDep ROOT lru-cache@11.5.2 OK for: unstorage@1.17.5 want: ^11.2.7
2485 silly placeDep ROOT node-fetch-native@1.6.7 OK for: unstorage@1.17.5 want: ^1.6.7
2486 silly placeDep ROOT ofetch@1.5.1 OK for: unstorage@1.17.5 want: ^1.5.1
2487 silly placeDep ROOT ufo@1.6.4 OK for: unstorage@1.17.5 want: ^1.6.3
2488 silly fetch manifest picomatch@^2.0.4
2489 silly packumentCache full:https://registry.npmjs.org/picomatch cache-hit
2490 silly fetch manifest normalize-path@^3.0.0
2491 silly packumentCache full:https://registry.npmjs.org/normalize-path cache-miss
2492 silly fetch manifest readdirp@^5.0.0
2493 silly packumentCache full:https://registry.npmjs.org/readdirp cache-miss
2494 silly fetch manifest defu@^6.1.6
2495 silly packumentCache full:https://registry.npmjs.org/defu cache-miss
2496 silly fetch manifest radix3@^1.1.2
2497 silly packumentCache full:https://registry.npmjs.org/radix3 cache-miss
2498 silly fetch manifest crossws@^0.3.5
2499 silly packumentCache full:https://registry.npmjs.org/crossws cache-miss
2500 silly fetch manifest uncrypto@^0.1.3
2501 silly packumentCache full:https://registry.npmjs.org/uncrypto cache-miss
2502 silly fetch manifest cookie-es@^1.2.3
2503 silly packumentCache full:https://registry.npmjs.org/cookie-es cache-miss
2504 http cache https://registry.npmjs.org/readdirp 6ms (cache hit)
2505 silly packumentCache full:https://registry.npmjs.org/readdirp set size:110119 disposed:false
2506 silly fetch manifest iron-webcrypto@^1.2.1
2507 silly packumentCache full:https://registry.npmjs.org/iron-webcrypto cache-miss
2508 http cache https://registry.npmjs.org/crossws 7ms (cache hit)
2509 silly packumentCache full:https://registry.npmjs.org/crossws set size:120040 disposed:false
2510 silly fetch manifest node-mock-http@^1.0.4
2511 silly packumentCache full:https://registry.npmjs.org/node-mock-http cache-miss
2512 http fetch GET 200 https://registry.npmjs.org/uncrypto 53ms (cache miss)
2513 silly packumentCache full:https://registry.npmjs.org/uncrypto set size:undefined disposed:false
2514 silly fetch manifest ufo@^1.6.1
2515 silly packumentCache full:https://registry.npmjs.org/ufo cache-miss
2516 http cache https://registry.npmjs.org/ufo 2ms (cache hit)
2517 silly packumentCache full:https://registry.npmjs.org/ufo set size:169119 disposed:false
2518 http fetch GET 200 https://registry.npmjs.org/cookie-es 73ms (cache miss)
2519 silly packumentCache full:https://registry.npmjs.org/cookie-es set size:undefined disposed:false
2520 http fetch GET 200 https://registry.npmjs.org/normalize-path 76ms (cache miss)
2521 silly packumentCache full:https://registry.npmjs.org/normalize-path set size:undefined disposed:false
2522 http fetch GET 200 https://registry.npmjs.org/node-mock-http 273ms (cache miss)
2523 silly packumentCache full:https://registry.npmjs.org/node-mock-http set size:undefined disposed:false
2524 http fetch GET 200 https://registry.npmjs.org/radix3 282ms (cache miss)
2525 silly packumentCache full:https://registry.npmjs.org/radix3 set size:undefined disposed:false
2526 http fetch GET 200 https://registry.npmjs.org/defu 302ms (cache miss)
2527 silly packumentCache full:https://registry.npmjs.org/defu set size:undefined disposed:false
2528 http fetch GET 200 https://registry.npmjs.org/iron-webcrypto 326ms (cache miss)
2529 silly packumentCache full:https://registry.npmjs.org/iron-webcrypto set size:undefined disposed:false
2530 silly placeDep ROOT normalize-path@3.0.0 OK for: anymatch@3.1.3 want: ^3.0.0
2531 silly placeDep node_modules/anymatch picomatch@2.3.2 OK for: anymatch@3.1.3 want: ^2.0.4
2532 silly placeDep ROOT cookie-es@1.2.3 OK for: h3@1.15.11 want: ^1.2.3
2533 silly placeDep ROOT crossws@0.3.5 OK for: h3@1.15.11 want: ^0.3.5
2534 silly placeDep ROOT defu@6.1.7 OK for: h3@1.15.11 want: ^6.1.6
2535 silly placeDep ROOT iron-webcrypto@1.2.1 OK for: h3@1.15.11 want: ^1.2.1
2536 silly placeDep ROOT node-mock-http@1.0.5 OK for: h3@1.15.11 want: ^1.0.4
2537 silly placeDep ROOT radix3@1.1.2 OK for: h3@1.15.11 want: ^1.1.2
2538 silly placeDep ROOT uncrypto@0.1.3 OK for: h3@1.15.11 want: ^0.1.3
2539 silly placeDep ROOT fsevents@2.3.3 OK for: vite@8.2.2 want: ~2.3.3
2540 silly placeDep node_modules/vite lightningcss@1.33.0 OK for: vite@8.2.2 want: ^1.33.0
2541 silly placeDep ROOT postcss@8.5.26 OK for: vite@8.2.2 want: ^8.5.26
2542 silly placeDep ROOT rolldown@1.2.5 OK for: vite@8.2.2 want: ~1.2.4
2543 silly fetch manifest lightningcss-darwin-x64@1.33.0
2544 silly packumentCache full:https://registry.npmjs.org/lightningcss-darwin-x64 cache-miss
2545 silly fetch manifest lightningcss-linux-x64-gnu@1.33.0
2546 silly packumentCache full:https://registry.npmjs.org/lightningcss-linux-x64-gnu cache-miss
2547 silly fetch manifest lightningcss-win32-x64-msvc@1.33.0
2548 silly packumentCache full:https://registry.npmjs.org/lightningcss-win32-x64-msvc cache-miss
2549 silly fetch manifest lightningcss-win32-arm64-msvc@1.33.0
2550 silly packumentCache full:https://registry.npmjs.org/lightningcss-win32-arm64-msvc cache-miss
2551 silly fetch manifest lightningcss-darwin-arm64@1.33.0
2552 silly packumentCache full:https://registry.npmjs.org/lightningcss-darwin-arm64 cache-miss
2553 silly fetch manifest lightningcss-linux-arm64-gnu@1.33.0
2554 silly packumentCache full:https://registry.npmjs.org/lightningcss-linux-arm64-gnu cache-miss
2555 silly fetch manifest lightningcss-linux-arm-gnueabihf@1.33.0
2556 silly packumentCache full:https://registry.npmjs.org/lightningcss-linux-arm-gnueabihf cache-miss
2557 http cache https://registry.npmjs.org/lightningcss-darwin-arm64 18ms (cache hit)
2558 silly packumentCache full:https://registry.npmjs.org/lightningcss-darwin-arm64 set size:80970 disposed:false
2559 silly fetch manifest lightningcss-linux-arm64-musl@1.33.0
2560 silly packumentCache full:https://registry.npmjs.org/lightningcss-linux-arm64-musl cache-miss
2561 http cache https://registry.npmjs.org/lightningcss-win32-x64-msvc 20ms (cache hit)
2562 silly packumentCache full:https://registry.npmjs.org/lightningcss-win32-x64-msvc set size:81347 disposed:false
2563 silly fetch manifest lightningcss-linux-x64-musl@1.33.0
2564 silly packumentCache full:https://registry.npmjs.org/lightningcss-linux-x64-musl cache-miss
2565 http cache https://registry.npmjs.org/lightningcss-linux-x64-gnu 21ms (cache hit)
2566 silly packumentCache full:https://registry.npmjs.org/lightningcss-linux-x64-gnu set size:81819 disposed:false
2567 silly fetch manifest lightningcss-freebsd-x64@1.33.0
2568 silly packumentCache full:https://registry.npmjs.org/lightningcss-freebsd-x64 cache-miss
2569 http cache https://registry.npmjs.org/lightningcss-darwin-x64 23ms (cache hit)
2570 silly packumentCache full:https://registry.npmjs.org/lightningcss-darwin-x64 set size:80374 disposed:false
2571 silly fetch manifest lightningcss-android-arm64@1.33.0
2572 silly packumentCache full:https://registry.npmjs.org/lightningcss-android-arm64 cache-miss
2573 http cache https://registry.npmjs.org/lightningcss-linux-arm-gnueabihf 23ms (cache hit)
2574 silly packumentCache full:https://registry.npmjs.org/lightningcss-linux-arm-gnueabihf set size:82635 disposed:false
2575 silly fetch manifest nanoid@^3.3.17
2576 silly packumentCache full:https://registry.npmjs.org/nanoid cache-miss
2577 http cache https://registry.npmjs.org/lightningcss-win32-arm64-msvc 23ms (cache hit)
2578 silly packumentCache full:https://registry.npmjs.org/lightningcss-win32-arm64-msvc set size:28346 disposed:false
2579 silly fetch manifest @oxc-project/types@=0.146.0
2580 silly packumentCache full:https://registry.npmjs.org/@oxc-project%2ftypes cache-miss
2581 http cache https://registry.npmjs.org/lightningcss-linux-arm64-gnu 24ms (cache hit)
2582 silly packumentCache full:https://registry.npmjs.org/lightningcss-linux-arm64-gnu set size:82397 disposed:false
2583 silly fetch manifest @rolldown/pluginutils@^1.0.0
2584 silly packumentCache full:https://registry.npmjs.org/@rolldown%2fpluginutils cache-miss
2585 http cache https://registry.npmjs.org/lightningcss-linux-arm64-musl 8ms (cache hit)
2586 silly packumentCache full:https://registry.npmjs.org/lightningcss-linux-arm64-musl set size:82617 disposed:false
2587 silly fetch manifest @rolldown/binding-darwin-x64@1.2.5
2588 silly packumentCache full:https://registry.npmjs.org/@rolldown%2fbinding-darwin-x64 cache-miss
2589 http cache https://registry.npmjs.org/lightningcss-android-arm64 7ms (cache hit)
2590 silly packumentCache full:https://registry.npmjs.org/lightningcss-android-arm64 set size:9371 disposed:false
2591 silly fetch manifest @rolldown/binding-freebsd-x64@1.2.5
2592 silly packumentCache full:https://registry.npmjs.org/@rolldown%2fbinding-freebsd-x64 cache-miss
2593 http cache https://registry.npmjs.org/lightningcss-linux-x64-musl 9ms (cache hit)
2594 silly packumentCache full:https://registry.npmjs.org/lightningcss-linux-x64-musl set size:82032 disposed:false
2595 silly fetch manifest @rolldown/binding-darwin-arm64@1.2.5
2596 silly packumentCache full:https://registry.npmjs.org/@rolldown%2fbinding-darwin-arm64 cache-miss
2597 http cache https://registry.npmjs.org/lightningcss-freebsd-x64 9ms (cache hit)
2598 silly packumentCache full:https://registry.npmjs.org/lightningcss-freebsd-x64 set size:44564 disposed:false
2599 silly fetch manifest @rolldown/binding-android-arm64@1.2.5
2600 silly packumentCache full:https://registry.npmjs.org/@rolldown%2fbinding-android-arm64 cache-miss
2601 http fetch GET 200 https://registry.npmjs.org/nanoid 64ms (cache miss)
2602 silly packumentCache full:https://registry.npmjs.org/nanoid set size:undefined disposed:false
2603 silly fetch manifest @rolldown/binding-linux-x64-gnu@1.2.5
2604 silly packumentCache full:https://registry.npmjs.org/@rolldown%2fbinding-linux-x64-gnu cache-miss
2605 http fetch GET 200 https://registry.npmjs.org/@rolldown%2fpluginutils 74ms (cache miss)
2606 silly packumentCache full:https://registry.npmjs.org/@rolldown%2fpluginutils set size:undefined disposed:false
2607 silly fetch manifest @rolldown/binding-linux-x64-musl@1.2.5
2608 silly packumentCache full:https://registry.npmjs.org/@rolldown%2fbinding-linux-x64-musl cache-miss
2609 http fetch GET 200 https://registry.npmjs.org/@rolldown%2fbinding-freebsd-x64 88ms (cache miss)
2610 silly packumentCache full:https://registry.npmjs.org/@rolldown%2fbinding-freebsd-x64 set size:undefined disposed:false
2611 silly fetch manifest @rolldown/binding-win32-x64-msvc@1.2.5
2612 silly packumentCache full:https://registry.npmjs.org/@rolldown%2fbinding-win32-x64-msvc cache-miss
2613 http fetch GET 200 https://registry.npmjs.org/@rolldown%2fbinding-darwin-x64 99ms (cache miss)
2614 silly packumentCache full:https://registry.npmjs.org/@rolldown%2fbinding-darwin-x64 set size:undefined disposed:false
2615 silly fetch manifest @rolldown/binding-linux-arm64-gnu@1.2.5
2616 silly packumentCache full:https://registry.npmjs.org/@rolldown%2fbinding-linux-arm64-gnu cache-miss
2617 http fetch GET 200 https://registry.npmjs.org/@rolldown%2fbinding-darwin-arm64 113ms (cache miss)
2618 silly packumentCache full:https://registry.npmjs.org/@rolldown%2fbinding-darwin-arm64 set size:undefined disposed:false
2619 silly fetch manifest @rolldown/binding-linux-ppc64-gnu@1.2.5
2620 silly packumentCache full:https://registry.npmjs.org/@rolldown%2fbinding-linux-ppc64-gnu cache-miss
2621 http fetch GET 200 https://registry.npmjs.org/@rolldown%2fbinding-linux-x64-musl 232ms (cache miss)
2622 silly packumentCache full:https://registry.npmjs.org/@rolldown%2fbinding-linux-x64-musl set size:undefined disposed:false
2623 silly fetch manifest @rolldown/binding-linux-s390x-gnu@1.2.5
2624 silly packumentCache full:https://registry.npmjs.org/@rolldown%2fbinding-linux-s390x-gnu cache-miss
2625 http fetch GET 200 https://registry.npmjs.org/@rolldown%2fbinding-android-arm64 338ms (cache miss)
2626 silly packumentCache full:https://registry.npmjs.org/@rolldown%2fbinding-android-arm64 set size:undefined disposed:false
2627 silly fetch manifest @rolldown/binding-android-arm-eabi@1.2.5
2628 silly packumentCache full:https://registry.npmjs.org/@rolldown%2fbinding-android-arm-eabi cache-miss
2629 http fetch GET 200 https://registry.npmjs.org/@oxc-project%2ftypes 367ms (cache miss)
2630 silly packumentCache full:https://registry.npmjs.org/@oxc-project%2ftypes set size:undefined disposed:false
2631 silly fetch manifest @rolldown/binding-linux-arm64-musl@1.2.5
2632 silly packumentCache full:https://registry.npmjs.org/@rolldown%2fbinding-linux-arm64-musl cache-miss
2633 http fetch GET 200 https://registry.npmjs.org/@rolldown%2fbinding-linux-s390x-gnu 59ms (cache miss)
2634 silly packumentCache full:https://registry.npmjs.org/@rolldown%2fbinding-linux-s390x-gnu set size:undefined disposed:false
2635 silly fetch manifest @rolldown/binding-win32-arm64-msvc@1.2.5
2636 silly packumentCache full:https://registry.npmjs.org/@rolldown%2fbinding-win32-arm64-msvc cache-miss
2637 http fetch GET 200 https://registry.npmjs.org/@rolldown%2fbinding-linux-x64-gnu 366ms (cache miss)
2638 silly packumentCache full:https://registry.npmjs.org/@rolldown%2fbinding-linux-x64-gnu set size:undefined disposed:false
2639 silly fetch manifest @rolldown/binding-openharmony-arm64@1.2.5
2640 silly packumentCache full:https://registry.npmjs.org/@rolldown%2fbinding-openharmony-arm64 cache-miss
2641 http fetch GET 200 https://registry.npmjs.org/@rolldown%2fbinding-win32-x64-msvc 345ms (cache miss)
2642 silly packumentCache full:https://registry.npmjs.org/@rolldown%2fbinding-win32-x64-msvc set size:undefined disposed:false
2643 silly fetch manifest @rolldown/binding-linux-arm-gnueabihf@1.2.5
2644 silly packumentCache full:https://registry.npmjs.org/@rolldown%2fbinding-linux-arm-gnueabihf cache-miss
2645 http fetch GET 200 https://registry.npmjs.org/@rolldown%2fbinding-win32-arm64-msvc 83ms (cache miss)
2646 silly packumentCache full:https://registry.npmjs.org/@rolldown%2fbinding-win32-arm64-msvc set size:undefined disposed:false
2647 http fetch GET 200 https://registry.npmjs.org/@rolldown%2fbinding-linux-arm64-musl 100ms (cache miss)
2648 silly packumentCache full:https://registry.npmjs.org/@rolldown%2fbinding-linux-arm64-musl set size:undefined disposed:false
2649 http fetch GET 200 https://registry.npmjs.org/@rolldown%2fbinding-openharmony-arm64 53ms (cache miss)
2650 silly packumentCache full:https://registry.npmjs.org/@rolldown%2fbinding-openharmony-arm64 set size:undefined disposed:false
2651 http fetch GET 200 https://registry.npmjs.org/@rolldown%2fbinding-linux-arm64-gnu 463ms (cache miss)
2652 silly packumentCache full:https://registry.npmjs.org/@rolldown%2fbinding-linux-arm64-gnu set size:undefined disposed:false
2653 http fetch GET 200 https://registry.npmjs.org/@rolldown%2fbinding-android-arm-eabi 361ms (cache miss)
2654 silly packumentCache full:https://registry.npmjs.org/@rolldown%2fbinding-android-arm-eabi set size:undefined disposed:false
2655 http fetch GET 200 https://registry.npmjs.org/@rolldown%2fbinding-linux-ppc64-gnu 592ms (cache miss)
2656 silly packumentCache full:https://registry.npmjs.org/@rolldown%2fbinding-linux-ppc64-gnu set size:undefined disposed:false
2657 http fetch GET 200 https://registry.npmjs.org/@rolldown%2fbinding-linux-arm-gnueabihf 891ms (cache miss)
2658 silly packumentCache full:https://registry.npmjs.org/@rolldown%2fbinding-linux-arm-gnueabihf set size:undefined disposed:false
2659 silly placeDep ROOT nanoid@3.3.18 OK for: postcss@8.5.26 want: ^3.3.17
2660 silly placeDep ROOT @oxc-project/types@0.146.0 OK for: rolldown@1.2.5 want: =0.146.0
2661 silly placeDep ROOT @rolldown/binding-android-arm-eabi@1.2.5 OK for: rolldown@1.2.5 want: 1.2.5
2662 silly placeDep ROOT @rolldown/binding-android-arm64@1.2.5 OK for: rolldown@1.2.5 want: 1.2.5
2663 silly placeDep ROOT @rolldown/binding-darwin-arm64@1.2.5 OK for: rolldown@1.2.5 want: 1.2.5
2664 silly placeDep ROOT @rolldown/binding-darwin-x64@1.2.5 OK for: rolldown@1.2.5 want: 1.2.5
2665 silly placeDep ROOT @rolldown/binding-freebsd-x64@1.2.5 OK for: rolldown@1.2.5 want: 1.2.5
2666 silly placeDep ROOT @rolldown/binding-linux-arm-gnueabihf@1.2.5 OK for: rolldown@1.2.5 want: 1.2.5
2667 silly placeDep ROOT @rolldown/binding-linux-arm64-gnu@1.2.5 OK for: rolldown@1.2.5 want: 1.2.5
2668 silly placeDep ROOT @rolldown/binding-linux-arm64-musl@1.2.5 OK for: rolldown@1.2.5 want: 1.2.5
2669 silly placeDep ROOT @rolldown/binding-linux-ppc64-gnu@1.2.5 OK for: rolldown@1.2.5 want: 1.2.5
2670 silly placeDep ROOT @rolldown/binding-linux-s390x-gnu@1.2.5 OK for: rolldown@1.2.5 want: 1.2.5
2671 silly placeDep ROOT @rolldown/binding-linux-x64-gnu@1.2.5 OK for: rolldown@1.2.5 want: 1.2.5
2672 silly placeDep ROOT @rolldown/binding-linux-x64-musl@1.2.5 OK for: rolldown@1.2.5 want: 1.2.5
2673 silly placeDep ROOT @rolldown/binding-openharmony-arm64@1.2.5 OK for: rolldown@1.2.5 want: 1.2.5
2674 silly placeDep ROOT @rolldown/binding-win32-arm64-msvc@1.2.5 OK for: rolldown@1.2.5 want: 1.2.5
2675 silly placeDep ROOT @rolldown/binding-win32-x64-msvc@1.2.5 OK for: rolldown@1.2.5 want: 1.2.5
2676 silly placeDep ROOT @rolldown/pluginutils@1.0.1 OK for: rolldown@1.2.5 want: ^1.0.0
2677 silly placeDep ROOT vscode-css-languageservice@6.3.10 OK for: volar-service-css@0.0.71 want: ^6.3.0
2678 silly fetch manifest vscode-languageserver-types@3.17.5
2679 silly packumentCache full:https://registry.npmjs.org/vscode-languageserver-types cache-hit
2680 silly placeDep ROOT @emmetio/css-parser@0.4.1 OK for: volar-service-emmet@0.0.71 want: ^0.4.1
2681 silly placeDep ROOT @emmetio/html-matcher@1.3.0 OK for: volar-service-emmet@0.0.71 want: ^1.3.0
2682 silly placeDep ROOT @vscode/emmet-helper@2.11.0 OK for: volar-service-emmet@0.0.71 want: ^2.9.3
2683 silly fetch manifest @emmetio/stream-reader@^2.2.0
2684 silly packumentCache full:https://registry.npmjs.org/@emmetio%2fstream-reader cache-miss
2685 silly fetch manifest @emmetio/stream-reader-utils@^0.1.0
2686 silly packumentCache full:https://registry.npmjs.org/@emmetio%2fstream-reader-utils cache-miss
2687 silly fetch manifest @emmetio/scanner@^1.0.0
2688 silly packumentCache full:https://registry.npmjs.org/@emmetio%2fscanner cache-miss
2689 silly fetch manifest emmet@^2.4.3
2690 silly packumentCache full:https://registry.npmjs.org/emmet cache-miss
2691 silly fetch manifest jsonc-parser@^2.3.0
2692 silly packumentCache full:https://registry.npmjs.org/jsonc-parser cache-miss
2693 silly fetch manifest vscode-languageserver-types@^3.15.1
2694 silly packumentCache full:https://registry.npmjs.org/vscode-languageserver-types cache-hit
2695 http fetch GET 200 https://registry.npmjs.org/jsonc-parser 88ms (cache miss)
2696 silly packumentCache full:https://registry.npmjs.org/jsonc-parser set size:undefined disposed:false
2697 http fetch GET 200 https://registry.npmjs.org/@emmetio%2fscanner 331ms (cache miss)
2698 silly packumentCache full:https://registry.npmjs.org/@emmetio%2fscanner set size:undefined disposed:false
2699 http fetch GET 200 https://registry.npmjs.org/emmet 341ms (cache miss)
2700 silly packumentCache full:https://registry.npmjs.org/emmet set size:undefined disposed:false
2701 http fetch GET 200 https://registry.npmjs.org/@emmetio%2fstream-reader 411ms (cache miss)
2702 silly packumentCache full:https://registry.npmjs.org/@emmetio%2fstream-reader set size:undefined disposed:false
2703 http fetch GET 200 https://registry.npmjs.org/@emmetio%2fstream-reader-utils 798ms (cache miss)
2704 silly packumentCache full:https://registry.npmjs.org/@emmetio%2fstream-reader-utils set size:undefined disposed:false
2705 silly placeDep ROOT @emmetio/stream-reader@2.2.0 OK for: @emmetio/css-parser@0.4.1 want: ^2.2.0
2706 silly placeDep ROOT @emmetio/stream-reader-utils@0.1.0 OK for: @emmetio/css-parser@0.4.1 want: ^0.1.0
2707 silly placeDep ROOT @emmetio/scanner@1.0.4 OK for: @emmetio/html-matcher@1.3.0 want: ^1.0.0
2708 silly placeDep ROOT emmet@2.4.11 OK for: @vscode/emmet-helper@2.11.0 want: ^2.4.3
2709 silly placeDep ROOT jsonc-parser@2.3.1 OK for: @vscode/emmet-helper@2.11.0 want: ^2.3.0
2710 silly placeDep ROOT vscode-languageserver-types@3.18.0 OK for: @vscode/emmet-helper@2.11.0 want: ^3.15.1
2711 silly fetch manifest @emmetio/abbreviation@^2.3.3
2712 silly packumentCache full:https://registry.npmjs.org/@emmetio%2fabbreviation cache-miss
2713 silly fetch manifest @emmetio/css-abbreviation@^2.1.8
2714 silly packumentCache full:https://registry.npmjs.org/@emmetio%2fcss-abbreviation cache-miss
2715 http fetch GET 200 https://registry.npmjs.org/@emmetio%2fabbreviation 296ms (cache miss)
2716 silly packumentCache full:https://registry.npmjs.org/@emmetio%2fabbreviation set size:undefined disposed:false
2717 http fetch GET 200 https://registry.npmjs.org/@emmetio%2fcss-abbreviation 1075ms (cache miss)
2718 silly packumentCache full:https://registry.npmjs.org/@emmetio%2fcss-abbreviation set size:undefined disposed:false
2719 silly placeDep ROOT @emmetio/abbreviation@2.3.3 OK for: emmet@2.4.11 want: ^2.3.3
2720 silly placeDep ROOT @emmetio/css-abbreviation@2.1.8 OK for: emmet@2.4.11 want: ^2.1.8
2721 silly placeDep ROOT typescript-auto-import-cache@0.3.6 OK for: volar-service-typescript@0.0.71 want: ^0.3.5
2722 silly placeDep ROOT vscode-nls@5.2.0 OK for: volar-service-typescript@0.0.71 want: ^5.2.0
2723 silly placeDep ROOT yaml-language-server@1.23.0 OK for: volar-service-yaml@0.0.71 want: ~1.23.0
2724 silly fetch manifest ajv@^8.17.1
2725 silly packumentCache full:https://registry.npmjs.org/ajv cache-miss
2726 silly fetch manifest yaml@2.8.3
2727 silly packumentCache full:https://registry.npmjs.org/yaml cache-hit
2728 silly fetch manifest ajv-i18n@^4.2.0
2729 silly packumentCache full:https://registry.npmjs.org/ajv-i18n cache-miss
2730 silly fetch manifest prettier@^3.8.1
2731 silly packumentCache full:https://registry.npmjs.org/prettier cache-miss
2732 silly fetch manifest ajv-draft-04@^1.0.0
2733 silly packumentCache full:https://registry.npmjs.org/ajv-draft-04 cache-miss
2734 silly fetch manifest request-light@^0.5.7
2735 silly packumentCache full:https://registry.npmjs.org/request-light cache-miss
2736 silly fetch manifest vscode-json-languageservice@4.1.8
2737 silly packumentCache full:https://registry.npmjs.org/vscode-json-languageservice cache-miss
2738 http cache https://registry.npmjs.org/request-light 6ms (cache hit)
2739 silly packumentCache full:https://registry.npmjs.org/request-light set size:72869 disposed:false
2740 http cache https://registry.npmjs.org/prettier 10ms (cache hit)
2741 silly packumentCache full:https://registry.npmjs.org/prettier set size:716664 disposed:false
2742 http fetch GET 200 https://registry.npmjs.org/ajv 93ms (cache miss)
2743 silly packumentCache full:https://registry.npmjs.org/ajv set size:undefined disposed:false
2744 http fetch GET 200 https://registry.npmjs.org/ajv-draft-04 295ms (cache miss)
2745 silly packumentCache full:https://registry.npmjs.org/ajv-draft-04 set size:undefined disposed:false
2746 http fetch GET 200 https://registry.npmjs.org/vscode-json-languageservice 295ms (cache miss)
2747 silly packumentCache full:https://registry.npmjs.org/vscode-json-languageservice set size:undefined disposed:false
2748 http fetch GET 200 https://registry.npmjs.org/ajv-i18n 316ms (cache miss)
2749 silly packumentCache full:https://registry.npmjs.org/ajv-i18n set size:undefined disposed:false
2750 silly placeDep ROOT @vscode/l10n@0.0.18 OK for: vscode-css-languageservice@6.3.10 want: ^0.0.18
2751 silly placeDep node_modules/vscode-css-languageservice vscode-languageserver-types@3.17.5 OK for: vscode-css-languageservice@6.3.10 want: 3.17.5
2752 silly placeDep node_modules/vscode-languageserver vscode-languageserver-protocol@3.17.5 OK for: vscode-languageserver@9.0.1 want: 3.17.5
2753 silly fetch manifest vscode-jsonrpc@8.2.0
2754 silly packumentCache full:https://registry.npmjs.org/vscode-jsonrpc cache-miss
2755 http cache https://registry.npmjs.org/vscode-jsonrpc 8ms (cache hit)
2756 silly packumentCache full:https://registry.npmjs.org/vscode-jsonrpc set size:396740 disposed:false
2757 silly placeDep ROOT vscode-jsonrpc@9.0.1 OK for: vscode-languageserver-protocol@3.18.2 want: 9.0.1
2758 silly placeDep ROOT ansi-styles@6.2.3 OK for: wrap-ansi@9.0.2 want: ^6.2.1
2759 silly placeDep ROOT ajv@8.20.0 OK for: yaml-language-server@1.23.0 want: ^8.17.1
2760 silly placeDep ROOT ajv-draft-04@1.0.0 OK for: yaml-language-server@1.23.0 want: ^1.0.0
2761 silly placeDep ROOT ajv-i18n@4.2.0 OK for: yaml-language-server@1.23.0 want: ^4.2.0
2762 silly placeDep ROOT prettier@3.9.6 OK for: yaml-language-server@1.23.0 want: ^3.8.1
2763 silly placeDep node_modules/yaml-language-server request-light@0.5.8 OK for: yaml-language-server@1.23.0 want: ^0.5.7
2764 silly placeDep ROOT vscode-json-languageservice@4.1.8 OK for: yaml-language-server@1.23.0 want: 4.1.8
2765 silly placeDep node_modules/yaml-language-server yaml@2.8.3 OK for: yaml-language-server@1.23.0 want: 2.8.3
2766 silly fetch manifest fast-deep-equal@^3.1.3
2767 silly packumentCache full:https://registry.npmjs.org/fast-deep-equal cache-miss
2768 silly fetch manifest fast-uri@^3.0.1
2769 silly packumentCache full:https://registry.npmjs.org/fast-uri cache-miss
2770 silly fetch manifest json-schema-traverse@^1.0.0
2771 silly packumentCache full:https://registry.npmjs.org/json-schema-traverse cache-miss
2772 silly fetch manifest require-from-string@^2.0.2
2773 silly packumentCache full:https://registry.npmjs.org/require-from-string cache-miss
2774 silly fetch manifest jsonc-parser@^3.0.0
2775 silly packumentCache full:https://registry.npmjs.org/jsonc-parser cache-miss
2776 http cache https://registry.npmjs.org/jsonc-parser 4ms (cache hit)
2777 silly packumentCache full:https://registry.npmjs.org/jsonc-parser set size:102715 disposed:false
2778 http fetch GET 200 https://registry.npmjs.org/fast-uri 38ms (cache miss)
2779 silly packumentCache full:https://registry.npmjs.org/fast-uri set size:undefined disposed:false
2780 http fetch GET 200 https://registry.npmjs.org/fast-deep-equal 59ms (cache miss)
2781 silly packumentCache full:https://registry.npmjs.org/fast-deep-equal set size:undefined disposed:false
2782 http fetch GET 200 https://registry.npmjs.org/require-from-string 79ms (cache miss)
2783 silly packumentCache full:https://registry.npmjs.org/require-from-string set size:undefined disposed:false
2784 http fetch GET 200 https://registry.npmjs.org/json-schema-traverse 288ms (cache miss)
2785 silly packumentCache full:https://registry.npmjs.org/json-schema-traverse set size:undefined disposed:false
2786 silly placeDep ROOT fast-deep-equal@3.1.3 OK for: ajv@8.20.0 want: ^3.1.3
2787 silly placeDep ROOT fast-uri@3.1.5 OK for: ajv@8.20.0 want: ^3.0.1
2788 silly placeDep ROOT json-schema-traverse@1.0.0 OK for: ajv@8.20.0 want: ^1.0.0
2789 silly placeDep ROOT require-from-string@2.0.2 OK for: ajv@8.20.0 want: ^2.0.2
2790 silly placeDep node_modules/vscode-json-languageservice jsonc-parser@3.3.1 OK for: vscode-json-languageservice@4.1.8 want: ^3.0.0
2791 silly placeDep ROOT cliui@9.0.1 OK for: yargs@18.1.0 want: ^9.0.1
2792 silly placeDep ROOT escalade@3.2.0 OK for: yargs@18.1.0 want: ^3.1.1
2793 silly placeDep ROOT get-caller-file@2.0.5 OK for: yargs@18.1.0 want: ^2.0.5
2794 silly placeDep node_modules/yargs string-width@8.2.2 OK for: yargs@18.1.0 want: ^8.2.1
2795 silly placeDep ROOT y18n@5.0.8 OK for: yargs@18.1.0 want: ^5.0.5
2796 silly placeDep node_modules/yargs yargs-parser@22.0.0 OK for: yargs@18.1.0 want: ^22.0.0
2797 silly placeDep ROOT yoctocolors@2.2.0 OK for: yocto-spinner@0.2.3 want: ^2.1.1
2798 silly placeDep node_modules/ansi-align emoji-regex@8.0.0 OK for: string-width@4.2.3 want: ^8.0.0
2799 silly placeDep ROOT is-fullwidth-code-point@3.0.0 OK for: string-width@4.2.3 want: ^3.0.0
2800 silly placeDep node_modules/ansi-align strip-ansi@6.0.1 OK for: string-width@4.2.3 want: ^6.0.1
2801 silly fetch manifest ansi-regex@^5.0.1
2802 silly packumentCache full:https://registry.npmjs.org/ansi-regex cache-miss
2803 http cache https://registry.npmjs.org/ansi-regex 3ms (cache hit)
2804 silly packumentCache full:https://registry.npmjs.org/ansi-regex set size:48203 disposed:false
2805 silly placeDep node_modules/ansi-align ansi-regex@5.0.1 OK for: strip-ansi@6.0.1 want: ^5.0.1
2806 silly placeDep node_modules/astro/node_modules/vite esbuild@0.25.12 OK for: vite@6.4.3 want: ^0.25.0
2807 silly placeDep ROOT rollup@4.62.5 OK for: vite@6.4.3 want: ^4.34.9
2808 silly fetch manifest @esbuild/aix-ppc64@0.25.12
2809 silly packumentCache full:https://registry.npmjs.org/@esbuild%2faix-ppc64 cache-miss
2810 silly fetch manifest @esbuild/linux-arm@0.25.12
2811 silly packumentCache full:https://registry.npmjs.org/@esbuild%2flinux-arm cache-miss
2812 silly fetch manifest @esbuild/linux-x64@0.25.12
2813 silly packumentCache full:https://registry.npmjs.org/@esbuild%2flinux-x64 cache-miss
2814 silly fetch manifest @esbuild/sunos-x64@0.25.12
2815 silly packumentCache full:https://registry.npmjs.org/@esbuild%2fsunos-x64 cache-miss
2816 silly fetch manifest @esbuild/win32-x64@0.25.12
2817 silly packumentCache full:https://registry.npmjs.org/@esbuild%2fwin32-x64 cache-miss
2818 silly fetch manifest @esbuild/darwin-x64@0.25.12
2819 silly packumentCache full:https://registry.npmjs.org/@esbuild%2fdarwin-x64 cache-miss
2820 silly fetch manifest @esbuild/linux-ia32@0.25.12
2821 silly packumentCache full:https://registry.npmjs.org/@esbuild%2flinux-ia32 cache-miss
2822 http cache https://registry.npmjs.org/@esbuild%2faix-ppc64 5ms (cache hit)
2823 silly packumentCache full:https://registry.npmjs.org/@esbuild%2faix-ppc64 set size:67797 disposed:false
2824 silly fetch manifest @esbuild/netbsd-x64@0.25.12
2825 silly packumentCache full:https://registry.npmjs.org/@esbuild%2fnetbsd-x64 cache-miss
2826 http cache https://registry.npmjs.org/@esbuild%2flinux-arm 7ms (cache hit)
2827 silly packumentCache full:https://registry.npmjs.org/@esbuild%2flinux-arm set size:198596 disposed:false
2828 silly fetch manifest @esbuild/win32-ia32@0.25.12
2829 silly packumentCache full:https://registry.npmjs.org/@esbuild%2fwin32-ia32 cache-miss
2830 http cache https://registry.npmjs.org/@esbuild%2fwin32-x64 9ms (cache hit)
2831 silly packumentCache full:https://registry.npmjs.org/@esbuild%2fwin32-x64 set size:197540 disposed:false
2832 silly fetch manifest @esbuild/android-arm@0.25.12
2833 silly packumentCache full:https://registry.npmjs.org/@esbuild%2fandroid-arm cache-miss
2834 http cache https://registry.npmjs.org/@esbuild%2flinux-x64 11ms (cache hit)
2835 silly packumentCache full:https://registry.npmjs.org/@esbuild%2flinux-x64 set size:198942 disposed:false
2836 silly fetch manifest @esbuild/android-x64@0.25.12
2837 silly packumentCache full:https://registry.npmjs.org/@esbuild%2fandroid-x64 cache-miss
2838 http cache https://registry.npmjs.org/@esbuild%2fdarwin-x64 12ms (cache hit)
2839 silly packumentCache full:https://registry.npmjs.org/@esbuild%2fdarwin-x64 set size:199670 disposed:false
2840 silly fetch manifest @esbuild/freebsd-x64@0.25.12
2841 silly packumentCache full:https://registry.npmjs.org/@esbuild%2ffreebsd-x64 cache-miss
2842 http cache https://registry.npmjs.org/@esbuild%2fsunos-x64 14ms (cache hit)
2843 silly packumentCache full:https://registry.npmjs.org/@esbuild%2fsunos-x64 set size:199187 disposed:false
2844 silly fetch manifest @esbuild/linux-arm64@0.25.12
2845 silly packumentCache full:https://registry.npmjs.org/@esbuild%2flinux-arm64 cache-miss
2846 http cache https://registry.npmjs.org/@esbuild%2flinux-ia32 14ms (cache hit)
2847 silly packumentCache full:https://registry.npmjs.org/@esbuild%2flinux-ia32 set size:199625 disposed:false
2848 silly fetch manifest @esbuild/linux-ppc64@0.25.12
2849 silly packumentCache full:https://registry.npmjs.org/@esbuild%2flinux-ppc64 cache-miss
2850 http cache https://registry.npmjs.org/@esbuild%2fwin32-ia32 12ms (cache hit)
2851 silly packumentCache full:https://registry.npmjs.org/@esbuild%2fwin32-ia32 set size:199854 disposed:false
2852 silly fetch manifest @esbuild/linux-s390x@0.25.12
2853 silly packumentCache full:https://registry.npmjs.org/@esbuild%2flinux-s390x cache-miss
2854 http cache https://registry.npmjs.org/@esbuild%2ffreebsd-x64 8ms (cache hit)
2855 silly packumentCache full:https://registry.npmjs.org/@esbuild%2ffreebsd-x64 set size:200565 disposed:false
2856 silly fetch manifest @esbuild/openbsd-x64@0.25.12
2857 silly packumentCache full:https://registry.npmjs.org/@esbuild%2fopenbsd-x64 cache-miss
2858 http cache https://registry.npmjs.org/@esbuild%2flinux-arm64 7ms (cache hit)
2859 silly packumentCache full:https://registry.npmjs.org/@esbuild%2flinux-arm64 set size:200773 disposed:false
2860 silly fetch manifest @esbuild/win32-arm64@0.25.12
2861 silly packumentCache full:https://registry.npmjs.org/@esbuild%2fwin32-arm64 cache-miss
2862 http cache https://registry.npmjs.org/@esbuild%2fnetbsd-x64 18ms (cache hit)
2863 silly packumentCache full:https://registry.npmjs.org/@esbuild%2fnetbsd-x64 set size:197314 disposed:false
2864 silly fetch manifest @esbuild/darwin-arm64@0.25.12
2865 silly packumentCache full:https://registry.npmjs.org/@esbuild%2fdarwin-arm64 cache-miss
2866 http cache https://registry.npmjs.org/@esbuild%2fandroid-arm 15ms (cache hit)
2867 silly packumentCache full:https://registry.npmjs.org/@esbuild%2fandroid-arm set size:225217 disposed:false
2868 silly fetch manifest @esbuild/netbsd-arm64@0.25.12
2869 silly packumentCache full:https://registry.npmjs.org/@esbuild%2fnetbsd-arm64 cache-miss
2870 http cache https://registry.npmjs.org/@esbuild%2fandroid-x64 15ms (cache hit)
2871 silly packumentCache full:https://registry.npmjs.org/@esbuild%2fandroid-x64 set size:199017 disposed:false
2872 silly fetch manifest @esbuild/android-arm64@0.25.12
2873 silly packumentCache full:https://registry.npmjs.org/@esbuild%2fandroid-arm64 cache-miss
2874 http cache https://registry.npmjs.org/@esbuild%2flinux-ppc64 12ms (cache hit)
2875 silly packumentCache full:https://registry.npmjs.org/@esbuild%2flinux-ppc64 set size:202845 disposed:false
2876 silly fetch manifest @esbuild/freebsd-arm64@0.25.12
2877 silly packumentCache full:https://registry.npmjs.org/@esbuild%2ffreebsd-arm64 cache-miss
2878 http cache https://registry.npmjs.org/@esbuild%2flinux-s390x 10ms (cache hit)
2879 silly packumentCache full:https://registry.npmjs.org/@esbuild%2flinux-s390x set size:202310 disposed:false
2880 silly fetch manifest @esbuild/linux-loong64@0.25.12
2881 silly packumentCache full:https://registry.npmjs.org/@esbuild%2flinux-loong64 cache-miss
2882 http cache https://registry.npmjs.org/@esbuild%2fopenbsd-x64 10ms (cache hit)
2883 silly packumentCache full:https://registry.npmjs.org/@esbuild%2fopenbsd-x64 set size:200576 disposed:false
2884 silly fetch manifest @esbuild/linux-riscv64@0.25.12
2885 silly packumentCache full:https://registry.npmjs.org/@esbuild%2flinux-riscv64 cache-miss
2886 http cache https://registry.npmjs.org/@esbuild%2fnetbsd-arm64 7ms (cache hit)
2887 silly packumentCache full:https://registry.npmjs.org/@esbuild%2fnetbsd-arm64 set size:44308 disposed:false
2888 silly fetch manifest @esbuild/openbsd-arm64@0.25.12
2889 silly packumentCache full:https://registry.npmjs.org/@esbuild%2fopenbsd-arm64 cache-miss
2890 http cache https://registry.npmjs.org/@esbuild%2fwin32-arm64 11ms (cache hit)
2891 silly packumentCache full:https://registry.npmjs.org/@esbuild%2fwin32-arm64 set size:201005 disposed:false
2892 silly fetch manifest @esbuild/linux-mips64el@0.25.12
2893 silly packumentCache full:https://registry.npmjs.org/@esbuild%2flinux-mips64el cache-miss
2894 http cache https://registry.npmjs.org/@esbuild%2fdarwin-arm64 10ms (cache hit)
2895 silly packumentCache full:https://registry.npmjs.org/@esbuild%2fdarwin-arm64 set size:201471 disposed:false
2896 silly fetch manifest @esbuild/openharmony-arm64@0.25.12
2897 silly packumentCache full:https://registry.npmjs.org/@esbuild%2fopenharmony-arm64 cache-miss
2898 http cache https://registry.npmjs.org/@esbuild%2ffreebsd-arm64 10ms (cache hit)
2899 silly packumentCache full:https://registry.npmjs.org/@esbuild%2ffreebsd-arm64 set size:202383 disposed:false
2900 silly fetch manifest @rollup/rollup-darwin-x64@4.62.5
2901 silly packumentCache full:https://registry.npmjs.org/@rollup%2frollup-darwin-x64 cache-miss
2902 http cache https://registry.npmjs.org/@esbuild%2fandroid-arm64 15ms (cache hit)
2903 silly packumentCache full:https://registry.npmjs.org/@esbuild%2fandroid-arm64 set size:204216 disposed:false
2904 silly fetch manifest @rollup/rollup-freebsd-x64@4.62.5
2905 silly packumentCache full:https://registry.npmjs.org/@rollup%2frollup-freebsd-x64 cache-miss
2906 http cache https://registry.npmjs.org/@esbuild%2flinux-loong64 18ms (cache hit)
2907 silly packumentCache full:https://registry.npmjs.org/@esbuild%2flinux-loong64 set size:255749 disposed:false
2908 silly fetch manifest @rollup/rollup-openbsd-x64@4.62.5
2909 silly packumentCache full:https://registry.npmjs.org/@rollup%2frollup-openbsd-x64 cache-miss
2910 http cache https://registry.npmjs.org/@esbuild%2flinux-mips64el 16ms (cache hit)
2911 silly packumentCache full:https://registry.npmjs.org/@esbuild%2flinux-mips64el set size:204633 disposed:false
2912 silly fetch manifest @napi-rs/lzma-linux-x64-gnu@1.5.1
2913 silly packumentCache full:https://registry.npmjs.org/@napi-rs%2flzma-linux-x64-gnu cache-miss
2914 http cache https://registry.npmjs.org/@esbuild%2fopenharmony-arm64 15ms (cache hit)
2915 silly packumentCache full:https://registry.npmjs.org/@esbuild%2fopenharmony-arm64 set size:33054 disposed:false
2916 silly fetch manifest @rollup/rollup-darwin-arm64@4.62.5
2917 silly packumentCache full:https://registry.npmjs.org/@rollup%2frollup-darwin-arm64 cache-miss
2918 http cache https://registry.npmjs.org/@esbuild%2flinux-riscv64 20ms (cache hit)
2919 silly packumentCache full:https://registry.npmjs.org/@esbuild%2flinux-riscv64 set size:202512 disposed:false
2920 silly fetch manifest @rollup/rollup-android-arm64@4.62.5
2921 silly packumentCache full:https://registry.npmjs.org/@rollup%2frollup-android-arm64 cache-miss
2922 http cache https://registry.npmjs.org/@esbuild%2fopenbsd-arm64 20ms (cache hit)
2923 silly packumentCache full:https://registry.npmjs.org/@esbuild%2fopenbsd-arm64 set size:49642 disposed:false
2924 silly fetch manifest @rollup/rollup-freebsd-arm64@4.62.5
2925 silly packumentCache full:https://registry.npmjs.org/@rollup%2frollup-freebsd-arm64 cache-miss
2926 http fetch GET 200 https://registry.npmjs.org/@rollup%2frollup-darwin-x64 91ms (cache miss)
2927 silly packumentCache full:https://registry.npmjs.org/@rollup%2frollup-darwin-x64 set size:undefined disposed:false
2928 silly fetch manifest @rollup/rollup-linux-x64-gnu@4.62.5
2929 silly packumentCache full:https://registry.npmjs.org/@rollup%2frollup-linux-x64-gnu cache-miss
2930 http fetch GET 200 https://registry.npmjs.org/@napi-rs%2flzma-linux-x64-gnu 95ms (cache miss)
2931 silly packumentCache full:https://registry.npmjs.org/@napi-rs%2flzma-linux-x64-gnu set size:undefined disposed:false
2932 silly fetch manifest @rollup/rollup-win32-x64-gnu@4.62.5
2933 silly packumentCache full:https://registry.npmjs.org/@rollup%2frollup-win32-x64-gnu cache-miss
2934 http fetch GET 200 https://registry.npmjs.org/@rollup%2frollup-linux-x64-gnu 76ms (cache miss)
2935 silly packumentCache full:https://registry.npmjs.org/@rollup%2frollup-linux-x64-gnu set size:undefined disposed:false
2936 silly fetch manifest @rollup/rollup-linux-x64-musl@4.62.5
2937 silly packumentCache full:https://registry.npmjs.org/@rollup%2frollup-linux-x64-musl cache-miss
2938 http fetch GET 200 https://registry.npmjs.org/@rollup%2frollup-android-arm64 166ms (cache miss)
2939 silly packumentCache full:https://registry.npmjs.org/@rollup%2frollup-android-arm64 set size:undefined disposed:false
2940 silly fetch manifest @rollup/rollup-win32-x64-msvc@4.62.5
2941 silly packumentCache full:https://registry.npmjs.org/@rollup%2frollup-win32-x64-msvc cache-miss
2942 http fetch GET 200 https://registry.npmjs.org/@rollup%2frollup-win32-x64-gnu 95ms (cache miss)
2943 silly packumentCache full:https://registry.npmjs.org/@rollup%2frollup-win32-x64-gnu set size:undefined disposed:false
2944 silly fetch manifest @rollup/rollup-linux-arm64-gnu@4.62.5
2945 silly packumentCache full:https://registry.npmjs.org/@rollup%2frollup-linux-arm64-gnu cache-miss
2946 http fetch GET 200 https://registry.npmjs.org/@rollup%2frollup-win32-x64-msvc 101ms (cache miss)
2947 silly packumentCache full:https://registry.npmjs.org/@rollup%2frollup-win32-x64-msvc set size:undefined disposed:false
2948 silly fetch manifest @rollup/rollup-linux-ppc64-gnu@4.62.5
2949 silly packumentCache full:https://registry.npmjs.org/@rollup%2frollup-linux-ppc64-gnu cache-miss
2950 http fetch GET 200 https://registry.npmjs.org/@rollup%2frollup-linux-arm64-gnu 95ms (cache miss)
2951 silly packumentCache full:https://registry.npmjs.org/@rollup%2frollup-linux-arm64-gnu set size:undefined disposed:false
2952 silly fetch manifest @rollup/rollup-linux-s390x-gnu@4.62.5
2953 silly packumentCache full:https://registry.npmjs.org/@rollup%2frollup-linux-s390x-gnu cache-miss
2954 http fetch GET 200 https://registry.npmjs.org/@rollup%2frollup-freebsd-x64 336ms (cache miss)
2955 silly packumentCache full:https://registry.npmjs.org/@rollup%2frollup-freebsd-x64 set size:undefined disposed:false
2956 silly fetch manifest @rollup/rollup-win32-ia32-msvc@4.62.5
2957 silly packumentCache full:https://registry.npmjs.org/@rollup%2frollup-win32-ia32-msvc cache-miss
2958 http fetch GET 200 https://registry.npmjs.org/@rollup%2frollup-openbsd-x64 384ms (cache miss)
2959 silly packumentCache full:https://registry.npmjs.org/@rollup%2frollup-openbsd-x64 set size:undefined disposed:false
2960 silly fetch manifest @rollup/rollup-android-arm-eabi@4.62.5
2961 silly packumentCache full:https://registry.npmjs.org/@rollup%2frollup-android-arm-eabi cache-miss
2962 http fetch GET 200 https://registry.npmjs.org/@rollup%2frollup-win32-ia32-msvc 79ms (cache miss)
2963 silly packumentCache full:https://registry.npmjs.org/@rollup%2frollup-win32-ia32-msvc set size:undefined disposed:false
2964 silly fetch manifest @rollup/rollup-linux-arm64-musl@4.62.5
2965 silly packumentCache full:https://registry.npmjs.org/@rollup%2frollup-linux-arm64-musl cache-miss
2966 http fetch GET 200 https://registry.npmjs.org/@rollup%2frollup-linux-x64-musl 299ms (cache miss)
2967 silly packumentCache full:https://registry.npmjs.org/@rollup%2frollup-linux-x64-musl set size:undefined disposed:false
2968 silly fetch manifest @rollup/rollup-linux-ppc64-musl@4.62.5
2969 silly packumentCache full:https://registry.npmjs.org/@rollup%2frollup-linux-ppc64-musl cache-miss
2970 http fetch GET 200 https://registry.npmjs.org/@rollup%2frollup-freebsd-arm64 555ms (cache miss)
2971 silly packumentCache full:https://registry.npmjs.org/@rollup%2frollup-freebsd-arm64 set size:undefined disposed:false
2972 silly fetch manifest @rollup/rollup-win32-arm64-msvc@4.62.5
2973 silly packumentCache full:https://registry.npmjs.org/@rollup%2frollup-win32-arm64-msvc cache-miss
2974 http fetch GET 200 https://registry.npmjs.org/@rollup%2frollup-darwin-arm64 574ms (cache miss)
2975 silly packumentCache full:https://registry.npmjs.org/@rollup%2frollup-darwin-arm64 set size:undefined disposed:false
2976 silly fetch manifest @rollup/rollup-linux-loong64-gnu@4.62.5
2977 silly packumentCache full:https://registry.npmjs.org/@rollup%2frollup-linux-loong64-gnu cache-miss
2978 http fetch GET 200 https://registry.npmjs.org/@rollup%2frollup-linux-s390x-gnu 316ms (cache miss)
2979 silly packumentCache full:https://registry.npmjs.org/@rollup%2frollup-linux-s390x-gnu set size:undefined disposed:false
2980 silly fetch manifest @rollup/rollup-linux-riscv64-gnu@4.62.5
2981 silly packumentCache full:https://registry.npmjs.org/@rollup%2frollup-linux-riscv64-gnu cache-miss
2982 http fetch GET 200 https://registry.npmjs.org/@rollup%2frollup-linux-ppc64-musl 232ms (cache miss)
2983 silly packumentCache full:https://registry.npmjs.org/@rollup%2frollup-linux-ppc64-musl set size:undefined disposed:false
2984 silly fetch manifest @rollup/rollup-openharmony-arm64@4.62.5
2985 silly packumentCache full:https://registry.npmjs.org/@rollup%2frollup-openharmony-arm64 cache-miss
2986 http fetch GET 200 https://registry.npmjs.org/@rollup%2frollup-linux-arm64-musl 306ms (cache miss)
2987 silly packumentCache full:https://registry.npmjs.org/@rollup%2frollup-linux-arm64-musl set size:undefined disposed:false
2988 silly fetch manifest @rollup/rollup-linux-loong64-musl@4.62.5
2989 silly packumentCache full:https://registry.npmjs.org/@rollup%2frollup-linux-loong64-musl cache-miss
2990 http fetch GET 200 https://registry.npmjs.org/@rollup%2frollup-openharmony-arm64 79ms (cache miss)
2991 silly packumentCache full:https://registry.npmjs.org/@rollup%2frollup-openharmony-arm64 set size:undefined disposed:false
2992 silly fetch manifest @rollup/rollup-linux-riscv64-musl@4.62.5
2993 silly packumentCache full:https://registry.npmjs.org/@rollup%2frollup-linux-riscv64-musl cache-miss
2994 http fetch GET 200 https://registry.npmjs.org/@rollup%2frollup-android-arm-eabi 399ms (cache miss)
2995 silly packumentCache full:https://registry.npmjs.org/@rollup%2frollup-android-arm-eabi set size:undefined disposed:false
2996 silly fetch manifest @rollup/rollup-linux-arm-gnueabihf@4.62.5
2997 silly packumentCache full:https://registry.npmjs.org/@rollup%2frollup-linux-arm-gnueabihf cache-miss
2998 http fetch GET 200 https://registry.npmjs.org/@rollup%2frollup-linux-riscv64-musl 83ms (cache miss)
2999 silly packumentCache full:https://registry.npmjs.org/@rollup%2frollup-linux-riscv64-musl set size:undefined disposed:false
3000 silly fetch manifest @rollup/rollup-linux-arm-musleabihf@4.62.5
3001 silly packumentCache full:https://registry.npmjs.org/@rollup%2frollup-linux-arm-musleabihf cache-miss
3002 http fetch GET 200 https://registry.npmjs.org/@rollup%2frollup-linux-ppc64-gnu 590ms (cache miss)
3003 silly packumentCache full:https://registry.npmjs.org/@rollup%2frollup-linux-ppc64-gnu set size:undefined disposed:false
3004 http fetch GET 200 https://registry.npmjs.org/@rollup%2frollup-win32-arm64-msvc 323ms (cache miss)
3005 silly packumentCache full:https://registry.npmjs.org/@rollup%2frollup-win32-arm64-msvc set size:undefined disposed:false
3006 http fetch GET 200 https://registry.npmjs.org/@rollup%2frollup-linux-loong64-gnu 336ms (cache miss)
3007 silly packumentCache full:https://registry.npmjs.org/@rollup%2frollup-linux-loong64-gnu set size:undefined disposed:false
3008 http fetch GET 200 https://registry.npmjs.org/@rollup%2frollup-linux-arm-musleabihf 76ms (cache miss)
3009 silly packumentCache full:https://registry.npmjs.org/@rollup%2frollup-linux-arm-musleabihf set size:undefined disposed:false
3010 http fetch GET 200 https://registry.npmjs.org/@rollup%2frollup-linux-riscv64-gnu 338ms (cache miss)
3011 silly packumentCache full:https://registry.npmjs.org/@rollup%2frollup-linux-riscv64-gnu set size:undefined disposed:false
3012 http fetch GET 200 https://registry.npmjs.org/@rollup%2frollup-linux-arm-gnueabihf 179ms (cache miss)
3013 silly packumentCache full:https://registry.npmjs.org/@rollup%2frollup-linux-arm-gnueabihf set size:undefined disposed:false
3014 http fetch GET 200 https://registry.npmjs.org/@rollup%2frollup-linux-loong64-musl 329ms (cache miss)
3015 silly packumentCache full:https://registry.npmjs.org/@rollup%2frollup-linux-loong64-musl set size:undefined disposed:false
3016 silly placeDep ROOT @napi-rs/lzma-linux-x64-gnu@1.5.1 OK for: rollup@4.62.5 want: 1.5.1
3017 silly placeDep ROOT @rollup/rollup-android-arm-eabi@4.62.5 OK for: rollup@4.62.5 want: 4.62.5
3018 silly placeDep ROOT @rollup/rollup-android-arm64@4.62.5 OK for: rollup@4.62.5 want: 4.62.5
3019 silly placeDep ROOT @rollup/rollup-darwin-arm64@4.62.5 OK for: rollup@4.62.5 want: 4.62.5
3020 silly placeDep ROOT @rollup/rollup-darwin-x64@4.62.5 OK for: rollup@4.62.5 want: 4.62.5
3021 silly placeDep ROOT @rollup/rollup-freebsd-arm64@4.62.5 OK for: rollup@4.62.5 want: 4.62.5
3022 silly placeDep ROOT @rollup/rollup-freebsd-x64@4.62.5 OK for: rollup@4.62.5 want: 4.62.5
3023 silly placeDep ROOT @rollup/rollup-linux-arm-gnueabihf@4.62.5 OK for: rollup@4.62.5 want: 4.62.5
3024 silly placeDep ROOT @rollup/rollup-linux-arm-musleabihf@4.62.5 OK for: rollup@4.62.5 want: 4.62.5
3025 silly placeDep ROOT @rollup/rollup-linux-arm64-gnu@4.62.5 OK for: rollup@4.62.5 want: 4.62.5
3026 silly placeDep ROOT @rollup/rollup-linux-arm64-musl@4.62.5 OK for: rollup@4.62.5 want: 4.62.5
3027 silly placeDep ROOT @rollup/rollup-linux-loong64-gnu@4.62.5 OK for: rollup@4.62.5 want: 4.62.5
3028 silly placeDep ROOT @rollup/rollup-linux-loong64-musl@4.62.5 OK for: rollup@4.62.5 want: 4.62.5
3029 silly placeDep ROOT @rollup/rollup-linux-ppc64-gnu@4.62.5 OK for: rollup@4.62.5 want: 4.62.5
3030 silly placeDep ROOT @rollup/rollup-linux-ppc64-musl@4.62.5 OK for: rollup@4.62.5 want: 4.62.5
3031 silly placeDep ROOT @rollup/rollup-linux-riscv64-gnu@4.62.5 OK for: rollup@4.62.5 want: 4.62.5
3032 silly placeDep ROOT @rollup/rollup-linux-riscv64-musl@4.62.5 OK for: rollup@4.62.5 want: 4.62.5
3033 silly placeDep ROOT @rollup/rollup-linux-s390x-gnu@4.62.5 OK for: rollup@4.62.5 want: 4.62.5
3034 silly placeDep ROOT @rollup/rollup-linux-x64-gnu@4.62.5 OK for: rollup@4.62.5 want: 4.62.5
3035 silly placeDep ROOT @rollup/rollup-linux-x64-musl@4.62.5 OK for: rollup@4.62.5 want: 4.62.5
3036 silly placeDep ROOT @rollup/rollup-openbsd-x64@4.62.5 OK for: rollup@4.62.5 want: 4.62.5
3037 silly placeDep ROOT @rollup/rollup-openharmony-arm64@4.62.5 OK for: rollup@4.62.5 want: 4.62.5
3038 silly placeDep ROOT @rollup/rollup-win32-arm64-msvc@4.62.5 OK for: rollup@4.62.5 want: 4.62.5
3039 silly placeDep ROOT @rollup/rollup-win32-ia32-msvc@4.62.5 OK for: rollup@4.62.5 want: 4.62.5
3040 silly placeDep ROOT @rollup/rollup-win32-x64-gnu@4.62.5 OK for: rollup@4.62.5 want: 4.62.5
3041 silly placeDep ROOT @rollup/rollup-win32-x64-msvc@4.62.5 OK for: rollup@4.62.5 want: 4.62.5
3042 silly placeDep node_modules/csso mdn-data@2.0.28 OK for: css-tree@2.2.1 want: 2.0.28
3043 silly placeDep node_modules/unstorage readdirp@5.1.1 OK for: chokidar@5.0.0 want: ^5.0.0
3044 silly placeDep node_modules/vite lightningcss-android-arm64@1.33.0 OK for: lightningcss@1.33.0 want: 1.33.0
3045 silly placeDep node_modules/vite lightningcss-darwin-arm64@1.33.0 OK for: lightningcss@1.33.0 want: 1.33.0
3046 silly placeDep node_modules/vite lightningcss-darwin-x64@1.33.0 OK for: lightningcss@1.33.0 want: 1.33.0
3047 silly placeDep node_modules/vite lightningcss-freebsd-x64@1.33.0 OK for: lightningcss@1.33.0 want: 1.33.0
3048 silly placeDep node_modules/vite lightningcss-linux-arm-gnueabihf@1.33.0 OK for: lightningcss@1.33.0 want: 1.33.0
3049 silly placeDep node_modules/vite lightningcss-linux-arm64-gnu@1.33.0 OK for: lightningcss@1.33.0 want: 1.33.0
3050 silly placeDep node_modules/vite lightningcss-linux-arm64-musl@1.33.0 OK for: lightningcss@1.33.0 want: 1.33.0
3051 silly placeDep node_modules/vite lightningcss-linux-x64-gnu@1.33.0 OK for: lightningcss@1.33.0 want: 1.33.0
3052 silly placeDep node_modules/vite lightningcss-linux-x64-musl@1.33.0 OK for: lightningcss@1.33.0 want: 1.33.0
3053 silly placeDep node_modules/vite lightningcss-win32-arm64-msvc@1.33.0 OK for: lightningcss@1.33.0 want: 1.33.0
3054 silly placeDep node_modules/vite lightningcss-win32-x64-msvc@1.33.0 OK for: lightningcss@1.33.0 want: 1.33.0
3055 silly placeDep node_modules/vscode-languageserver vscode-jsonrpc@8.2.0 OK for: vscode-languageserver-protocol@3.17.5 want: 8.2.0
3056 silly placeDep node_modules/vscode-languageserver vscode-languageserver-types@3.17.5 OK for: vscode-languageserver-protocol@3.17.5 want: 3.17.5
3057 silly placeDep node_modules/astro @esbuild/aix-ppc64@0.25.12 OK for: esbuild@0.25.12 want: 0.25.12
3058 silly placeDep node_modules/astro @esbuild/android-arm@0.25.12 OK for: esbuild@0.25.12 want: 0.25.12
3059 silly placeDep node_modules/astro @esbuild/android-arm64@0.25.12 OK for: esbuild@0.25.12 want: 0.25.12
3060 silly placeDep node_modules/astro @esbuild/android-x64@0.25.12 OK for: esbuild@0.25.12 want: 0.25.12
3061 silly placeDep node_modules/astro @esbuild/darwin-arm64@0.25.12 OK for: esbuild@0.25.12 want: 0.25.12
3062 silly placeDep node_modules/astro @esbuild/darwin-x64@0.25.12 OK for: esbuild@0.25.12 want: 0.25.12
3063 silly placeDep node_modules/astro @esbuild/freebsd-arm64@0.25.12 OK for: esbuild@0.25.12 want: 0.25.12
3064 silly placeDep node_modules/astro @esbuild/freebsd-x64@0.25.12 OK for: esbuild@0.25.12 want: 0.25.12
3065 silly placeDep node_modules/astro @esbuild/linux-arm@0.25.12 OK for: esbuild@0.25.12 want: 0.25.12
3066 silly placeDep node_modules/astro @esbuild/linux-arm64@0.25.12 OK for: esbuild@0.25.12 want: 0.25.12
3067 silly placeDep node_modules/astro @esbuild/linux-ia32@0.25.12 OK for: esbuild@0.25.12 want: 0.25.12
3068 silly placeDep node_modules/astro @esbuild/linux-loong64@0.25.12 OK for: esbuild@0.25.12 want: 0.25.12
3069 silly placeDep node_modules/astro @esbuild/linux-mips64el@0.25.12 OK for: esbuild@0.25.12 want: 0.25.12
3070 silly placeDep node_modules/astro @esbuild/linux-ppc64@0.25.12 OK for: esbuild@0.25.12 want: 0.25.12
3071 silly placeDep node_modules/astro @esbuild/linux-riscv64@0.25.12 OK for: esbuild@0.25.12 want: 0.25.12
3072 silly placeDep node_modules/astro @esbuild/linux-s390x@0.25.12 OK for: esbuild@0.25.12 want: 0.25.12
3073 silly placeDep node_modules/astro @esbuild/linux-x64@0.25.12 OK for: esbuild@0.25.12 want: 0.25.12
3074 silly placeDep node_modules/astro @esbuild/netbsd-arm64@0.25.12 OK for: esbuild@0.25.12 want: 0.25.12
3075 silly placeDep node_modules/astro @esbuild/netbsd-x64@0.25.12 OK for: esbuild@0.25.12 want: 0.25.12
3076 silly placeDep node_modules/astro @esbuild/openbsd-arm64@0.25.12 OK for: esbuild@0.25.12 want: 0.25.12
3077 silly placeDep node_modules/astro @esbuild/openbsd-x64@0.25.12 OK for: esbuild@0.25.12 want: 0.25.12
3078 silly placeDep node_modules/astro @esbuild/openharmony-arm64@0.25.12 OK for: esbuild@0.25.12 want: 0.25.12
3079 silly placeDep node_modules/astro @esbuild/sunos-x64@0.25.12 OK for: esbuild@0.25.12 want: 0.25.12
3080 silly placeDep node_modules/astro @esbuild/win32-arm64@0.25.12 OK for: esbuild@0.25.12 want: 0.25.12
3081 silly placeDep node_modules/astro @esbuild/win32-ia32@0.25.12 OK for: esbuild@0.25.12 want: 0.25.12
3082 silly placeDep node_modules/astro @esbuild/win32-x64@0.25.12 OK for: esbuild@0.25.12 want: 0.25.12
3083 silly reify moves {}
3084 silly audit bulk request {
3084 silly audit   '@astrojs/check': [ '0.9.10' ],
3084 silly audit   typescript: [ '5.9.3' ],
3084 silly audit   '@astrojs/sitemap': [ '3.7.3' ],
3084 silly audit   '@tailwindcss/vite': [ '4.3.3' ],
3084 silly audit   vite: [ '8.2.2', '6.4.3' ],
3084 silly audit   astro: [ '5.18.2' ],
3084 silly audit   'lucide-astro': [ '0.556.0' ],
3084 silly audit   tailwindcss: [ '4.3.3' ],
3084 silly audit   '@astrojs/language-server': [ '2.16.14' ],
3084 silly audit   chokidar: [ '4.0.3', '5.0.0' ],
3084 silly audit   kleur: [ '4.1.5', '3.0.3' ],
3084 silly audit   yargs: [ '18.1.0' ],
3084 silly audit   '@astrojs/compiler': [ '2.13.1' ],
3084 silly audit   '@astrojs/yaml2ts': [ '0.2.4' ],
3084 silly audit   '@jridgewell/sourcemap-codec': [ '1.5.5' ],
3084 silly audit   '@volar/kit': [ '2.4.28' ],
3084 silly audit   '@volar/language-core': [ '2.4.28' ],
3084 silly audit   '@volar/language-server': [ '2.4.28' ],
3084 silly audit   '@volar/language-service': [ '2.4.28' ],
3084 silly audit   'muggle-string': [ '0.4.1' ],
3084 silly audit   tinyglobby: [ '0.2.17' ],
3084 silly audit   'volar-service-css': [ '0.0.71' ],
3084 silly audit   'volar-service-emmet': [ '0.0.71' ],
3084 silly audit   'volar-service-html': [ '0.0.71' ],
3084 silly audit   'volar-service-prettier': [ '0.0.71' ],
3084 silly audit   'volar-service-typescript': [ '0.0.71' ],
3084 silly audit   'volar-service-typescript-twoslash-queries': [ '0.0.71' ],
3084 silly audit   'volar-service-yaml': [ '0.0.71' ],
3084 silly audit   'vscode-html-languageservice': [ '5.6.2' ],
3084 silly audit   'vscode-uri': [ '3.1.0' ],
3084 silly audit   sitemap: [ '9.0.1' ],
3084 silly audit   'stream-replace-string': [ '2.0.0' ],
3084 silly audit   zod: [ '4.4.3', '3.25.76' ],
3084 silly audit   yaml: [ '2.9.0', '2.8.3' ],
3084 silly audit   '@tailwindcss/node': [ '4.3.3' ],
3084 silly audit   '@tailwindcss/oxide': [ '4.3.3' ],
3084 silly audit   '@jridgewell/remapping': [ '2.3.5' ],
3084 silly audit   'enhanced-resolve': [ '5.24.5' ],
3084 silly audit   jiti: [ '2.7.0' ],
3084 silly audit   lightningcss: [ '1.32.0', '1.33.0' ],
3084 silly audit   'magic-string': [ '0.30.21' ],
3084 silly audit   'source-map-js': [ '1.2.1' ],
3084 silly audit   '@jridgewell/gen-mapping': [ '0.3.13' ],
3084 silly audit   '@jridgewell/trace-mapping': [ '0.3.31' ],
3084 silly audit   '@jridgewell/resolve-uri': [ '3.1.2' ],
3084 silly audit   '@tailwindcss/oxide-android-arm64': [ '4.3.3' ],
3084 silly audit   '@tailwindcss/oxide-darwin-arm64': [ '4.3.3' ],
3084 silly audit   '@tailwindcss/oxide-darwin-x64': [ '4.3.3' ],
3084 silly audit   '@tailwindcss/oxide-freebsd-x64': [ '4.3.3' ],
3084 silly audit   '@tailwindcss/oxide-linux-arm-gnueabihf': [ '4.3.3' ],
3084 silly audit   '@tailwindcss/oxide-linux-arm64-gnu': [ '4.3.3' ],
3084 silly audit   '@tailwindcss/oxide-linux-arm64-musl': [ '4.3.3' ],
3084 silly audit   '@tailwindcss/oxide-linux-x64-gnu': [ '4.3.3' ],
3084 silly audit   '@tailwindcss/oxide-linux-x64-musl': [ '4.3.3' ],
3084 silly audit   '@tailwindcss/oxide-wasm32-wasi': [ '4.3.3' ],
3084 silly audit   '@tailwindcss/oxide-win32-arm64-msvc': [ '4.3.3' ],
3084 silly audit   '@tailwindcss/oxide-win32-x64-msvc': [ '4.3.3' ],
3084 silly audit   '@volar/typescript': [ '2.4.28' ],
3084 silly audit   'typesafe-path': [ '0.2.2' ],
3084 silly audit   'vscode-languageserver-textdocument': [ '1.0.12' ],
3084 silly audit   '@volar/source-map': [ '2.4.28' ],
3084 silly audit   'path-browserify': [ '1.0.1' ],
3084 silly audit   'request-light': [ '0.7.0', '0.5.8' ],
3084 silly audit   'vscode-languageserver': [ '9.0.1' ],
3084 silly audit   'vscode-languageserver-protocol': [ '3.18.2', '3.17.5' ],
3084 silly audit   '@astrojs/internal-helpers': [ '0.7.6' ],
3084 silly audit   '@astrojs/markdown-remark': [ '6.3.11' ],
3084 silly audit   '@astrojs/telemetry': [ '3.3.0' ],
3084 silly audit   '@capsizecss/unpack': [ '4.0.1' ],
3084 silly audit   '@oslojs/encoding': [ '1.1.0' ],
3084 silly audit   '@rollup/pluginutils': [ '5.4.0' ],
3084 silly audit   acorn: [ '8.18.0' ],
3084 silly audit   'aria-query': [ '5.3.2' ],
3084 silly audit   'axobject-query': [ '4.1.0' ],
3084 silly audit   boxen: [ '8.0.1' ],
3084 silly audit   'ci-info': [ '4.4.0' ],
3084 silly audit   clsx: [ '2.1.1' ],
3084 silly audit   'common-ancestor-path': [ '1.0.1' ],
3084 silly audit   cookie: [ '1.1.1' ],
3084 silly audit   cssesc: [ '3.0.0' ],
3084 silly audit   debug: [ '4.4.3' ],
3084 silly audit   'deterministic-object-hash': [ '2.0.2' ],
3084 silly audit   devalue: [ '5.9.1' ],
3084 silly audit   diff: [ '8.0.4' ],
3084 silly audit   dlv: [ '1.1.3' ],
3084 silly audit   dset: [ '3.1.4' ],
3084 silly audit   'es-module-lexer': [ '1.7.0' ],
3084 silly audit   esbuild: [ '0.27.7', '0.25.12' ],
3084 silly audit   'estree-walker': [ '3.0.3', '2.0.2' ],
3084 silly audit   flattie: [ '1.1.1' ],
3084 silly audit   fontace: [ '0.4.1' ],
3084 silly audit   'github-slugger': [ '2.0.0' ],
3084 silly audit   'html-escaper': [ '3.0.3' ],
3084 silly audit   'http-cache-semantics': [ '4.2.0' ],
3084 silly audit   'import-meta-resolve': [ '4.2.0' ],
3084 silly audit   'js-yaml': [ '4.3.1' ],
3084 silly audit   magicast: [ '0.5.4' ],
3084 silly audit   mrmime: [ '2.0.1' ],
3084 silly audit   neotraverse: [ '0.6.18' ],
3084 silly audit   'p-limit': [ '6.2.0' ],
3084 silly audit   'p-queue': [ '8.1.1' ],
3084 silly audit   'package-manager-detector': [ '1.8.0' ],
3084 silly audit   piccolore: [ '0.1.3' ],
3084 silly audit   picomatch: [ '4.0.5', '2.3.2' ],
3084 silly audit   prompts: [ '2.4.2' ],
3084 silly audit   rehype: [ '13.0.2' ],
3084 silly audit   semver: [ '7.8.5' ],
3084 silly audit   sharp: [ '0.34.5' ],
3084 silly audit   shiki: [ '3.23.0' ],
3084 silly audit   'smol-toml': [ '1.8.0' ],
3084 silly audit   svgo: [ '4.0.2' ],
3084 silly audit   tinyexec: [ '1.3.0' ],
3084 silly audit   tsconfck: [ '3.1.6' ],
3084 silly audit   ultrahtml: [ '1.7.0' ],
3084 silly audit   unifont: [ '0.7.5' ],
3084 silly audit   'unist-util-visit': [ '5.1.0' ],
3084 silly audit   unstorage: [ '1.17.5' ],
3084 silly audit   vfile: [ '6.0.3' ],
3084 silly audit   vitefu: [ '1.1.3' ],
3084 silly audit   'xxhash-wasm': [ '1.1.0' ],
3084 silly audit   'yargs-parser': [ '21.1.1', '22.0.0' ],
3084 silly audit   'yocto-spinner': [ '0.2.3' ],
3084 silly audit   'zod-to-json-schema': [ '3.25.2' ],
3084 silly audit   'zod-to-ts': [ '1.2.0' ],
3084 silly audit   '@astrojs/prism': [ '3.3.0' ],
3084 silly audit   'hast-util-from-html': [ '2.0.3' ],
3084 silly audit   'hast-util-to-text': [ '4.0.2' ],
3084 silly audit   'mdast-util-definitions': [ '6.0.0' ],
3084 silly audit   'rehype-raw': [ '7.0.0' ],
3084 silly audit   'rehype-stringify': [ '10.0.1' ],
3084 silly audit   'remark-gfm': [ '4.0.1' ],
3084 silly audit   'remark-parse': [ '11.0.0' ],
3084 silly audit   'remark-rehype': [ '11.1.2' ],
3084 silly audit   'remark-smartypants': [ '3.0.3' ],
3084 silly audit   unified: [ '11.0.5' ],
3084 silly audit   'unist-util-remove-position': [ '5.0.0' ],
3084 silly audit   'unist-util-visit-parents': [ '6.0.2' ],
3084 silly audit   prismjs: [ '1.30.0' ],
3084 silly audit   'is-docker': [ '3.0.0' ],
3084 silly audit   'is-wsl': [ '3.1.1' ],
3084 silly audit   'which-pm-runs': [ '1.1.0' ],
3084 silly audit   fontkitten: [ '1.0.3' ],
3084 silly audit   '@types/estree': [ '1.0.9' ],
3084 silly audit   'ansi-align': [ '3.0.1' ],
3084 silly audit   camelcase: [ '8.0.0' ],
3084 silly audit   chalk: [ '5.6.2' ],
3084 silly audit   'cli-boxes': [ '3.0.0' ],
3084 silly audit   'string-width': [ '7.2.0', '4.2.3', '8.2.2' ],
3084 silly audit   'type-fest': [ '4.41.0' ],
3084 silly audit   'widest-line': [ '5.0.0' ],
3084 silly audit   'wrap-ansi': [ '9.0.2' ],
3084 silly audit   readdirp: [ '4.1.2', '5.1.1' ],
3084 silly audit   ms: [ '2.1.3' ],
3084 silly audit   'base-64': [ '1.0.0' ],
3084 silly audit   'graceful-fs': [ '4.2.11' ],
3084 silly audit   tapable: [ '2.3.3' ],
3084 silly audit   '@esbuild/aix-ppc64': [ '0.27.7', '0.25.12' ],
3084 silly audit   '@esbuild/android-arm': [ '0.27.7', '0.25.12' ],
3084 silly audit   '@esbuild/android-arm64': [ '0.27.7', '0.25.12' ],
3084 silly audit   '@esbuild/android-x64': [ '0.27.7', '0.25.12' ],
3084 silly audit   '@esbuild/darwin-arm64': [ '0.27.7', '0.25.12' ],
3084 silly audit   '@esbuild/darwin-x64': [ '0.27.7', '0.25.12' ],
3084 silly audit   '@esbuild/freebsd-arm64': [ '0.27.7', '0.25.12' ],
3084 silly audit   '@esbuild/freebsd-x64': [ '0.27.7', '0.25.12' ],
3084 silly audit   '@esbuild/linux-arm': [ '0.27.7', '0.25.12' ],
3084 silly audit   '@esbuild/linux-arm64': [ '0.27.7', '0.25.12' ],
3084 silly audit   '@esbuild/linux-ia32': [ '0.27.7', '0.25.12' ],
3084 silly audit   '@esbuild/linux-loong64': [ '0.27.7', '0.25.12' ],
3084 silly audit   '@esbuild/linux-mips64el': [ '0.27.7', '0.25.12' ],
3084 silly audit   '@esbuild/linux-ppc64': [ '0.27.7', '0.25.12' ],
3084 silly audit   '@esbuild/linux-riscv64': [ '0.27.7', '0.25.12' ],
3084 silly audit   '@esbuild/linux-s390x': [ '0.27.7', '0.25.12' ],
3084 silly audit   '@esbuild/linux-x64': [ '0.27.7', '0.25.12' ],
3084 silly audit   '@esbuild/netbsd-arm64': [ '0.27.7', '0.25.12' ],
3084 silly audit   '@esbuild/netbsd-x64': [ '0.27.7', '0.25.12' ],
3084 silly audit   '@esbuild/openbsd-arm64': [ '0.27.7', '0.25.12' ],
3084 silly audit   '@esbuild/openbsd-x64': [ '0.27.7', '0.25.12' ],
3084 silly audit   '@esbuild/openharmony-arm64': [ '0.27.7', '0.25.12' ],
3084 silly audit   '@esbuild/sunos-x64': [ '0.27.7', '0.25.12' ],
3084 silly audit   '@esbuild/win32-arm64': [ '0.27.7', '0.25.12' ],
3084 silly audit   '@esbuild/win32-ia32': [ '0.27.7', '0.25.12' ],
3084 silly audit   '@esbuild/win32-x64': [ '0.27.7', '0.25.12' ],
3084 silly audit   'tiny-inflate': [ '1.0.3' ],
3084 silly audit   '@types/hast': [ '3.0.5' ],
3084 silly audit   devlop: [ '1.1.0' ],
3084 silly audit   'hast-util-from-parse5': [ '8.0.3' ],
3084 silly audit   parse5: [ '7.3.0' ],
3084 silly audit   'vfile-message': [ '4.0.3' ],
3084 silly audit   '@types/unist': [ '3.0.3' ],
3084 silly audit   dequal: [ '2.0.3' ],
3084 silly audit   hastscript: [ '9.0.1' ],
3084 silly audit   'property-information': [ '7.2.0' ],
3084 silly audit   'vfile-location': [ '5.0.3' ],
3084 silly audit   'web-namespaces': [ '2.0.1' ],
3084 silly audit   'hast-util-is-element': [ '3.0.0' ],
3084 silly audit   'unist-util-find-after': [ '5.0.0' ],
3084 silly audit   'comma-separated-tokens': [ '2.0.3' ],
3084 silly audit   'hast-util-parse-selector': [ '4.0.0' ],
3084 silly audit   'space-separated-tokens': [ '2.0.2' ],
3084 silly audit   'is-inside-container': [ '1.0.0' ],
3084 silly audit   argparse: [ '2.0.1' ],
3084 silly audit   'detect-libc': [ '2.1.2' ],
3084 silly audit   'lightningcss-android-arm64': [ '1.32.0', '1.33.0' ],
3084 silly audit   'lightningcss-darwin-arm64': [ '1.32.0', '1.33.0' ],
3084 silly audit   'lightningcss-darwin-x64': [ '1.32.0', '1.33.0' ],
3084 silly audit   'lightningcss-freebsd-x64': [ '1.32.0', '1.33.0' ],
3084 silly audit   'lightningcss-linux-arm-gnueabihf': [ '1.32.0', '1.33.0' ],
3084 silly audit   'lightningcss-linux-arm64-gnu': [ '1.32.0', '1.33.0' ],
3084 silly audit   'lightningcss-linux-arm64-musl': [ '1.32.0', '1.33.0' ],
3084 silly audit   'lightningcss-linux-x64-gnu': [ '1.32.0', '1.33.0' ],
3084 silly audit   'lightningcss-linux-x64-musl': [ '1.32.0', '1.33.0' ],
3084 silly audit   'lightningcss-win32-arm64-msvc': [ '1.32.0', '1.33.0' ],
3084 silly audit   'lightningcss-win32-x64-msvc': [ '1.32.0', '1.33.0' ],
3084 silly audit   '@babel/parser': [ '7.29.8' ],
3084 silly audit   '@babel/types': [ '7.29.8' ],
3084 silly audit   '@babel/helper-string-parser': [ '7.29.7' ],
3084 silly audit   '@babel/helper-validator-identifier': [ '7.29.7' ],
3084 silly audit   '@types/mdast': [ '4.0.4' ],
3084 silly audit   'yocto-queue': [ '1.2.2' ],
3084 silly audit   eventemitter3: [ '5.0.4' ],
3084 silly audit   'p-timeout': [ '6.1.4' ],
3084 silly audit   entities: [ '6.0.1', '4.5.0' ],
3084 silly audit   sisteransi: [ '1.0.5' ],
3084 silly audit   'rehype-parse': [ '9.0.1' ],
3084 silly audit   'hast-util-raw': [ '9.1.0' ],
3084 silly audit   '@ungap/structured-clone': [ '1.3.3' ],
3084 silly audit   'hast-util-to-parse5': [ '8.0.1' ],
3084 silly audit   'html-void-elements': [ '3.0.0' ],
3084 silly audit   'mdast-util-to-hast': [ '13.2.1' ],
3084 silly audit   'unist-util-position': [ '5.0.0' ],
3084 silly audit   zwitch: [ '2.0.4' ],
3084 silly audit   'micromark-util-sanitize-uri': [ '2.0.1' ],
3084 silly audit   'trim-lines': [ '3.0.1' ],
3084 silly audit   'micromark-util-character': [ '2.1.1' ],
3084 silly audit   'micromark-util-encode': [ '2.0.1' ],
3084 silly audit   'micromark-util-symbol': [ '2.0.1' ],
3084 silly audit   'micromark-util-types': [ '2.0.2' ],
3084 silly audit   'hast-util-to-html': [ '9.0.5' ],
3084 silly audit   ccount: [ '2.0.1' ],
3084 silly audit   'hast-util-whitespace': [ '3.0.0' ],
3084 silly audit   'stringify-entities': [ '4.0.4' ],
3084 silly audit   'mdast-util-gfm': [ '3.1.0' ],
3084 silly audit   'micromark-extension-gfm': [ '3.0.0' ],
3084 silly audit   'remark-stringify': [ '11.0.0' ],
3084 silly audit   'mdast-util-from-markdown': [ '2.0.3' ],
3084 silly audit   'mdast-util-gfm-autolink-literal': [ '2.0.1' ],
3084 silly audit   'mdast-util-gfm-footnote': [ '2.1.0' ],
3084 silly audit   'mdast-util-gfm-strikethrough': [ '2.0.0' ],
3084 silly audit   'mdast-util-gfm-table': [ '2.0.0' ],
3084 silly audit   'mdast-util-gfm-task-list-item': [ '2.0.0' ],
3084 silly audit   'mdast-util-to-markdown': [ '2.1.2' ],
3084 silly audit   'decode-named-character-reference': [ '1.3.0' ],
3084 silly audit   'mdast-util-to-string': [ '4.0.0' ],
3084 silly audit   micromark: [ '4.0.2' ],
3084 silly audit   'micromark-util-decode-numeric-character-reference': [ '2.0.2' ],
3084 silly audit   'micromark-util-decode-string': [ '2.0.1' ],
3084 silly audit   'micromark-util-normalize-identifier': [ '2.0.1' ],
3084 silly audit   'unist-util-stringify-position': [ '4.0.0' ],
3084 silly audit   'character-entities': [ '2.0.2' ],
3084 silly audit   'mdast-util-find-and-replace': [ '3.0.2' ],
3084 silly audit   'escape-string-regexp': [ '5.0.0' ],
3084 silly audit   'unist-util-is': [ '6.0.1' ],
3084 silly audit   'markdown-table': [ '3.0.4' ],
3084 silly audit   'longest-streak': [ '3.1.0' ],
3084 silly audit   'mdast-util-phrasing': [ '4.1.0' ],
3084 silly audit   'micromark-util-classify-character': [ '2.0.1' ],
3084 silly audit   '@types/debug': [ '4.1.13' ],
3084 silly audit   'micromark-core-commonmark': [ '2.0.3' ],
3084 silly audit   'micromark-factory-space': [ '2.0.1' ],
3084 silly audit   'micromark-util-chunked': [ '2.0.1' ],
3084 silly audit   'micromark-util-combine-extensions': [ '2.0.1' ],
3084 silly audit   'micromark-util-resolve-all': [ '2.0.1' ],
3084 silly audit   'micromark-util-subtokenize': [ '2.1.0' ],
3084 silly audit   '@types/ms': [ '2.1.0' ],
3084 silly audit   'micromark-factory-destination': [ '2.0.1' ],
3084 silly audit   'micromark-factory-label': [ '2.0.1' ],
3084 silly audit   'micromark-factory-title': [ '2.0.1' ],
3084 silly audit   'micromark-factory-whitespace': [ '2.0.1' ],
3084 silly audit   'micromark-util-html-tag-name': [ '2.0.1' ],
3084 silly audit   'micromark-extension-gfm-autolink-literal': [ '2.1.0' ],
3084 silly audit   'micromark-extension-gfm-footnote': [ '2.1.0' ],
3084 silly audit   'micromark-extension-gfm-strikethrough': [ '2.1.0' ],
3084 silly audit   'micromark-extension-gfm-table': [ '2.1.1' ],
3084 silly audit   'micromark-extension-gfm-tagfilter': [ '2.0.0' ],
3084 silly audit   'micromark-extension-gfm-task-list-item': [ '2.1.0' ],
3084 silly audit   retext: [ '9.0.0' ],
3084 silly audit   'retext-smartypants': [ '6.2.0' ],
3084 silly audit   '@types/nlcst': [ '2.0.3' ],
3084 silly audit   'retext-latin': [ '4.0.0' ],
3084 silly audit   'retext-stringify': [ '4.0.0' ],
3084 silly audit   'parse-latin': [ '7.0.0' ],
3084 silly audit   'nlcst-to-string': [ '4.0.0' ],
3084 silly audit   'unist-util-modify-children': [ '4.0.0' ],
3084 silly audit   'unist-util-visit-children': [ '3.0.0' ],
3084 silly audit   '@img/colour': [ '1.1.0' ],
3084 silly audit   '@img/sharp-darwin-arm64': [ '0.34.5' ],
3084 silly audit   '@img/sharp-darwin-x64': [ '0.34.5' ],
3084 silly audit   '@img/sharp-libvips-darwin-arm64': [ '1.2.4' ],
3084 silly audit   '@img/sharp-libvips-darwin-x64': [ '1.2.4' ],
3084 silly audit   '@img/sharp-libvips-linux-arm': [ '1.2.4' ],
3084 silly audit   '@img/sharp-libvips-linux-arm64': [ '1.2.4' ],
3084 silly audit   '@img/sharp-libvips-linux-ppc64': [ '1.2.4' ],
3084 silly audit   '@img/sharp-libvips-linux-riscv64': [ '1.2.4' ],
3084 silly audit   '@img/sharp-libvips-linux-s390x': [ '1.2.4' ],
3084 silly audit   '@img/sharp-libvips-linux-x64': [ '1.2.4' ],
3084 silly audit   '@img/sharp-libvips-linuxmusl-arm64': [ '1.2.4' ],
3084 silly audit   '@img/sharp-libvips-linuxmusl-x64': [ '1.2.4' ],
3084 silly audit   '@img/sharp-linux-arm': [ '0.34.5' ],
3084 silly audit   '@img/sharp-linux-arm64': [ '0.34.5' ],
3084 silly audit   '@img/sharp-linux-ppc64': [ '0.34.5' ],
3084 silly audit   '@img/sharp-linux-riscv64': [ '0.34.5' ],
3084 silly audit   '@img/sharp-linux-s390x': [ '0.34.5' ],
3084 silly audit   '@img/sharp-linux-x64': [ '0.34.5' ],
3084 silly audit   '@img/sharp-linuxmusl-arm64': [ '0.34.5' ],
3084 silly audit   '@img/sharp-linuxmusl-x64': [ '0.34.5' ],
3084 silly audit   '@img/sharp-wasm32': [ '0.34.5' ],
3084 silly audit   '@img/sharp-win32-arm64': [ '0.34.5' ],
3084 silly audit   '@img/sharp-win32-ia32': [ '0.34.5' ],
3084 silly audit   '@img/sharp-win32-x64': [ '0.34.5' ],
3084 silly audit   '@emnapi/runtime': [ '1.11.3' ],
3084 silly audit   tslib: [ '2.8.1' ],
3084 silly audit   '@shikijs/core': [ '3.23.0' ],
3084 silly audit   '@shikijs/engine-javascript': [ '3.23.0' ],
3084 silly audit   '@shikijs/engine-oniguruma': [ '3.23.0' ],
3084 silly audit   '@shikijs/langs': [ '3.23.0' ],
3084 silly audit   '@shikijs/themes': [ '3.23.0' ],
3084 silly audit   '@shikijs/types': [ '3.23.0' ],
3084 silly audit   '@shikijs/vscode-textmate': [ '10.0.2' ],
3084 silly audit   'oniguruma-to-es': [ '4.3.6' ],
3084 silly audit   'oniguruma-parser': [ '0.12.2' ],
3084 silly audit   regex: [ '6.1.0' ],
3084 silly audit   'regex-recursion': [ '6.0.2' ],
3084 silly audit   'regex-utilities': [ '2.3.0' ],
3084 silly audit   '@types/node': [ '24.13.3' ],
3084 silly audit   '@types/sax': [ '1.2.7' ],
3084 silly audit   arg: [ '5.0.2' ],
3084 silly audit   sax: [ '1.6.1' ],
3084 silly audit   'undici-types': [ '7.18.2' ],
3084 silly audit   'emoji-regex': [ '10.6.0', '8.0.0' ],
3084 silly audit   'get-east-asian-width': [ '1.6.0' ],
3084 silly audit   'strip-ansi': [ '7.2.0', '6.0.1' ],
3084 silly audit   'character-entities-html4': [ '2.1.0' ],
3084 silly audit   'character-entities-legacy': [ '3.0.0' ],
3084 silly audit   'ansi-regex': [ '6.3.0', '5.0.1' ],
3084 silly audit   commander: [ '11.1.0' ],
3084 silly audit   'css-select': [ '5.2.2' ],
3084 silly audit   'css-tree': [ '3.2.1', '2.2.1' ],
3084 silly audit   'css-what': [ '6.2.2' ],
3084 silly audit   csso: [ '5.0.5' ],
3084 silly audit   picocolors: [ '1.1.1' ],
3084 silly audit   boolbase: [ '1.0.0' ],
3084 silly audit   domhandler: [ '5.0.3' ],
3084 silly audit   domutils: [ '3.2.2' ],
3084 silly audit   'nth-check': [ '2.1.1' ],
3084 silly audit   'mdn-data': [ '2.27.1', '2.0.28' ],
3084 silly audit   domelementtype: [ '2.3.0' ],
3084 silly audit   'dom-serializer': [ '2.0.0' ],
3084 silly audit   fdir: [ '6.5.0' ],
3084 silly audit   bail: [ '2.0.2' ],
3084 silly audit   extend: [ '3.0.2' ],
3084 silly audit   'is-plain-obj': [ '4.1.0' ],
3084 silly audit   trough: [ '2.2.0' ],
3084 silly audit   ohash: [ '2.0.12' ],
3084 silly audit   undici: [ '8.10.0' ],
3084 silly audit   'array-iterate': [ '2.0.1' ],
3084 silly audit   anymatch: [ '3.1.3' ],
3084 silly audit   destr: [ '2.0.5' ],
3084 silly audit   h3: [ '1.15.11' ],
3084 silly audit   'lru-cache': [ '11.5.2' ],
3084 silly audit   'node-fetch-native': [ '1.6.7' ],
3084 silly audit   ofetch: [ '1.5.1' ],
3084 silly audit   ufo: [ '1.6.4' ],
3084 silly audit   'normalize-path': [ '3.0.0' ],
3084 silly audit   'cookie-es': [ '1.2.3' ],
3084 silly audit   crossws: [ '0.3.5' ],
3084 silly audit   defu: [ '6.1.7' ],
3084 silly audit   'iron-webcrypto': [ '1.2.1' ],
3084 silly audit   'node-mock-http': [ '1.0.5' ],
3084 silly audit   radix3: [ '1.1.2' ],
3084 silly audit   uncrypto: [ '0.1.3' ],
3084 silly audit   fsevents: [ '2.3.3' ],
3084 silly audit   postcss: [ '8.5.26' ],
3084 silly audit   rolldown: [ '1.2.5' ],
3084 silly audit   nanoid: [ '3.3.18' ],
3084 silly audit   '@oxc-project/types': [ '0.146.0' ],
3084 silly audit   '@rolldown/binding-android-arm-eabi': [ '1.2.5' ],
3084 silly audit   '@rolldown/binding-android-arm64': [ '1.2.5' ],
3084 silly audit   '@rolldown/binding-darwin-arm64': [ '1.2.5' ],
3084 silly audit   '@rolldown/binding-darwin-x64': [ '1.2.5' ],
3084 silly audit   '@rolldown/binding-freebsd-x64': [ '1.2.5' ],
3084 silly audit   '@rolldown/binding-linux-arm-gnueabihf': [ '1.2.5' ],
3084 silly audit   '@rolldown/binding-linux-arm64-gnu': [ '1.2.5' ],
3084 silly audit   '@rolldown/binding-linux-arm64-musl': [ '1.2.5' ],
3084 silly audit   '@rolldown/binding-linux-ppc64-gnu': [ '1.2.5' ],
3084 silly audit   '@rolldown/binding-linux-s390x-gnu': [ '1.2.5' ],
3084 silly audit   '@rolldown/binding-linux-x64-gnu': [ '1.2.5' ],
3084 silly audit   '@rolldown/binding-linux-x64-musl': [ '1.2.5' ],
3084 silly audit   '@rolldown/binding-openharmony-arm64': [ '1.2.5' ],
3084 silly audit   '@rolldown/binding-win32-arm64-msvc': [ '1.2.5' ],
3084 silly audit   '@rolldown/binding-win32-x64-msvc': [ '1.2.5' ],
3084 silly audit   '@rolldown/pluginutils': [ '1.0.1' ],
3084 silly audit   'vscode-css-languageservice': [ '6.3.10' ],
3084 silly audit   '@emmetio/css-parser': [ '0.4.1' ],
3084 silly audit   '@emmetio/html-matcher': [ '1.3.0' ],
3084 silly audit   '@vscode/emmet-helper': [ '2.11.0' ],
3084 silly audit   '@emmetio/stream-reader': [ '2.2.0' ],
3084 silly audit   '@emmetio/stream-reader-utils': [ '0.1.0' ],
3084 silly audit   '@emmetio/scanner': [ '1.0.4' ],
3084 silly audit   emmet: [ '2.4.11' ],
3084 silly audit   'jsonc-parser': [ '2.3.1', '3.3.1' ],
3084 silly audit   'vscode-languageserver-types': [ '3.18.0', '3.17.5' ],
3084 silly audit   '@emmetio/abbreviation': [ '2.3.3' ],
3084 silly audit   '@emmetio/css-abbreviation': [ '2.1.8' ],
3084 silly audit   'typescript-auto-import-cache': [ '0.3.6' ],
3084 silly audit   'vscode-nls': [ '5.2.0' ],
3084 silly audit   'yaml-language-server': [ '1.23.0' ],
3084 silly audit   '@vscode/l10n': [ '0.0.18' ],
3084 silly audit   'vscode-jsonrpc': [ '9.0.1', '8.2.0' ],
3084 silly audit   'ansi-styles': [ '6.2.3' ],
3084 silly audit   ajv: [ '8.20.0' ],
3084 silly audit   'ajv-draft-04': [ '1.0.0' ],
3084 silly audit   'ajv-i18n': [ '4.2.0' ],
3084 silly audit   prettier: [ '3.9.6' ],
3084 silly audit   'vscode-json-languageservice': [ '4.1.8' ],
3084 silly audit   'fast-deep-equal': [ '3.1.3' ],
3084 silly audit   'fast-uri': [ '3.1.5' ],
3084 silly audit   'json-schema-traverse': [ '1.0.0' ],
3084 silly audit   'require-from-string': [ '2.0.2' ],
3084 silly audit   cliui: [ '9.0.1' ],
3084 silly audit   escalade: [ '3.2.0' ],
3084 silly audit   'get-caller-file': [ '2.0.5' ],
3084 silly audit   y18n: [ '5.0.8' ],
3084 silly audit   yoctocolors: [ '2.2.0' ],
3084 silly audit   'is-fullwidth-code-point': [ '3.0.0' ],
3084 silly audit   rollup: [ '4.62.5' ],
3084 silly audit   '@napi-rs/lzma-linux-x64-gnu': [ '1.5.1' ],
3084 silly audit   '@rollup/rollup-android-arm-eabi': [ '4.62.5' ],
3084 silly audit   '@rollup/rollup-android-arm64': [ '4.62.5' ],
3084 silly audit   '@rollup/rollup-darwin-arm64': [ '4.62.5' ],
3084 silly audit   '@rollup/rollup-darwin-x64': [ '4.62.5' ],
3084 silly audit   '@rollup/rollup-freebsd-arm64': [ '4.62.5' ],
3084 silly audit   '@rollup/rollup-freebsd-x64': [ '4.62.5' ],
3084 silly audit   '@rollup/rollup-linux-arm-gnueabihf': [ '4.62.5' ],
3084 silly audit   '@rollup/rollup-linux-arm-musleabihf': [ '4.62.5' ],
3084 silly audit   '@rollup/rollup-linux-arm64-gnu': [ '4.62.5' ],
3084 silly audit   '@rollup/rollup-linux-arm64-musl': [ '4.62.5' ],
3084 silly audit   '@rollup/rollup-linux-loong64-gnu': [ '4.62.5' ],
3084 silly audit   '@rollup/rollup-linux-loong64-musl': [ '4.62.5' ],
3084 silly audit   '@rollup/rollup-linux-ppc64-gnu': [ '4.62.5' ],
3084 silly audit   '@rollup/rollup-linux-ppc64-musl': [ '4.62.5' ],
3084 silly audit   '@rollup/rollup-linux-riscv64-gnu': [ '4.62.5' ],
3084 silly audit   '@rollup/rollup-linux-riscv64-musl': [ '4.62.5' ],
3084 silly audit   '@rollup/rollup-linux-s390x-gnu': [ '4.62.5' ],
3084 silly audit   '@rollup/rollup-linux-x64-gnu': [ '4.62.5' ],
3084 silly audit   '@rollup/rollup-linux-x64-musl': [ '4.62.5' ],
3084 silly audit   '@rollup/rollup-openbsd-x64': [ '4.62.5' ],
3084 silly audit   '@rollup/rollup-openharmony-arm64': [ '4.62.5' ],
3084 silly audit   '@rollup/rollup-win32-arm64-msvc': [ '4.62.5' ],
3084 silly audit   '@rollup/rollup-win32-ia32-msvc': [ '4.62.5' ],
3084 silly audit   '@rollup/rollup-win32-x64-gnu': [ '4.62.5' ],
3084 silly audit   '@rollup/rollup-win32-x64-msvc': [ '4.62.5' ]
3084 silly audit }
3085 http cache @rollup/rollup-darwin-arm64@https://registry.npmjs.org/@rollup/rollup-darwin-arm64/-/rollup-darwin-arm64-4.62.5.tgz 0ms (cache hit)
3086 http cache is-fullwidth-code-point@https://registry.npmjs.org/is-fullwidth-code-point/-/is-fullwidth-code-point-3.0.0.tgz 0ms (cache hit)
3087 http cache rollup@https://registry.npmjs.org/rollup/-/rollup-4.62.5.tgz 0ms (cache hit)
3088 http cache y18n@https://registry.npmjs.org/y18n/-/y18n-5.0.8.tgz 0ms (cache hit)
3089 http cache escalade@https://registry.npmjs.org/escalade/-/escalade-3.2.0.tgz 0ms (cache hit)
3090 http cache cliui@https://registry.npmjs.org/cliui/-/cliui-9.0.1.tgz 0ms (cache hit)
3091 http cache json-schema-traverse@https://registry.npmjs.org/json-schema-traverse/-/json-schema-traverse-1.0.0.tgz 0ms (cache hit)
3092 http cache require-from-string@https://registry.npmjs.org/require-from-string/-/require-from-string-2.0.2.tgz 0ms (cache hit)
3093 http cache fast-uri@https://registry.npmjs.org/fast-uri/-/fast-uri-3.1.5.tgz 0ms (cache hit)
3094 http cache fast-deep-equal@https://registry.npmjs.org/fast-deep-equal/-/fast-deep-equal-3.1.3.tgz 0ms (cache hit)
3095 http cache prettier@https://registry.npmjs.org/prettier/-/prettier-3.9.6.tgz 0ms (cache hit)
3096 http cache vscode-json-languageservice@https://registry.npmjs.org/vscode-json-languageservice/-/vscode-json-languageservice-4.1.8.tgz 0ms (cache hit)
3097 http cache yoctocolors@https://registry.npmjs.org/yoctocolors/-/yoctocolors-2.2.0.tgz 0ms (cache hit)
3098 http cache ajv-i18n@https://registry.npmjs.org/ajv-i18n/-/ajv-i18n-4.2.0.tgz 0ms (cache hit)
3099 http cache ajv-draft-04@https://registry.npmjs.org/ajv-draft-04/-/ajv-draft-04-1.0.0.tgz 0ms (cache hit)
3100 http cache ajv@https://registry.npmjs.org/ajv/-/ajv-8.20.0.tgz 0ms (cache hit)
3101 http cache ansi-styles@https://registry.npmjs.org/ansi-styles/-/ansi-styles-6.2.3.tgz 0ms (cache hit)
3102 http cache yaml-language-server@https://registry.npmjs.org/yaml-language-server/-/yaml-language-server-1.23.0.tgz 0ms (cache hit)
3103 http cache vscode-nls@https://registry.npmjs.org/vscode-nls/-/vscode-nls-5.2.0.tgz 0ms (cache hit)
3104 http cache @vscode/l10n@https://registry.npmjs.org/@vscode/l10n/-/l10n-0.0.18.tgz 0ms (cache hit)
3105 http cache typescript-auto-import-cache@https://registry.npmjs.org/typescript-auto-import-cache/-/typescript-auto-import-cache-0.3.6.tgz 0ms (cache hit)
3106 http cache @emmetio/css-abbreviation@https://registry.npmjs.org/@emmetio/css-abbreviation/-/css-abbreviation-2.1.8.tgz 0ms (cache hit)
3107 http cache @emmetio/abbreviation@https://registry.npmjs.org/@emmetio/abbreviation/-/abbreviation-2.3.3.tgz 0ms (cache hit)
3108 http cache vscode-languageserver-types@https://registry.npmjs.org/vscode-languageserver-types/-/vscode-languageserver-types-3.18.0.tgz 0ms (cache hit)
3109 http cache vscode-jsonrpc@https://registry.npmjs.org/vscode-jsonrpc/-/vscode-jsonrpc-9.0.1.tgz 0ms (cache hit)
3110 http cache emmet@https://registry.npmjs.org/emmet/-/emmet-2.4.11.tgz 0ms (cache hit)
3111 http cache @emmetio/stream-reader@https://registry.npmjs.org/@emmetio/stream-reader/-/stream-reader-2.2.0.tgz 0ms (cache hit)
3112 http cache @emmetio/stream-reader-utils@https://registry.npmjs.org/@emmetio/stream-reader-utils/-/stream-reader-utils-0.1.0.tgz 0ms (cache hit)
3113 http cache jsonc-parser@https://registry.npmjs.org/jsonc-parser/-/jsonc-parser-2.3.1.tgz 0ms (cache hit)
3114 http cache @vscode/emmet-helper@https://registry.npmjs.org/@vscode/emmet-helper/-/emmet-helper-2.11.0.tgz 0ms (cache hit)
3115 http cache @emmetio/html-matcher@https://registry.npmjs.org/@emmetio/html-matcher/-/html-matcher-1.3.0.tgz 0ms (cache hit)
3116 http cache @emmetio/css-parser@https://registry.npmjs.org/@emmetio/css-parser/-/css-parser-0.4.1.tgz 0ms (cache hit)
3117 http cache vscode-css-languageservice@https://registry.npmjs.org/vscode-css-languageservice/-/vscode-css-languageservice-6.3.10.tgz 0ms (cache hit)
3118 http cache @emmetio/scanner@https://registry.npmjs.org/@emmetio/scanner/-/scanner-1.0.4.tgz 0ms (cache hit)
3119 http cache @rolldown/pluginutils@https://registry.npmjs.org/@rolldown/pluginutils/-/pluginutils-1.0.1.tgz 0ms (cache hit)
3120 http cache @rolldown/binding-darwin-arm64@https://registry.npmjs.org/@rolldown/binding-darwin-arm64/-/binding-darwin-arm64-1.2.5.tgz 0ms (cache hit)
3121 http cache @oxc-project/types@https://registry.npmjs.org/@oxc-project/types/-/types-0.146.0.tgz 0ms (cache hit)
3122 http cache postcss@https://registry.npmjs.org/postcss/-/postcss-8.5.26.tgz 0ms (cache hit)
3123 http cache fsevents@https://registry.npmjs.org/fsevents/-/fsevents-2.3.3.tgz 0ms (cache hit)
3124 http cache nanoid@https://registry.npmjs.org/nanoid/-/nanoid-3.3.18.tgz 0ms (cache hit)
3125 http cache uncrypto@https://registry.npmjs.org/uncrypto/-/uncrypto-0.1.3.tgz 0ms (cache hit)
3126 http cache rolldown@https://registry.npmjs.org/rolldown/-/rolldown-1.2.5.tgz 0ms (cache hit)
3127 http cache radix3@https://registry.npmjs.org/radix3/-/radix3-1.1.2.tgz 0ms (cache hit)
3128 http cache iron-webcrypto@https://registry.npmjs.org/iron-webcrypto/-/iron-webcrypto-1.2.1.tgz 0ms (cache hit)
3129 http cache defu@https://registry.npmjs.org/defu/-/defu-6.1.7.tgz 0ms (cache hit)
3130 http cache cookie-es@https://registry.npmjs.org/cookie-es/-/cookie-es-1.2.3.tgz 0ms (cache hit)
3131 http cache crossws@https://registry.npmjs.org/crossws/-/crossws-0.3.5.tgz 0ms (cache hit)
3132 http cache get-caller-file@https://registry.npmjs.org/get-caller-file/-/get-caller-file-2.0.5.tgz 0ms (cache hit)
3133 http cache node-mock-http@https://registry.npmjs.org/node-mock-http/-/node-mock-http-1.0.5.tgz 0ms (cache hit)
3134 http cache ufo@https://registry.npmjs.org/ufo/-/ufo-1.6.4.tgz 0ms (cache hit)
3135 http cache lru-cache@https://registry.npmjs.org/lru-cache/-/lru-cache-11.5.2.tgz 0ms (cache hit)
3136 http cache h3@https://registry.npmjs.org/h3/-/h3-1.15.11.tgz 0ms (cache hit)
3137 http cache normalize-path@https://registry.npmjs.org/normalize-path/-/normalize-path-3.0.0.tgz 0ms (cache hit)
3138 http cache anymatch@https://registry.npmjs.org/anymatch/-/anymatch-3.1.3.tgz 0ms (cache hit)
3139 http cache trough@https://registry.npmjs.org/trough/-/trough-2.2.0.tgz 0ms (cache hit)
3140 http cache ohash@https://registry.npmjs.org/ohash/-/ohash-2.0.12.tgz 0ms (cache hit)
3141 http cache node-fetch-native@https://registry.npmjs.org/node-fetch-native/-/node-fetch-native-1.6.7.tgz 0ms (cache hit)
3142 http cache ofetch@https://registry.npmjs.org/ofetch/-/ofetch-1.5.1.tgz 0ms (cache hit)
3143 http cache undici@https://registry.npmjs.org/undici/-/undici-8.10.0.tgz 0ms (cache hit)
3144 http cache extend@https://registry.npmjs.org/extend/-/extend-3.0.2.tgz 0ms (cache hit)
3145 http cache is-plain-obj@https://registry.npmjs.org/is-plain-obj/-/is-plain-obj-4.1.0.tgz 0ms (cache hit)
3146 http cache bail@https://registry.npmjs.org/bail/-/bail-2.0.2.tgz 0ms (cache hit)
3147 http cache fdir@https://registry.npmjs.org/fdir/-/fdir-6.5.0.tgz 0ms (cache hit)
3148 http cache dom-serializer@https://registry.npmjs.org/dom-serializer/-/dom-serializer-2.0.0.tgz 0ms (cache hit)
3149 http cache domelementtype@https://registry.npmjs.org/domelementtype/-/domelementtype-2.3.0.tgz 0ms (cache hit)
3150 http cache array-iterate@https://registry.npmjs.org/array-iterate/-/array-iterate-2.0.1.tgz 0ms (cache hit)
3151 http cache nth-check@https://registry.npmjs.org/nth-check/-/nth-check-2.1.1.tgz 0ms (cache hit)
3152 http cache mdn-data@https://registry.npmjs.org/mdn-data/-/mdn-data-2.27.1.tgz 0ms (cache hit)
3153 http cache domutils@https://registry.npmjs.org/domutils/-/domutils-3.2.2.tgz 0ms (cache hit)
3154 http cache domhandler@https://registry.npmjs.org/domhandler/-/domhandler-5.0.3.tgz 0ms (cache hit)
3155 http cache boolbase@https://registry.npmjs.org/boolbase/-/boolbase-1.0.0.tgz 0ms (cache hit)
3156 http cache picocolors@https://registry.npmjs.org/picocolors/-/picocolors-1.1.1.tgz 0ms (cache hit)
3157 http cache css-what@https://registry.npmjs.org/css-what/-/css-what-6.2.2.tgz 0ms (cache hit)
3158 http cache csso@https://registry.npmjs.org/csso/-/csso-5.0.5.tgz 0ms (cache hit)
3159 http cache css-tree@https://registry.npmjs.org/css-tree/-/css-tree-3.2.1.tgz 0ms (cache hit)
3160 http cache ansi-regex@https://registry.npmjs.org/ansi-regex/-/ansi-regex-6.3.0.tgz 0ms (cache hit)
3161 http cache character-entities-html4@https://registry.npmjs.org/character-entities-html4/-/character-entities-html4-2.1.0.tgz 0ms (cache hit)
3162 http cache css-select@https://registry.npmjs.org/css-select/-/css-select-5.2.2.tgz 0ms (cache hit)
3163 http cache strip-ansi@https://registry.npmjs.org/strip-ansi/-/strip-ansi-7.2.0.tgz 0ms (cache hit)
3164 http cache character-entities-legacy@https://registry.npmjs.org/character-entities-legacy/-/character-entities-legacy-3.0.0.tgz 0ms (cache hit)
3165 http cache commander@https://registry.npmjs.org/commander/-/commander-11.1.0.tgz 0ms (cache hit)
3166 http cache get-east-asian-width@https://registry.npmjs.org/get-east-asian-width/-/get-east-asian-width-1.6.0.tgz 0ms (cache hit)
3167 http cache undici-types@https://registry.npmjs.org/undici-types/-/undici-types-7.18.2.tgz 0ms (cache hit)
3168 http cache sax@https://registry.npmjs.org/sax/-/sax-1.6.1.tgz 0ms (cache hit)
3169 http cache emoji-regex@https://registry.npmjs.org/emoji-regex/-/emoji-regex-10.6.0.tgz 0ms (cache hit)
3170 http cache arg@https://registry.npmjs.org/arg/-/arg-5.0.2.tgz 0ms (cache hit)
3171 http cache destr@https://registry.npmjs.org/destr/-/destr-2.0.5.tgz 0ms (cache hit)
3172 http cache regex-utilities@https://registry.npmjs.org/regex-utilities/-/regex-utilities-2.3.0.tgz 0ms (cache hit)
3173 http cache @types/node@https://registry.npmjs.org/@types/node/-/node-24.13.3.tgz 0ms (cache hit)
3174 http cache regex-recursion@https://registry.npmjs.org/regex-recursion/-/regex-recursion-6.0.2.tgz 0ms (cache hit)
3175 http cache regex@https://registry.npmjs.org/regex/-/regex-6.1.0.tgz 0ms (cache hit)
3176 http cache oniguruma-parser@https://registry.npmjs.org/oniguruma-parser/-/oniguruma-parser-0.12.2.tgz 0ms (cache hit)
3177 http cache oniguruma-to-es@https://registry.npmjs.org/oniguruma-to-es/-/oniguruma-to-es-4.3.6.tgz 0ms (cache hit)
3178 http cache @types/sax@https://registry.npmjs.org/@types/sax/-/sax-1.2.7.tgz 0ms (cache hit)
3179 http cache @shikijs/vscode-textmate@https://registry.npmjs.org/@shikijs/vscode-textmate/-/vscode-textmate-10.0.2.tgz 0ms (cache hit)
3180 http cache @shikijs/types@https://registry.npmjs.org/@shikijs/types/-/types-3.23.0.tgz 0ms (cache hit)
3181 http cache @shikijs/themes@https://registry.npmjs.org/@shikijs/themes/-/themes-3.23.0.tgz 0ms (cache hit)
3182 http cache @shikijs/langs@https://registry.npmjs.org/@shikijs/langs/-/langs-3.23.0.tgz 0ms (cache hit)
3183 http cache @shikijs/engine-oniguruma@https://registry.npmjs.org/@shikijs/engine-oniguruma/-/engine-oniguruma-3.23.0.tgz 0ms (cache hit)
3184 http cache @shikijs/engine-javascript@https://registry.npmjs.org/@shikijs/engine-javascript/-/engine-javascript-3.23.0.tgz 0ms (cache hit)
3185 http cache @shikijs/core@https://registry.npmjs.org/@shikijs/core/-/core-3.23.0.tgz 0ms (cache hit)
3186 http cache @img/sharp-libvips-darwin-arm64@https://registry.npmjs.org/@img/sharp-libvips-darwin-arm64/-/sharp-libvips-darwin-arm64-1.2.4.tgz 0ms (cache hit)
3187 http cache @img/sharp-darwin-arm64@https://registry.npmjs.org/@img/sharp-darwin-arm64/-/sharp-darwin-arm64-0.34.5.tgz 0ms (cache hit)
3188 http cache @img/colour@https://registry.npmjs.org/@img/colour/-/colour-1.1.0.tgz 0ms (cache hit)
3189 http cache unist-util-visit-children@https://registry.npmjs.org/unist-util-visit-children/-/unist-util-visit-children-3.0.0.tgz 0ms (cache hit)
3190 http cache unist-util-modify-children@https://registry.npmjs.org/unist-util-modify-children/-/unist-util-modify-children-4.0.0.tgz 0ms (cache hit)
3191 http cache nlcst-to-string@https://registry.npmjs.org/nlcst-to-string/-/nlcst-to-string-4.0.0.tgz 0ms (cache hit)
3192 http cache parse-latin@https://registry.npmjs.org/parse-latin/-/parse-latin-7.0.0.tgz 0ms (cache hit)
3193 http cache retext-stringify@https://registry.npmjs.org/retext-stringify/-/retext-stringify-4.0.0.tgz 0ms (cache hit)
3194 http cache @types/nlcst@https://registry.npmjs.org/@types/nlcst/-/nlcst-2.0.3.tgz 0ms (cache hit)
3195 http cache retext-smartypants@https://registry.npmjs.org/retext-smartypants/-/retext-smartypants-6.2.0.tgz 0ms (cache hit)
3196 http cache retext@https://registry.npmjs.org/retext/-/retext-9.0.0.tgz 0ms (cache hit)
3197 http cache micromark-extension-gfm-task-list-item@https://registry.npmjs.org/micromark-extension-gfm-task-list-item/-/micromark-extension-gfm-task-list-item-2.1.0.tgz 0ms (cache hit)
3198 http cache retext-latin@https://registry.npmjs.org/retext-latin/-/retext-latin-4.0.0.tgz 0ms (cache hit)
3199 http cache micromark-extension-gfm-footnote@https://registry.npmjs.org/micromark-extension-gfm-footnote/-/micromark-extension-gfm-footnote-2.1.0.tgz 0ms (cache hit)
3200 http cache micromark-extension-gfm-autolink-literal@https://registry.npmjs.org/micromark-extension-gfm-autolink-literal/-/micromark-extension-gfm-autolink-literal-2.1.0.tgz 0ms (cache hit)
3201 http cache micromark-extension-gfm-tagfilter@https://registry.npmjs.org/micromark-extension-gfm-tagfilter/-/micromark-extension-gfm-tagfilter-2.0.0.tgz 0ms (cache hit)
3202 http cache micromark-util-html-tag-name@https://registry.npmjs.org/micromark-util-html-tag-name/-/micromark-util-html-tag-name-2.0.1.tgz 0ms (cache hit)
3203 http cache micromark-factory-whitespace@https://registry.npmjs.org/micromark-factory-whitespace/-/micromark-factory-whitespace-2.0.1.tgz 0ms (cache hit)
3204 http cache micromark-factory-label@https://registry.npmjs.org/micromark-factory-label/-/micromark-factory-label-2.0.1.tgz 0ms (cache hit)
3205 http cache micromark-factory-title@https://registry.npmjs.org/micromark-factory-title/-/micromark-factory-title-2.0.1.tgz 0ms (cache hit)
3206 http cache micromark-extension-gfm-table@https://registry.npmjs.org/micromark-extension-gfm-table/-/micromark-extension-gfm-table-2.1.1.tgz 0ms (cache hit)
3207 http cache micromark-extension-gfm-strikethrough@https://registry.npmjs.org/micromark-extension-gfm-strikethrough/-/micromark-extension-gfm-strikethrough-2.1.0.tgz 0ms (cache hit)
3208 http cache @types/ms@https://registry.npmjs.org/@types/ms/-/ms-2.1.0.tgz 0ms (cache hit)
3209 http cache micromark-factory-destination@https://registry.npmjs.org/micromark-factory-destination/-/micromark-factory-destination-2.0.1.tgz 0ms (cache hit)
3210 http cache micromark-util-resolve-all@https://registry.npmjs.org/micromark-util-resolve-all/-/micromark-util-resolve-all-2.0.1.tgz 0ms (cache hit)
3211 http cache micromark-util-subtokenize@https://registry.npmjs.org/micromark-util-subtokenize/-/micromark-util-subtokenize-2.1.0.tgz 0ms (cache hit)
3212 http cache micromark-util-combine-extensions@https://registry.npmjs.org/micromark-util-combine-extensions/-/micromark-util-combine-extensions-2.0.1.tgz 0ms (cache hit)
3213 http cache micromark-util-chunked@https://registry.npmjs.org/micromark-util-chunked/-/micromark-util-chunked-2.0.1.tgz 0ms (cache hit)
3214 http cache micromark-factory-space@https://registry.npmjs.org/micromark-factory-space/-/micromark-factory-space-2.0.1.tgz 0ms (cache hit)
3215 http cache micromark-core-commonmark@https://registry.npmjs.org/micromark-core-commonmark/-/micromark-core-commonmark-2.0.3.tgz 0ms (cache hit)
3216 http cache @types/debug@https://registry.npmjs.org/@types/debug/-/debug-4.1.13.tgz 0ms (cache hit)
3217 http cache micromark-util-classify-character@https://registry.npmjs.org/micromark-util-classify-character/-/micromark-util-classify-character-2.0.1.tgz 0ms (cache hit)
3218 http cache mdast-util-phrasing@https://registry.npmjs.org/mdast-util-phrasing/-/mdast-util-phrasing-4.1.0.tgz 0ms (cache hit)
3219 http cache longest-streak@https://registry.npmjs.org/longest-streak/-/longest-streak-3.1.0.tgz 0ms (cache hit)
3220 http cache unist-util-is@https://registry.npmjs.org/unist-util-is/-/unist-util-is-6.0.1.tgz 0ms (cache hit)
3221 http cache escape-string-regexp@https://registry.npmjs.org/escape-string-regexp/-/escape-string-regexp-5.0.0.tgz 0ms (cache hit)
3222 http cache mdast-util-find-and-replace@https://registry.npmjs.org/mdast-util-find-and-replace/-/mdast-util-find-and-replace-3.0.2.tgz 0ms (cache hit)
3223 http cache markdown-table@https://registry.npmjs.org/markdown-table/-/markdown-table-3.0.4.tgz 0ms (cache hit)
3224 http cache character-entities@https://registry.npmjs.org/character-entities/-/character-entities-2.0.2.tgz 0ms (cache hit)
3225 http cache unist-util-stringify-position@https://registry.npmjs.org/unist-util-stringify-position/-/unist-util-stringify-position-4.0.0.tgz 0ms (cache hit)
3226 http cache micromark-util-normalize-identifier@https://registry.npmjs.org/micromark-util-normalize-identifier/-/micromark-util-normalize-identifier-2.0.1.tgz 0ms (cache hit)
3227 http cache decode-named-character-reference@https://registry.npmjs.org/decode-named-character-reference/-/decode-named-character-reference-1.3.0.tgz 0ms (cache hit)
3228 http cache micromark-util-decode-numeric-character-reference@https://registry.npmjs.org/micromark-util-decode-numeric-character-reference/-/micromark-util-decode-numeric-character-reference-2.0.2.tgz 0ms (cache hit)
3229 http cache micromark-util-decode-string@https://registry.npmjs.org/micromark-util-decode-string/-/micromark-util-decode-string-2.0.1.tgz 0ms (cache hit)
3230 http cache micromark@https://registry.npmjs.org/micromark/-/micromark-4.0.2.tgz 0ms (cache hit)
3231 http cache mdast-util-to-markdown@https://registry.npmjs.org/mdast-util-to-markdown/-/mdast-util-to-markdown-2.1.2.tgz 0ms (cache hit)
3232 http cache mdast-util-gfm-task-list-item@https://registry.npmjs.org/mdast-util-gfm-task-list-item/-/mdast-util-gfm-task-list-item-2.0.0.tgz 0ms (cache hit)
3233 http cache mdast-util-gfm-table@https://registry.npmjs.org/mdast-util-gfm-table/-/mdast-util-gfm-table-2.0.0.tgz 0ms (cache hit)
3234 http cache mdast-util-gfm-footnote@https://registry.npmjs.org/mdast-util-gfm-footnote/-/mdast-util-gfm-footnote-2.1.0.tgz 0ms (cache hit)
3235 http cache mdast-util-gfm-strikethrough@https://registry.npmjs.org/mdast-util-gfm-strikethrough/-/mdast-util-gfm-strikethrough-2.0.0.tgz 0ms (cache hit)
3236 http cache mdast-util-gfm-autolink-literal@https://registry.npmjs.org/mdast-util-gfm-autolink-literal/-/mdast-util-gfm-autolink-literal-2.0.1.tgz 0ms (cache hit)
3237 http cache mdast-util-to-string@https://registry.npmjs.org/mdast-util-to-string/-/mdast-util-to-string-4.0.0.tgz 0ms (cache hit)
3238 http cache mdast-util-from-markdown@https://registry.npmjs.org/mdast-util-from-markdown/-/mdast-util-from-markdown-2.0.3.tgz 0ms (cache hit)
3239 http cache micromark-extension-gfm@https://registry.npmjs.org/micromark-extension-gfm/-/micromark-extension-gfm-3.0.0.tgz 0ms (cache hit)
3240 http cache mdast-util-gfm@https://registry.npmjs.org/mdast-util-gfm/-/mdast-util-gfm-3.1.0.tgz 0ms (cache hit)
3241 http cache stringify-entities@https://registry.npmjs.org/stringify-entities/-/stringify-entities-4.0.4.tgz 0ms (cache hit)
3242 http cache hast-util-whitespace@https://registry.npmjs.org/hast-util-whitespace/-/hast-util-whitespace-3.0.0.tgz 0ms (cache hit)
3243 http cache hast-util-to-html@https://registry.npmjs.org/hast-util-to-html/-/hast-util-to-html-9.0.5.tgz 0ms (cache hit)
3244 http cache micromark-util-types@https://registry.npmjs.org/micromark-util-types/-/micromark-util-types-2.0.2.tgz 0ms (cache hit)
3245 http cache micromark-util-encode@https://registry.npmjs.org/micromark-util-encode/-/micromark-util-encode-2.0.1.tgz 0ms (cache hit)
3246 http cache micromark-util-symbol@https://registry.npmjs.org/micromark-util-symbol/-/micromark-util-symbol-2.0.1.tgz 0ms (cache hit)
3247 http cache micromark-util-character@https://registry.npmjs.org/micromark-util-character/-/micromark-util-character-2.1.1.tgz 0ms (cache hit)
3248 http cache micromark-util-sanitize-uri@https://registry.npmjs.org/micromark-util-sanitize-uri/-/micromark-util-sanitize-uri-2.0.1.tgz 0ms (cache hit)
3249 http cache ccount@https://registry.npmjs.org/ccount/-/ccount-2.0.1.tgz 0ms (cache hit)
3250 http cache unist-util-position@https://registry.npmjs.org/unist-util-position/-/unist-util-position-5.0.0.tgz 0ms (cache hit)
3251 http cache zwitch@https://registry.npmjs.org/zwitch/-/zwitch-2.0.4.tgz 0ms (cache hit)
3252 http cache trim-lines@https://registry.npmjs.org/trim-lines/-/trim-lines-3.0.1.tgz 0ms (cache hit)
3253 http cache mdast-util-to-hast@https://registry.npmjs.org/mdast-util-to-hast/-/mdast-util-to-hast-13.2.1.tgz 0ms (cache hit)
3254 http cache html-void-elements@https://registry.npmjs.org/html-void-elements/-/html-void-elements-3.0.0.tgz 0ms (cache hit)
3255 http cache hast-util-to-parse5@https://registry.npmjs.org/hast-util-to-parse5/-/hast-util-to-parse5-8.0.1.tgz 0ms (cache hit)
3256 http cache remark-stringify@https://registry.npmjs.org/remark-stringify/-/remark-stringify-11.0.0.tgz 0ms (cache hit)
3257 http cache hast-util-raw@https://registry.npmjs.org/hast-util-raw/-/hast-util-raw-9.1.0.tgz 0ms (cache hit)
3258 http cache @ungap/structured-clone@https://registry.npmjs.org/@ungap/structured-clone/-/structured-clone-1.3.3.tgz 0ms (cache hit)
3259 http cache rehype-parse@https://registry.npmjs.org/rehype-parse/-/rehype-parse-9.0.1.tgz 0ms (cache hit)
3260 http cache eventemitter3@https://registry.npmjs.org/eventemitter3/-/eventemitter3-5.0.4.tgz 0ms (cache hit)
3261 http cache p-timeout@https://registry.npmjs.org/p-timeout/-/p-timeout-6.1.4.tgz 0ms (cache hit)
3262 http cache entities@https://registry.npmjs.org/entities/-/entities-6.0.1.tgz 0ms (cache hit)
3263 http cache yocto-queue@https://registry.npmjs.org/yocto-queue/-/yocto-queue-1.2.2.tgz 0ms (cache hit)
3264 http cache @types/mdast@https://registry.npmjs.org/@types/mdast/-/mdast-4.0.4.tgz 0ms (cache hit)
3265 http cache @babel/helper-validator-identifier@https://registry.npmjs.org/@babel/helper-validator-identifier/-/helper-validator-identifier-7.29.7.tgz 0ms (cache hit)
3266 http cache sisteransi@https://registry.npmjs.org/sisteransi/-/sisteransi-1.0.5.tgz 0ms (cache hit)
3267 http cache @babel/helper-string-parser@https://registry.npmjs.org/@babel/helper-string-parser/-/helper-string-parser-7.29.7.tgz 0ms (cache hit)
3268 http cache @babel/types@https://registry.npmjs.org/@babel/types/-/types-7.29.8.tgz 0ms (cache hit)
3269 http cache @babel/parser@https://registry.npmjs.org/@babel/parser/-/parser-7.29.8.tgz 0ms (cache hit)
3270 http cache is-inside-container@https://registry.npmjs.org/is-inside-container/-/is-inside-container-1.0.0.tgz 0ms (cache hit)
3271 http cache hast-util-parse-selector@https://registry.npmjs.org/hast-util-parse-selector/-/hast-util-parse-selector-4.0.0.tgz 0ms (cache hit)
3272 http cache space-separated-tokens@https://registry.npmjs.org/space-separated-tokens/-/space-separated-tokens-2.0.2.tgz 0ms (cache hit)
3273 http cache comma-separated-tokens@https://registry.npmjs.org/comma-separated-tokens/-/comma-separated-tokens-2.0.3.tgz 0ms (cache hit)
3274 http cache unist-util-find-after@https://registry.npmjs.org/unist-util-find-after/-/unist-util-find-after-5.0.0.tgz 0ms (cache hit)
3275 http cache argparse@https://registry.npmjs.org/argparse/-/argparse-2.0.1.tgz 0ms (cache hit)
3276 http cache lightningcss-darwin-arm64@https://registry.npmjs.org/lightningcss-darwin-arm64/-/lightningcss-darwin-arm64-1.32.0.tgz 0ms (cache hit)
3277 http cache detect-libc@https://registry.npmjs.org/detect-libc/-/detect-libc-2.1.2.tgz 0ms (cache hit)
3278 http cache hast-util-is-element@https://registry.npmjs.org/hast-util-is-element/-/hast-util-is-element-3.0.0.tgz 0ms (cache hit)
3279 http cache web-namespaces@https://registry.npmjs.org/web-namespaces/-/web-namespaces-2.0.1.tgz 0ms (cache hit)
3280 http cache property-information@https://registry.npmjs.org/property-information/-/property-information-7.2.0.tgz 0ms (cache hit)
3281 http cache hastscript@https://registry.npmjs.org/hastscript/-/hastscript-9.0.1.tgz 0ms (cache hit)
3282 http cache dequal@https://registry.npmjs.org/dequal/-/dequal-2.0.3.tgz 0ms (cache hit)
3283 http cache parse5@https://registry.npmjs.org/parse5/-/parse5-7.3.0.tgz 0ms (cache hit)
3284 http cache @types/hast@https://registry.npmjs.org/@types/hast/-/hast-3.0.5.tgz 0ms (cache hit)
3285 http cache @types/unist@https://registry.npmjs.org/@types/unist/-/unist-3.0.3.tgz 0ms (cache hit)
3286 http cache vfile-location@https://registry.npmjs.org/vfile-location/-/vfile-location-5.0.3.tgz 0ms (cache hit)
3287 http cache vfile-message@https://registry.npmjs.org/vfile-message/-/vfile-message-4.0.3.tgz 0ms (cache hit)
3288 http cache @esbuild/darwin-arm64@https://registry.npmjs.org/@esbuild/darwin-arm64/-/darwin-arm64-0.27.7.tgz 0ms (cache hit)
3289 http cache tapable@https://registry.npmjs.org/tapable/-/tapable-2.3.3.tgz 0ms (cache hit)
3290 http cache base-64@https://registry.npmjs.org/base-64/-/base-64-1.0.0.tgz 0ms (cache hit)
3291 http cache graceful-fs@https://registry.npmjs.org/graceful-fs/-/graceful-fs-4.2.11.tgz 0ms (cache hit)
3292 http cache tiny-inflate@https://registry.npmjs.org/tiny-inflate/-/tiny-inflate-1.0.3.tgz 0ms (cache hit)
3293 http cache readdirp@https://registry.npmjs.org/readdirp/-/readdirp-4.1.2.tgz 0ms (cache hit)
3294 http cache ms@https://registry.npmjs.org/ms/-/ms-2.1.3.tgz 0ms (cache hit)
3295 http cache hast-util-from-parse5@https://registry.npmjs.org/hast-util-from-parse5/-/hast-util-from-parse5-8.0.3.tgz 0ms (cache hit)
3296 http cache devlop@https://registry.npmjs.org/devlop/-/devlop-1.1.0.tgz 0ms (cache hit)
3297 http cache widest-line@https://registry.npmjs.org/widest-line/-/widest-line-5.0.0.tgz 0ms (cache hit)
3298 http cache type-fest@https://registry.npmjs.org/type-fest/-/type-fest-4.41.0.tgz 0ms (cache hit)
3299 http cache wrap-ansi@https://registry.npmjs.org/wrap-ansi/-/wrap-ansi-9.0.2.tgz 0ms (cache hit)
3300 http cache chalk@https://registry.npmjs.org/chalk/-/chalk-5.6.2.tgz 0ms (cache hit)
3301 http cache cli-boxes@https://registry.npmjs.org/cli-boxes/-/cli-boxes-3.0.0.tgz 0ms (cache hit)
3302 http cache ansi-align@https://registry.npmjs.org/ansi-align/-/ansi-align-3.0.1.tgz 0ms (cache hit)
3303 http cache camelcase@https://registry.npmjs.org/camelcase/-/camelcase-8.0.0.tgz 0ms (cache hit)
3304 http cache @types/estree@https://registry.npmjs.org/@types/estree/-/estree-1.0.9.tgz 0ms (cache hit)
3305 http cache fontkitten@https://registry.npmjs.org/fontkitten/-/fontkitten-1.0.3.tgz 0ms (cache hit)
3306 http cache string-width@https://registry.npmjs.org/string-width/-/string-width-7.2.0.tgz 0ms (cache hit)
3307 http cache prismjs@https://registry.npmjs.org/prismjs/-/prismjs-1.30.0.tgz 0ms (cache hit)
3308 http cache is-wsl@https://registry.npmjs.org/is-wsl/-/is-wsl-3.1.1.tgz 0ms (cache hit)
3309 http cache which-pm-runs@https://registry.npmjs.org/which-pm-runs/-/which-pm-runs-1.1.0.tgz 0ms (cache hit)
3310 http cache unist-util-remove-position@https://registry.npmjs.org/unist-util-remove-position/-/unist-util-remove-position-5.0.0.tgz 0ms (cache hit)
3311 http cache unified@https://registry.npmjs.org/unified/-/unified-11.0.5.tgz 0ms (cache hit)
3312 http cache is-docker@https://registry.npmjs.org/is-docker/-/is-docker-3.0.0.tgz 0ms (cache hit)
3313 http cache remark-smartypants@https://registry.npmjs.org/remark-smartypants/-/remark-smartypants-3.0.3.tgz 0ms (cache hit)
3314 http cache remark-gfm@https://registry.npmjs.org/remark-gfm/-/remark-gfm-4.0.1.tgz 0ms (cache hit)
3315 http cache remark-parse@https://registry.npmjs.org/remark-parse/-/remark-parse-11.0.0.tgz 0ms (cache hit)
3316 http cache unist-util-visit-parents@https://registry.npmjs.org/unist-util-visit-parents/-/unist-util-visit-parents-6.0.2.tgz 0ms (cache hit)
3317 http cache rehype-stringify@https://registry.npmjs.org/rehype-stringify/-/rehype-stringify-10.0.1.tgz 0ms (cache hit)
3318 http cache mdast-util-definitions@https://registry.npmjs.org/mdast-util-definitions/-/mdast-util-definitions-6.0.0.tgz 0ms (cache hit)
3319 http cache rehype-raw@https://registry.npmjs.org/rehype-raw/-/rehype-raw-7.0.0.tgz 0ms (cache hit)
3320 http cache hast-util-from-html@https://registry.npmjs.org/hast-util-from-html/-/hast-util-from-html-2.0.3.tgz 0ms (cache hit)
3321 http cache remark-rehype@https://registry.npmjs.org/remark-rehype/-/remark-rehype-11.1.2.tgz 0ms (cache hit)
3322 http cache @astrojs/prism@https://registry.npmjs.org/@astrojs/prism/-/prism-3.3.0.tgz 0ms (cache hit)
3323 http cache zod-to-json-schema@https://registry.npmjs.org/zod-to-json-schema/-/zod-to-json-schema-3.25.2.tgz 0ms (cache hit)
3324 http cache yocto-spinner@https://registry.npmjs.org/yocto-spinner/-/yocto-spinner-0.2.3.tgz 0ms (cache hit)
3325 http cache xxhash-wasm@https://registry.npmjs.org/xxhash-wasm/-/xxhash-wasm-1.1.0.tgz 0ms (cache hit)
3326 http cache vfile@https://registry.npmjs.org/vfile/-/vfile-6.0.3.tgz 0ms (cache hit)
3327 http cache vitefu@https://registry.npmjs.org/vitefu/-/vitefu-1.1.3.tgz 0ms (cache hit)
3328 http cache unstorage@https://registry.npmjs.org/unstorage/-/unstorage-1.17.5.tgz 0ms (cache hit)
3329 http cache unist-util-visit@https://registry.npmjs.org/unist-util-visit/-/unist-util-visit-5.1.0.tgz 0ms (cache hit)
3330 http cache unifont@https://registry.npmjs.org/unifont/-/unifont-0.7.5.tgz 0ms (cache hit)
3331 http cache yargs-parser@https://registry.npmjs.org/yargs-parser/-/yargs-parser-21.1.1.tgz 0ms (cache hit)
3332 http cache tsconfck@https://registry.npmjs.org/tsconfck/-/tsconfck-3.1.6.tgz 0ms (cache hit)
3333 http cache svgo@https://registry.npmjs.org/svgo/-/svgo-4.0.2.tgz 0ms (cache hit)
3334 http cache tinyexec@https://registry.npmjs.org/tinyexec/-/tinyexec-1.3.0.tgz 0ms (cache hit)
3335 http cache ultrahtml@https://registry.npmjs.org/ultrahtml/-/ultrahtml-1.7.0.tgz 0ms (cache hit)
3336 http cache smol-toml@https://registry.npmjs.org/smol-toml/-/smol-toml-1.8.0.tgz 0ms (cache hit)
3337 http cache shiki@https://registry.npmjs.org/shiki/-/shiki-3.23.0.tgz 0ms (cache hit)
3338 http cache hast-util-to-text@https://registry.npmjs.org/hast-util-to-text/-/hast-util-to-text-4.0.2.tgz 0ms (cache hit)
3339 http cache sharp@https://registry.npmjs.org/sharp/-/sharp-0.34.5.tgz 0ms (cache hit)
3340 http cache semver@https://registry.npmjs.org/semver/-/semver-7.8.5.tgz 0ms (cache hit)
3341 http cache rehype@https://registry.npmjs.org/rehype/-/rehype-13.0.2.tgz 0ms (cache hit)
3342 http cache piccolore@https://registry.npmjs.org/piccolore/-/piccolore-0.1.3.tgz 0ms (cache hit)
3343 http cache picomatch@https://registry.npmjs.org/picomatch/-/picomatch-4.0.5.tgz 0ms (cache hit)
3344 http cache package-manager-detector@https://registry.npmjs.org/package-manager-detector/-/package-manager-detector-1.8.0.tgz 0ms (cache hit)
3345 http cache p-queue@https://registry.npmjs.org/p-queue/-/p-queue-8.1.1.tgz 0ms (cache hit)
3346 http cache neotraverse@https://registry.npmjs.org/neotraverse/-/neotraverse-0.6.18.tgz 0ms (cache hit)
3347 http cache mrmime@https://registry.npmjs.org/mrmime/-/mrmime-2.0.1.tgz 0ms (cache hit)
3348 http cache magicast@https://registry.npmjs.org/magicast/-/magicast-0.5.4.tgz 0ms (cache hit)
3349 http cache prompts@https://registry.npmjs.org/prompts/-/prompts-2.4.2.tgz 0ms (cache hit)
3350 http cache js-yaml@https://registry.npmjs.org/js-yaml/-/js-yaml-4.3.1.tgz 0ms (cache hit)
3351 http cache import-meta-resolve@https://registry.npmjs.org/import-meta-resolve/-/import-meta-resolve-4.2.0.tgz 0ms (cache hit)
3352 http cache http-cache-semantics@https://registry.npmjs.org/http-cache-semantics/-/http-cache-semantics-4.2.0.tgz 0ms (cache hit)
3353 http cache html-escaper@https://registry.npmjs.org/html-escaper/-/html-escaper-3.0.3.tgz 0ms (cache hit)
3354 http cache github-slugger@https://registry.npmjs.org/github-slugger/-/github-slugger-2.0.0.tgz 0ms (cache hit)
3355 http cache fontace@https://registry.npmjs.org/fontace/-/fontace-0.4.1.tgz 0ms (cache hit)
3356 http cache estree-walker@https://registry.npmjs.org/estree-walker/-/estree-walker-3.0.3.tgz 0ms (cache hit)
3357 http cache es-module-lexer@https://registry.npmjs.org/es-module-lexer/-/es-module-lexer-1.7.0.tgz 0ms (cache hit)
3358 http cache esbuild@https://registry.npmjs.org/esbuild/-/esbuild-0.27.7.tgz 0ms (cache hit)
3359 http cache p-limit@https://registry.npmjs.org/p-limit/-/p-limit-6.2.0.tgz 0ms (cache hit)
3360 http cache dset@https://registry.npmjs.org/dset/-/dset-3.1.4.tgz 0ms (cache hit)
3361 http cache dlv@https://registry.npmjs.org/dlv/-/dlv-1.1.3.tgz 0ms (cache hit)
3362 http cache devalue@https://registry.npmjs.org/devalue/-/devalue-5.9.1.tgz 0ms (cache hit)
3363 http cache flattie@https://registry.npmjs.org/flattie/-/flattie-1.1.1.tgz 0ms (cache hit)
3364 http cache debug@https://registry.npmjs.org/debug/-/debug-4.4.3.tgz 0ms (cache hit)
3365 http cache deterministic-object-hash@https://registry.npmjs.org/deterministic-object-hash/-/deterministic-object-hash-2.0.2.tgz 0ms (cache hit)
3366 http cache cssesc@https://registry.npmjs.org/cssesc/-/cssesc-3.0.0.tgz 0ms (cache hit)
3367 http cache clsx@https://registry.npmjs.org/clsx/-/clsx-2.1.1.tgz 0ms (cache hit)
3368 http cache common-ancestor-path@https://registry.npmjs.org/common-ancestor-path/-/common-ancestor-path-1.0.1.tgz 0ms (cache hit)
3369 http cache diff@https://registry.npmjs.org/diff/-/diff-8.0.4.tgz 0ms (cache hit)
3370 http cache ci-info@https://registry.npmjs.org/ci-info/-/ci-info-4.4.0.tgz 0ms (cache hit)
3371 http cache cookie@https://registry.npmjs.org/cookie/-/cookie-1.1.1.tgz 0ms (cache hit)
3372 http cache boxen@https://registry.npmjs.org/boxen/-/boxen-8.0.1.tgz 0ms (cache hit)
3373 http cache aria-query@https://registry.npmjs.org/aria-query/-/aria-query-5.3.2.tgz 0ms (cache hit)
3374 http cache @oslojs/encoding@https://registry.npmjs.org/@oslojs/encoding/-/encoding-1.1.0.tgz 0ms (cache hit)
3375 http cache @rollup/pluginutils@https://registry.npmjs.org/@rollup/pluginutils/-/pluginutils-5.4.0.tgz 0ms (cache hit)
3376 http cache axobject-query@https://registry.npmjs.org/axobject-query/-/axobject-query-4.1.0.tgz 0ms (cache hit)
3377 http cache @astrojs/telemetry@https://registry.npmjs.org/@astrojs/telemetry/-/telemetry-3.3.0.tgz 0ms (cache hit)
3378 http cache @astrojs/markdown-remark@https://registry.npmjs.org/@astrojs/markdown-remark/-/markdown-remark-6.3.11.tgz 0ms (cache hit)
3379 http cache @capsizecss/unpack@https://registry.npmjs.org/@capsizecss/unpack/-/unpack-4.0.1.tgz 0ms (cache hit)
3380 http cache @astrojs/internal-helpers@https://registry.npmjs.org/@astrojs/internal-helpers/-/internal-helpers-0.7.6.tgz 0ms (cache hit)
3381 http cache vscode-languageserver-protocol@https://registry.npmjs.org/vscode-languageserver-protocol/-/vscode-languageserver-protocol-3.18.2.tgz 0ms (cache hit)
3382 http cache request-light@https://registry.npmjs.org/request-light/-/request-light-0.7.0.tgz 0ms (cache hit)
3383 http cache path-browserify@https://registry.npmjs.org/path-browserify/-/path-browserify-1.0.1.tgz 0ms (cache hit)
3384 http cache acorn@https://registry.npmjs.org/acorn/-/acorn-8.18.0.tgz 0ms (cache hit)
3385 http cache @volar/source-map@https://registry.npmjs.org/@volar/source-map/-/source-map-2.4.28.tgz 0ms (cache hit)
3386 http cache vscode-languageserver-textdocument@https://registry.npmjs.org/vscode-languageserver-textdocument/-/vscode-languageserver-textdocument-1.0.12.tgz 0ms (cache hit)
3387 http cache @volar/typescript@https://registry.npmjs.org/@volar/typescript/-/typescript-2.4.28.tgz 0ms (cache hit)
3388 http cache typesafe-path@https://registry.npmjs.org/typesafe-path/-/typesafe-path-0.2.2.tgz 0ms (cache hit)
3389 http cache vscode-languageserver@https://registry.npmjs.org/vscode-languageserver/-/vscode-languageserver-9.0.1.tgz 0ms (cache hit)
3390 http cache @tailwindcss/oxide-darwin-arm64@https://registry.npmjs.org/@tailwindcss/oxide-darwin-arm64/-/oxide-darwin-arm64-4.3.3.tgz 0ms (cache hit)
3391 http cache @jridgewell/resolve-uri@https://registry.npmjs.org/@jridgewell/resolve-uri/-/resolve-uri-3.1.2.tgz 0ms (cache hit)
3392 http cache magic-string@https://registry.npmjs.org/magic-string/-/magic-string-0.30.21.tgz 0ms (cache hit)
3393 http cache source-map-js@https://registry.npmjs.org/source-map-js/-/source-map-js-1.2.1.tgz 0ms (cache hit)
3394 http cache lightningcss@https://registry.npmjs.org/lightningcss/-/lightningcss-1.32.0.tgz 0ms (cache hit)
3395 http cache jiti@https://registry.npmjs.org/jiti/-/jiti-2.7.0.tgz 0ms (cache hit)
3396 http cache @jridgewell/remapping@https://registry.npmjs.org/@jridgewell/remapping/-/remapping-2.3.5.tgz 0ms (cache hit)
3397 http cache @tailwindcss/oxide@https://registry.npmjs.org/@tailwindcss/oxide/-/oxide-4.3.3.tgz 0ms (cache hit)
3398 http cache yaml@https://registry.npmjs.org/yaml/-/yaml-2.9.0.tgz 0ms (cache hit)
3399 http cache @jridgewell/trace-mapping@https://registry.npmjs.org/@jridgewell/trace-mapping/-/trace-mapping-0.3.31.tgz 0ms (cache hit)
3400 http cache zod@https://registry.npmjs.org/zod/-/zod-4.4.3.tgz 0ms (cache hit)
3401 http cache enhanced-resolve@https://registry.npmjs.org/enhanced-resolve/-/enhanced-resolve-5.24.5.tgz 0ms (cache hit)
3402 http cache @jridgewell/gen-mapping@https://registry.npmjs.org/@jridgewell/gen-mapping/-/gen-mapping-0.3.13.tgz 0ms (cache hit)
3403 http cache stream-replace-string@https://registry.npmjs.org/stream-replace-string/-/stream-replace-string-2.0.0.tgz 0ms (cache hit)
3404 http cache sitemap@https://registry.npmjs.org/sitemap/-/sitemap-9.0.1.tgz 0ms (cache hit)
3405 http cache volar-service-yaml@https://registry.npmjs.org/volar-service-yaml/-/volar-service-yaml-0.0.71.tgz 0ms (cache hit)
3406 http cache volar-service-typescript-twoslash-queries@https://registry.npmjs.org/volar-service-typescript-twoslash-queries/-/volar-service-typescript-twoslash-queries-0.0.71.tgz 0ms (cache hit)
3407 http cache vscode-html-languageservice@https://registry.npmjs.org/vscode-html-languageservice/-/vscode-html-languageservice-5.6.2.tgz 0ms (cache hit)
3408 http cache @tailwindcss/node@https://registry.npmjs.org/@tailwindcss/node/-/node-4.3.3.tgz 0ms (cache hit)
3409 http cache volar-service-typescript@https://registry.npmjs.org/volar-service-typescript/-/volar-service-typescript-0.0.71.tgz 0ms (cache hit)
3410 http cache vscode-uri@https://registry.npmjs.org/vscode-uri/-/vscode-uri-3.1.0.tgz 0ms (cache hit)
3411 http cache volar-service-html@https://registry.npmjs.org/volar-service-html/-/volar-service-html-0.0.71.tgz 0ms (cache hit)
3412 http cache volar-service-emmet@https://registry.npmjs.org/volar-service-emmet/-/volar-service-emmet-0.0.71.tgz 0ms (cache hit)
3413 http cache tinyglobby@https://registry.npmjs.org/tinyglobby/-/tinyglobby-0.2.17.tgz 0ms (cache hit)
3414 http cache volar-service-css@https://registry.npmjs.org/volar-service-css/-/volar-service-css-0.0.71.tgz 0ms (cache hit)
3415 http cache @volar/language-service@https://registry.npmjs.org/@volar/language-service/-/language-service-2.4.28.tgz 0ms (cache hit)
3416 http cache muggle-string@https://registry.npmjs.org/muggle-string/-/muggle-string-0.4.1.tgz 0ms (cache hit)
3417 http cache @volar/language-server@https://registry.npmjs.org/@volar/language-server/-/language-server-2.4.28.tgz 0ms (cache hit)
3418 http cache @volar/language-core@https://registry.npmjs.org/@volar/language-core/-/language-core-2.4.28.tgz 0ms (cache hit)
3419 http cache @volar/kit@https://registry.npmjs.org/@volar/kit/-/kit-2.4.28.tgz 0ms (cache hit)
3420 http cache @jridgewell/sourcemap-codec@https://registry.npmjs.org/@jridgewell/sourcemap-codec/-/sourcemap-codec-1.5.5.tgz 0ms (cache hit)
3421 http cache @astrojs/yaml2ts@https://registry.npmjs.org/@astrojs/yaml2ts/-/yaml2ts-0.2.4.tgz 0ms (cache hit)
3422 http cache @astrojs/compiler@https://registry.npmjs.org/@astrojs/compiler/-/compiler-2.13.1.tgz 0ms (cache hit)
3423 http cache chokidar@https://registry.npmjs.org/chokidar/-/chokidar-4.0.3.tgz 0ms (cache hit)
3424 http cache volar-service-prettier@https://registry.npmjs.org/volar-service-prettier/-/volar-service-prettier-0.0.71.tgz 0ms (cache hit)
3425 http cache @astrojs/language-server@https://registry.npmjs.org/@astrojs/language-server/-/language-server-2.16.14.tgz 0ms (cache hit)
3426 http cache kleur@https://registry.npmjs.org/kleur/-/kleur-4.1.5.tgz 0ms (cache hit)
3427 http cache tailwindcss@https://registry.npmjs.org/tailwindcss/-/tailwindcss-4.3.3.tgz 0ms (cache hit)
3428 http cache lucide-astro@https://registry.npmjs.org/lucide-astro/-/lucide-astro-0.556.0.tgz 0ms (cache hit)
3429 http cache vite@https://registry.npmjs.org/vite/-/vite-8.2.2.tgz 0ms (cache hit)
3430 http cache @tailwindcss/vite@https://registry.npmjs.org/@tailwindcss/vite/-/vite-4.3.3.tgz 0ms (cache hit)
3431 http cache astro@https://registry.npmjs.org/astro/-/astro-5.18.2.tgz 0ms (cache hit)
3432 http cache @astrojs/sitemap@https://registry.npmjs.org/@astrojs/sitemap/-/sitemap-3.7.3.tgz 0ms (cache hit)
3433 http cache typescript@https://registry.npmjs.org/typescript/-/typescript-5.9.3.tgz 0ms (cache hit)
3434 http cache @astrojs/check@https://registry.npmjs.org/@astrojs/check/-/check-0.9.10.tgz 0ms (cache hit)
3435 http cache jsonc-parser@https://registry.npmjs.org/jsonc-parser/-/jsonc-parser-3.3.1.tgz 0ms (cache hit)
3436 http cache request-light@https://registry.npmjs.org/request-light/-/request-light-0.5.8.tgz 0ms (cache hit)
3437 http cache vscode-languageserver-types@https://registry.npmjs.org/vscode-languageserver-types/-/vscode-languageserver-types-3.17.5.tgz 0ms (cache hit)
3438 http cache yargs@https://registry.npmjs.org/yargs/-/yargs-18.1.0.tgz 0ms (cache hit)
3439 http cache entities@https://registry.npmjs.org/entities/-/entities-4.5.0.tgz 0ms (cache hit)
3440 http cache mdn-data@https://registry.npmjs.org/mdn-data/-/mdn-data-2.0.28.tgz 0ms (cache hit)
3441 http cache yaml@https://registry.npmjs.org/yaml/-/yaml-2.8.3.tgz 0ms (cache hit)
3442 http cache emoji-regex@https://registry.npmjs.org/emoji-regex/-/emoji-regex-8.0.0.tgz 0ms (cache hit)
3443 http cache css-tree@https://registry.npmjs.org/css-tree/-/css-tree-2.2.1.tgz 0ms (cache hit)
3444 http cache strip-ansi@https://registry.npmjs.org/strip-ansi/-/strip-ansi-6.0.1.tgz 0ms (cache hit)
3445 http cache ansi-regex@https://registry.npmjs.org/ansi-regex/-/ansi-regex-5.0.1.tgz 0ms (cache hit)
3446 http cache string-width@https://registry.npmjs.org/string-width/-/string-width-4.2.3.tgz 0ms (cache hit)
3447 http cache kleur@https://registry.npmjs.org/kleur/-/kleur-3.0.3.tgz 0ms (cache hit)
3448 http cache picomatch@https://registry.npmjs.org/picomatch/-/picomatch-2.3.2.tgz 0ms (cache hit)
3449 http cache chokidar@https://registry.npmjs.org/chokidar/-/chokidar-5.0.0.tgz 0ms (cache hit)
3450 http cache readdirp@https://registry.npmjs.org/readdirp/-/readdirp-5.1.1.tgz 0ms (cache hit)
3451 http cache vscode-jsonrpc@https://registry.npmjs.org/vscode-jsonrpc/-/vscode-jsonrpc-8.2.0.tgz 0ms (cache hit)
3452 http cache vscode-languageserver-protocol@https://registry.npmjs.org/vscode-languageserver-protocol/-/vscode-languageserver-protocol-3.17.5.tgz 0ms (cache hit)
3453 http cache vscode-languageserver-types@https://registry.npmjs.org/vscode-languageserver-types/-/vscode-languageserver-types-3.17.5.tgz 0ms (cache hit)
3454 http cache string-width@https://registry.npmjs.org/string-width/-/string-width-8.2.2.tgz 0ms (cache hit)
3455 http cache yargs-parser@https://registry.npmjs.org/yargs-parser/-/yargs-parser-22.0.0.tgz 0ms (cache hit)
3456 http cache zod-to-ts@https://registry.npmjs.org/zod-to-ts/-/zod-to-ts-1.2.0.tgz 0ms (cache hit)
3457 http cache vite@https://registry.npmjs.org/vite/-/vite-6.4.3.tgz 0ms (cache hit)
3458 http cache zod@https://registry.npmjs.org/zod/-/zod-3.25.76.tgz 0ms (cache hit)
3459 http cache esbuild@https://registry.npmjs.org/esbuild/-/esbuild-0.25.12.tgz 0ms (cache hit)
3460 http cache estree-walker@https://registry.npmjs.org/estree-walker/-/estree-walker-2.0.2.tgz 0ms (cache hit)
3461 http cache @esbuild/darwin-arm64@https://registry.npmjs.org/@esbuild/darwin-arm64/-/darwin-arm64-0.25.12.tgz 0ms (cache hit)
3462 http cache lightningcss-darwin-arm64@https://registry.npmjs.org/lightningcss-darwin-arm64/-/lightningcss-darwin-arm64-1.33.0.tgz 0ms (cache hit)
3463 http cache lightningcss@https://registry.npmjs.org/lightningcss/-/lightningcss-1.33.0.tgz 0ms (cache hit)
3464 silly tarball no local data for @rollup/rollup-darwin-arm64@https://registry.npmjs.org/@rollup/rollup-darwin-arm64/-/rollup-darwin-arm64-4.62.5.tgz. Extracting by manifest.
3465 silly tarball no local data for is-fullwidth-code-point@https://registry.npmjs.org/is-fullwidth-code-point/-/is-fullwidth-code-point-3.0.0.tgz. Extracting by manifest.
3466 silly tarball no local data for rollup@https://registry.npmjs.org/rollup/-/rollup-4.62.5.tgz. Extracting by manifest.
3467 silly tarball no local data for y18n@https://registry.npmjs.org/y18n/-/y18n-5.0.8.tgz. Extracting by manifest.
3468 silly tarball no local data for escalade@https://registry.npmjs.org/escalade/-/escalade-3.2.0.tgz. Extracting by manifest.
3469 silly tarball no local data for cliui@https://registry.npmjs.org/cliui/-/cliui-9.0.1.tgz. Extracting by manifest.
3470 silly tarball no local data for json-schema-traverse@https://registry.npmjs.org/json-schema-traverse/-/json-schema-traverse-1.0.0.tgz. Extracting by manifest.
3471 silly tarball no local data for require-from-string@https://registry.npmjs.org/require-from-string/-/require-from-string-2.0.2.tgz. Extracting by manifest.
3472 silly tarball no local data for fast-uri@https://registry.npmjs.org/fast-uri/-/fast-uri-3.1.5.tgz. Extracting by manifest.
3473 silly tarball no local data for fast-deep-equal@https://registry.npmjs.org/fast-deep-equal/-/fast-deep-equal-3.1.3.tgz. Extracting by manifest.
3474 silly tarball no local data for prettier@https://registry.npmjs.org/prettier/-/prettier-3.9.6.tgz. Extracting by manifest.
3475 silly tarball no local data for vscode-json-languageservice@https://registry.npmjs.org/vscode-json-languageservice/-/vscode-json-languageservice-4.1.8.tgz. Extracting by manifest.
3476 silly tarball no local data for yoctocolors@https://registry.npmjs.org/yoctocolors/-/yoctocolors-2.2.0.tgz. Extracting by manifest.
3477 silly tarball no local data for ajv-i18n@https://registry.npmjs.org/ajv-i18n/-/ajv-i18n-4.2.0.tgz. Extracting by manifest.
3478 silly tarball no local data for ajv-draft-04@https://registry.npmjs.org/ajv-draft-04/-/ajv-draft-04-1.0.0.tgz. Extracting by manifest.
3479 silly tarball no local data for ajv@https://registry.npmjs.org/ajv/-/ajv-8.20.0.tgz. Extracting by manifest.
3480 silly tarball no local data for ansi-styles@https://registry.npmjs.org/ansi-styles/-/ansi-styles-6.2.3.tgz. Extracting by manifest.
3481 silly tarball no local data for yaml-language-server@https://registry.npmjs.org/yaml-language-server/-/yaml-language-server-1.23.0.tgz. Extracting by manifest.
3482 silly tarball no local data for vscode-nls@https://registry.npmjs.org/vscode-nls/-/vscode-nls-5.2.0.tgz. Extracting by manifest.
3483 silly tarball no local data for @vscode/l10n@https://registry.npmjs.org/@vscode/l10n/-/l10n-0.0.18.tgz. Extracting by manifest.
3484 silly tarball no local data for typescript-auto-import-cache@https://registry.npmjs.org/typescript-auto-import-cache/-/typescript-auto-import-cache-0.3.6.tgz. Extracting by manifest.
3485 silly tarball no local data for @emmetio/css-abbreviation@https://registry.npmjs.org/@emmetio/css-abbreviation/-/css-abbreviation-2.1.8.tgz. Extracting by manifest.
3486 silly tarball no local data for @emmetio/abbreviation@https://registry.npmjs.org/@emmetio/abbreviation/-/abbreviation-2.3.3.tgz. Extracting by manifest.
3487 silly tarball no local data for vscode-languageserver-types@https://registry.npmjs.org/vscode-languageserver-types/-/vscode-languageserver-types-3.18.0.tgz. Extracting by manifest.
3488 silly tarball no local data for vscode-jsonrpc@https://registry.npmjs.org/vscode-jsonrpc/-/vscode-jsonrpc-9.0.1.tgz. Extracting by manifest.
3489 silly tarball no local data for emmet@https://registry.npmjs.org/emmet/-/emmet-2.4.11.tgz. Extracting by manifest.
3490 silly tarball no local data for @emmetio/stream-reader@https://registry.npmjs.org/@emmetio/stream-reader/-/stream-reader-2.2.0.tgz. Extracting by manifest.
3491 silly tarball no local data for @emmetio/stream-reader-utils@https://registry.npmjs.org/@emmetio/stream-reader-utils/-/stream-reader-utils-0.1.0.tgz. Extracting by manifest.
3492 silly tarball no local data for jsonc-parser@https://registry.npmjs.org/jsonc-parser/-/jsonc-parser-2.3.1.tgz. Extracting by manifest.
3493 silly tarball no local data for @vscode/emmet-helper@https://registry.npmjs.org/@vscode/emmet-helper/-/emmet-helper-2.11.0.tgz. Extracting by manifest.
3494 silly tarball no local data for @emmetio/html-matcher@https://registry.npmjs.org/@emmetio/html-matcher/-/html-matcher-1.3.0.tgz. Extracting by manifest.
3495 silly tarball no local data for @emmetio/css-parser@https://registry.npmjs.org/@emmetio/css-parser/-/css-parser-0.4.1.tgz. Extracting by manifest.
3496 silly tarball no local data for vscode-css-languageservice@https://registry.npmjs.org/vscode-css-languageservice/-/vscode-css-languageservice-6.3.10.tgz. Extracting by manifest.
3497 silly tarball no local data for @emmetio/scanner@https://registry.npmjs.org/@emmetio/scanner/-/scanner-1.0.4.tgz. Extracting by manifest.
3498 silly tarball no local data for @rolldown/pluginutils@https://registry.npmjs.org/@rolldown/pluginutils/-/pluginutils-1.0.1.tgz. Extracting by manifest.
3499 silly tarball no local data for @rolldown/binding-darwin-arm64@https://registry.npmjs.org/@rolldown/binding-darwin-arm64/-/binding-darwin-arm64-1.2.5.tgz. Extracting by manifest.
3500 silly tarball no local data for @oxc-project/types@https://registry.npmjs.org/@oxc-project/types/-/types-0.146.0.tgz. Extracting by manifest.
3501 silly tarball no local data for postcss@https://registry.npmjs.org/postcss/-/postcss-8.5.26.tgz. Extracting by manifest.
3502 silly tarball no local data for fsevents@https://registry.npmjs.org/fsevents/-/fsevents-2.3.3.tgz. Extracting by manifest.
3503 silly tarball no local data for nanoid@https://registry.npmjs.org/nanoid/-/nanoid-3.3.18.tgz. Extracting by manifest.
3504 silly tarball no local data for uncrypto@https://registry.npmjs.org/uncrypto/-/uncrypto-0.1.3.tgz. Extracting by manifest.
3505 silly tarball no local data for rolldown@https://registry.npmjs.org/rolldown/-/rolldown-1.2.5.tgz. Extracting by manifest.
3506 silly tarball no local data for radix3@https://registry.npmjs.org/radix3/-/radix3-1.1.2.tgz. Extracting by manifest.
3507 silly tarball no local data for iron-webcrypto@https://registry.npmjs.org/iron-webcrypto/-/iron-webcrypto-1.2.1.tgz. Extracting by manifest.
3508 silly tarball no local data for defu@https://registry.npmjs.org/defu/-/defu-6.1.7.tgz. Extracting by manifest.
3509 silly tarball no local data for cookie-es@https://registry.npmjs.org/cookie-es/-/cookie-es-1.2.3.tgz. Extracting by manifest.
3510 silly tarball no local data for crossws@https://registry.npmjs.org/crossws/-/crossws-0.3.5.tgz. Extracting by manifest.
3511 silly tarball no local data for get-caller-file@https://registry.npmjs.org/get-caller-file/-/get-caller-file-2.0.5.tgz. Extracting by manifest.
3512 silly tarball no local data for node-mock-http@https://registry.npmjs.org/node-mock-http/-/node-mock-http-1.0.5.tgz. Extracting by manifest.
3513 silly tarball no local data for ufo@https://registry.npmjs.org/ufo/-/ufo-1.6.4.tgz. Extracting by manifest.
3514 silly tarball no local data for lru-cache@https://registry.npmjs.org/lru-cache/-/lru-cache-11.5.2.tgz. Extracting by manifest.
3515 silly tarball no local data for h3@https://registry.npmjs.org/h3/-/h3-1.15.11.tgz. Extracting by manifest.
3516 silly tarball no local data for normalize-path@https://registry.npmjs.org/normalize-path/-/normalize-path-3.0.0.tgz. Extracting by manifest.
3517 silly tarball no local data for anymatch@https://registry.npmjs.org/anymatch/-/anymatch-3.1.3.tgz. Extracting by manifest.
3518 silly tarball no local data for trough@https://registry.npmjs.org/trough/-/trough-2.2.0.tgz. Extracting by manifest.
3519 silly tarball no local data for ohash@https://registry.npmjs.org/ohash/-/ohash-2.0.12.tgz. Extracting by manifest.
3520 silly tarball no local data for node-fetch-native@https://registry.npmjs.org/node-fetch-native/-/node-fetch-native-1.6.7.tgz. Extracting by manifest.
3521 silly tarball no local data for ofetch@https://registry.npmjs.org/ofetch/-/ofetch-1.5.1.tgz. Extracting by manifest.
3522 silly tarball no local data for undici@https://registry.npmjs.org/undici/-/undici-8.10.0.tgz. Extracting by manifest.
3523 silly tarball no local data for extend@https://registry.npmjs.org/extend/-/extend-3.0.2.tgz. Extracting by manifest.
3524 silly tarball no local data for is-plain-obj@https://registry.npmjs.org/is-plain-obj/-/is-plain-obj-4.1.0.tgz. Extracting by manifest.
3525 silly tarball no local data for bail@https://registry.npmjs.org/bail/-/bail-2.0.2.tgz. Extracting by manifest.
3526 silly tarball no local data for fdir@https://registry.npmjs.org/fdir/-/fdir-6.5.0.tgz. Extracting by manifest.
3527 silly tarball no local data for dom-serializer@https://registry.npmjs.org/dom-serializer/-/dom-serializer-2.0.0.tgz. Extracting by manifest.
3528 silly tarball no local data for domelementtype@https://registry.npmjs.org/domelementtype/-/domelementtype-2.3.0.tgz. Extracting by manifest.
3529 silly tarball no local data for array-iterate@https://registry.npmjs.org/array-iterate/-/array-iterate-2.0.1.tgz. Extracting by manifest.
3530 silly tarball no local data for nth-check@https://registry.npmjs.org/nth-check/-/nth-check-2.1.1.tgz. Extracting by manifest.
3531 silly tarball no local data for mdn-data@https://registry.npmjs.org/mdn-data/-/mdn-data-2.27.1.tgz. Extracting by manifest.
3532 silly tarball no local data for domutils@https://registry.npmjs.org/domutils/-/domutils-3.2.2.tgz. Extracting by manifest.
3533 silly tarball no local data for domhandler@https://registry.npmjs.org/domhandler/-/domhandler-5.0.3.tgz. Extracting by manifest.
3534 silly tarball no local data for boolbase@https://registry.npmjs.org/boolbase/-/boolbase-1.0.0.tgz. Extracting by manifest.
3535 silly tarball no local data for picocolors@https://registry.npmjs.org/picocolors/-/picocolors-1.1.1.tgz. Extracting by manifest.
3536 silly tarball no local data for css-what@https://registry.npmjs.org/css-what/-/css-what-6.2.2.tgz. Extracting by manifest.
3537 silly tarball no local data for csso@https://registry.npmjs.org/csso/-/csso-5.0.5.tgz. Extracting by manifest.
3538 silly tarball no local data for css-tree@https://registry.npmjs.org/css-tree/-/css-tree-3.2.1.tgz. Extracting by manifest.
3539 silly tarball no local data for ansi-regex@https://registry.npmjs.org/ansi-regex/-/ansi-regex-6.3.0.tgz. Extracting by manifest.
3540 silly tarball no local data for character-entities-html4@https://registry.npmjs.org/character-entities-html4/-/character-entities-html4-2.1.0.tgz. Extracting by manifest.
3541 silly tarball no local data for css-select@https://registry.npmjs.org/css-select/-/css-select-5.2.2.tgz. Extracting by manifest.
3542 silly tarball no local data for strip-ansi@https://registry.npmjs.org/strip-ansi/-/strip-ansi-7.2.0.tgz. Extracting by manifest.
3543 silly tarball no local data for character-entities-legacy@https://registry.npmjs.org/character-entities-legacy/-/character-entities-legacy-3.0.0.tgz. Extracting by manifest.
3544 silly tarball no local data for commander@https://registry.npmjs.org/commander/-/commander-11.1.0.tgz. Extracting by manifest.
3545 silly tarball no local data for get-east-asian-width@https://registry.npmjs.org/get-east-asian-width/-/get-east-asian-width-1.6.0.tgz. Extracting by manifest.
3546 silly tarball no local data for undici-types@https://registry.npmjs.org/undici-types/-/undici-types-7.18.2.tgz. Extracting by manifest.
3547 silly tarball no local data for sax@https://registry.npmjs.org/sax/-/sax-1.6.1.tgz. Extracting by manifest.
3548 silly tarball no local data for emoji-regex@https://registry.npmjs.org/emoji-regex/-/emoji-regex-10.6.0.tgz. Extracting by manifest.
3549 silly tarball no local data for arg@https://registry.npmjs.org/arg/-/arg-5.0.2.tgz. Extracting by manifest.
3550 silly tarball no local data for destr@https://registry.npmjs.org/destr/-/destr-2.0.5.tgz. Extracting by manifest.
3551 silly tarball no local data for regex-utilities@https://registry.npmjs.org/regex-utilities/-/regex-utilities-2.3.0.tgz. Extracting by manifest.
3552 silly tarball no local data for @types/node@https://registry.npmjs.org/@types/node/-/node-24.13.3.tgz. Extracting by manifest.
3553 silly tarball no local data for regex-recursion@https://registry.npmjs.org/regex-recursion/-/regex-recursion-6.0.2.tgz. Extracting by manifest.
3554 silly tarball no local data for regex@https://registry.npmjs.org/regex/-/regex-6.1.0.tgz. Extracting by manifest.
3555 silly tarball no local data for oniguruma-parser@https://registry.npmjs.org/oniguruma-parser/-/oniguruma-parser-0.12.2.tgz. Extracting by manifest.
3556 silly tarball no local data for oniguruma-to-es@https://registry.npmjs.org/oniguruma-to-es/-/oniguruma-to-es-4.3.6.tgz. Extracting by manifest.
3557 silly tarball no local data for @types/sax@https://registry.npmjs.org/@types/sax/-/sax-1.2.7.tgz. Extracting by manifest.
3558 silly tarball no local data for @shikijs/vscode-textmate@https://registry.npmjs.org/@shikijs/vscode-textmate/-/vscode-textmate-10.0.2.tgz. Extracting by manifest.
3559 silly tarball no local data for @shikijs/types@https://registry.npmjs.org/@shikijs/types/-/types-3.23.0.tgz. Extracting by manifest.
3560 silly tarball no local data for @shikijs/themes@https://registry.npmjs.org/@shikijs/themes/-/themes-3.23.0.tgz. Extracting by manifest.
3561 silly tarball no local data for @shikijs/langs@https://registry.npmjs.org/@shikijs/langs/-/langs-3.23.0.tgz. Extracting by manifest.
3562 silly tarball no local data for @shikijs/engine-oniguruma@https://registry.npmjs.org/@shikijs/engine-oniguruma/-/engine-oniguruma-3.23.0.tgz. Extracting by manifest.
3563 silly tarball no local data for @shikijs/engine-javascript@https://registry.npmjs.org/@shikijs/engine-javascript/-/engine-javascript-3.23.0.tgz. Extracting by manifest.
3564 silly tarball no local data for @shikijs/core@https://registry.npmjs.org/@shikijs/core/-/core-3.23.0.tgz. Extracting by manifest.
3565 silly tarball no local data for @img/sharp-libvips-darwin-arm64@https://registry.npmjs.org/@img/sharp-libvips-darwin-arm64/-/sharp-libvips-darwin-arm64-1.2.4.tgz. Extracting by manifest.
3566 silly tarball no local data for @img/sharp-darwin-arm64@https://registry.npmjs.org/@img/sharp-darwin-arm64/-/sharp-darwin-arm64-0.34.5.tgz. Extracting by manifest.
3567 silly tarball no local data for @img/colour@https://registry.npmjs.org/@img/colour/-/colour-1.1.0.tgz. Extracting by manifest.
3568 silly tarball no local data for unist-util-visit-children@https://registry.npmjs.org/unist-util-visit-children/-/unist-util-visit-children-3.0.0.tgz. Extracting by manifest.
3569 silly tarball no local data for unist-util-modify-children@https://registry.npmjs.org/unist-util-modify-children/-/unist-util-modify-children-4.0.0.tgz. Extracting by manifest.
3570 silly tarball no local data for nlcst-to-string@https://registry.npmjs.org/nlcst-to-string/-/nlcst-to-string-4.0.0.tgz. Extracting by manifest.
3571 silly tarball no local data for parse-latin@https://registry.npmjs.org/parse-latin/-/parse-latin-7.0.0.tgz. Extracting by manifest.
3572 silly tarball no local data for retext-stringify@https://registry.npmjs.org/retext-stringify/-/retext-stringify-4.0.0.tgz. Extracting by manifest.
3573 silly tarball no local data for @types/nlcst@https://registry.npmjs.org/@types/nlcst/-/nlcst-2.0.3.tgz. Extracting by manifest.
3574 silly tarball no local data for retext-smartypants@https://registry.npmjs.org/retext-smartypants/-/retext-smartypants-6.2.0.tgz. Extracting by manifest.
3575 silly tarball no local data for retext@https://registry.npmjs.org/retext/-/retext-9.0.0.tgz. Extracting by manifest.
3576 silly tarball no local data for micromark-extension-gfm-task-list-item@https://registry.npmjs.org/micromark-extension-gfm-task-list-item/-/micromark-extension-gfm-task-list-item-2.1.0.tgz. Extracting by manifest.
3577 silly tarball no local data for retext-latin@https://registry.npmjs.org/retext-latin/-/retext-latin-4.0.0.tgz. Extracting by manifest.
3578 silly tarball no local data for micromark-extension-gfm-footnote@https://registry.npmjs.org/micromark-extension-gfm-footnote/-/micromark-extension-gfm-footnote-2.1.0.tgz. Extracting by manifest.
3579 silly tarball no local data for micromark-extension-gfm-autolink-literal@https://registry.npmjs.org/micromark-extension-gfm-autolink-literal/-/micromark-extension-gfm-autolink-literal-2.1.0.tgz. Extracting by manifest.
3580 silly tarball no local data for micromark-extension-gfm-tagfilter@https://registry.npmjs.org/micromark-extension-gfm-tagfilter/-/micromark-extension-gfm-tagfilter-2.0.0.tgz. Extracting by manifest.
3581 silly tarball no local data for micromark-util-html-tag-name@https://registry.npmjs.org/micromark-util-html-tag-name/-/micromark-util-html-tag-name-2.0.1.tgz. Extracting by manifest.
3582 silly tarball no local data for micromark-factory-whitespace@https://registry.npmjs.org/micromark-factory-whitespace/-/micromark-factory-whitespace-2.0.1.tgz. Extracting by manifest.
3583 silly tarball no local data for micromark-factory-label@https://registry.npmjs.org/micromark-factory-label/-/micromark-factory-label-2.0.1.tgz. Extracting by manifest.
3584 silly tarball no local data for micromark-factory-title@https://registry.npmjs.org/micromark-factory-title/-/micromark-factory-title-2.0.1.tgz. Extracting by manifest.
3585 silly tarball no local data for micromark-extension-gfm-table@https://registry.npmjs.org/micromark-extension-gfm-table/-/micromark-extension-gfm-table-2.1.1.tgz. Extracting by manifest.
3586 silly tarball no local data for micromark-extension-gfm-strikethrough@https://registry.npmjs.org/micromark-extension-gfm-strikethrough/-/micromark-extension-gfm-strikethrough-2.1.0.tgz. Extracting by manifest.
3587 silly tarball no local data for @types/ms@https://registry.npmjs.org/@types/ms/-/ms-2.1.0.tgz. Extracting by manifest.
3588 silly tarball no local data for micromark-factory-destination@https://registry.npmjs.org/micromark-factory-destination/-/micromark-factory-destination-2.0.1.tgz. Extracting by manifest.
3589 silly tarball no local data for micromark-util-resolve-all@https://registry.npmjs.org/micromark-util-resolve-all/-/micromark-util-resolve-all-2.0.1.tgz. Extracting by manifest.
3590 silly tarball no local data for micromark-util-subtokenize@https://registry.npmjs.org/micromark-util-subtokenize/-/micromark-util-subtokenize-2.1.0.tgz. Extracting by manifest.
3591 silly tarball no local data for micromark-util-combine-extensions@https://registry.npmjs.org/micromark-util-combine-extensions/-/micromark-util-combine-extensions-2.0.1.tgz. Extracting by manifest.
3592 silly tarball no local data for micromark-util-chunked@https://registry.npmjs.org/micromark-util-chunked/-/micromark-util-chunked-2.0.1.tgz. Extracting by manifest.
3593 silly tarball no local data for micromark-factory-space@https://registry.npmjs.org/micromark-factory-space/-/micromark-factory-space-2.0.1.tgz. Extracting by manifest.
3594 silly tarball no local data for micromark-core-commonmark@https://registry.npmjs.org/micromark-core-commonmark/-/micromark-core-commonmark-2.0.3.tgz. Extracting by manifest.
3595 silly tarball no local data for @types/debug@https://registry.npmjs.org/@types/debug/-/debug-4.1.13.tgz. Extracting by manifest.
3596 silly tarball no local data for micromark-util-classify-character@https://registry.npmjs.org/micromark-util-classify-character/-/micromark-util-classify-character-2.0.1.tgz. Extracting by manifest.
3597 silly tarball no local data for mdast-util-phrasing@https://registry.npmjs.org/mdast-util-phrasing/-/mdast-util-phrasing-4.1.0.tgz. Extracting by manifest.
3598 silly tarball no local data for longest-streak@https://registry.npmjs.org/longest-streak/-/longest-streak-3.1.0.tgz. Extracting by manifest.
3599 silly tarball no local data for unist-util-is@https://registry.npmjs.org/unist-util-is/-/unist-util-is-6.0.1.tgz. Extracting by manifest.
3600 silly tarball no local data for escape-string-regexp@https://registry.npmjs.org/escape-string-regexp/-/escape-string-regexp-5.0.0.tgz. Extracting by manifest.
3601 silly tarball no local data for mdast-util-find-and-replace@https://registry.npmjs.org/mdast-util-find-and-replace/-/mdast-util-find-and-replace-3.0.2.tgz. Extracting by manifest.
3602 silly tarball no local data for markdown-table@https://registry.npmjs.org/markdown-table/-/markdown-table-3.0.4.tgz. Extracting by manifest.
3603 silly tarball no local data for character-entities@https://registry.npmjs.org/character-entities/-/character-entities-2.0.2.tgz. Extracting by manifest.
3604 silly tarball no local data for unist-util-stringify-position@https://registry.npmjs.org/unist-util-stringify-position/-/unist-util-stringify-position-4.0.0.tgz. Extracting by manifest.
3605 silly tarball no local data for micromark-util-normalize-identifier@https://registry.npmjs.org/micromark-util-normalize-identifier/-/micromark-util-normalize-identifier-2.0.1.tgz. Extracting by manifest.
3606 silly tarball no local data for decode-named-character-reference@https://registry.npmjs.org/decode-named-character-reference/-/decode-named-character-reference-1.3.0.tgz. Extracting by manifest.
3607 silly tarball no local data for micromark-util-decode-numeric-character-reference@https://registry.npmjs.org/micromark-util-decode-numeric-character-reference/-/micromark-util-decode-numeric-character-reference-2.0.2.tgz. Extracting by manifest.
3608 silly tarball no local data for micromark-util-decode-string@https://registry.npmjs.org/micromark-util-decode-string/-/micromark-util-decode-string-2.0.1.tgz. Extracting by manifest.
3609 silly tarball no local data for micromark@https://registry.npmjs.org/micromark/-/micromark-4.0.2.tgz. Extracting by manifest.
3610 silly tarball no local data for mdast-util-to-markdown@https://registry.npmjs.org/mdast-util-to-markdown/-/mdast-util-to-markdown-2.1.2.tgz. Extracting by manifest.
3611 silly tarball no local data for mdast-util-gfm-task-list-item@https://registry.npmjs.org/mdast-util-gfm-task-list-item/-/mdast-util-gfm-task-list-item-2.0.0.tgz. Extracting by manifest.
3612 silly tarball no local data for mdast-util-gfm-table@https://registry.npmjs.org/mdast-util-gfm-table/-/mdast-util-gfm-table-2.0.0.tgz. Extracting by manifest.
3613 silly tarball no local data for mdast-util-gfm-footnote@https://registry.npmjs.org/mdast-util-gfm-footnote/-/mdast-util-gfm-footnote-2.1.0.tgz. Extracting by manifest.
3614 silly tarball no local data for mdast-util-gfm-strikethrough@https://registry.npmjs.org/mdast-util-gfm-strikethrough/-/mdast-util-gfm-strikethrough-2.0.0.tgz. Extracting by manifest.
3615 silly tarball no local data for mdast-util-gfm-autolink-literal@https://registry.npmjs.org/mdast-util-gfm-autolink-literal/-/mdast-util-gfm-autolink-literal-2.0.1.tgz. Extracting by manifest.
3616 silly tarball no local data for mdast-util-to-string@https://registry.npmjs.org/mdast-util-to-string/-/mdast-util-to-string-4.0.0.tgz. Extracting by manifest.
3617 silly tarball no local data for mdast-util-from-markdown@https://registry.npmjs.org/mdast-util-from-markdown/-/mdast-util-from-markdown-2.0.3.tgz. Extracting by manifest.
3618 silly tarball no local data for micromark-extension-gfm@https://registry.npmjs.org/micromark-extension-gfm/-/micromark-extension-gfm-3.0.0.tgz. Extracting by manifest.
3619 silly tarball no local data for mdast-util-gfm@https://registry.npmjs.org/mdast-util-gfm/-/mdast-util-gfm-3.1.0.tgz. Extracting by manifest.
3620 silly tarball no local data for stringify-entities@https://registry.npmjs.org/stringify-entities/-/stringify-entities-4.0.4.tgz. Extracting by manifest.
3621 silly tarball no local data for hast-util-whitespace@https://registry.npmjs.org/hast-util-whitespace/-/hast-util-whitespace-3.0.0.tgz. Extracting by manifest.
3622 silly tarball no local data for hast-util-to-html@https://registry.npmjs.org/hast-util-to-html/-/hast-util-to-html-9.0.5.tgz. Extracting by manifest.
3623 silly tarball no local data for micromark-util-types@https://registry.npmjs.org/micromark-util-types/-/micromark-util-types-2.0.2.tgz. Extracting by manifest.
3624 silly tarball no local data for micromark-util-encode@https://registry.npmjs.org/micromark-util-encode/-/micromark-util-encode-2.0.1.tgz. Extracting by manifest.
3625 silly tarball no local data for micromark-util-symbol@https://registry.npmjs.org/micromark-util-symbol/-/micromark-util-symbol-2.0.1.tgz. Extracting by manifest.
3626 silly tarball no local data for micromark-util-character@https://registry.npmjs.org/micromark-util-character/-/micromark-util-character-2.1.1.tgz. Extracting by manifest.
3627 silly tarball no local data for micromark-util-sanitize-uri@https://registry.npmjs.org/micromark-util-sanitize-uri/-/micromark-util-sanitize-uri-2.0.1.tgz. Extracting by manifest.
3628 silly tarball no local data for ccount@https://registry.npmjs.org/ccount/-/ccount-2.0.1.tgz. Extracting by manifest.
3629 silly tarball no local data for unist-util-position@https://registry.npmjs.org/unist-util-position/-/unist-util-position-5.0.0.tgz. Extracting by manifest.
3630 silly tarball no local data for zwitch@https://registry.npmjs.org/zwitch/-/zwitch-2.0.4.tgz. Extracting by manifest.
3631 silly tarball no local data for trim-lines@https://registry.npmjs.org/trim-lines/-/trim-lines-3.0.1.tgz. Extracting by manifest.
3632 silly tarball no local data for mdast-util-to-hast@https://registry.npmjs.org/mdast-util-to-hast/-/mdast-util-to-hast-13.2.1.tgz. Extracting by manifest.
3633 silly tarball no local data for html-void-elements@https://registry.npmjs.org/html-void-elements/-/html-void-elements-3.0.0.tgz. Extracting by manifest.
3634 silly tarball no local data for hast-util-to-parse5@https://registry.npmjs.org/hast-util-to-parse5/-/hast-util-to-parse5-8.0.1.tgz. Extracting by manifest.
3635 silly tarball no local data for remark-stringify@https://registry.npmjs.org/remark-stringify/-/remark-stringify-11.0.0.tgz. Extracting by manifest.
3636 silly tarball no local data for hast-util-raw@https://registry.npmjs.org/hast-util-raw/-/hast-util-raw-9.1.0.tgz. Extracting by manifest.
3637 silly tarball no local data for @ungap/structured-clone@https://registry.npmjs.org/@ungap/structured-clone/-/structured-clone-1.3.3.tgz. Extracting by manifest.
3638 silly tarball no local data for rehype-parse@https://registry.npmjs.org/rehype-parse/-/rehype-parse-9.0.1.tgz. Extracting by manifest.
3639 silly tarball no local data for eventemitter3@https://registry.npmjs.org/eventemitter3/-/eventemitter3-5.0.4.tgz. Extracting by manifest.
3640 silly tarball no local data for p-timeout@https://registry.npmjs.org/p-timeout/-/p-timeout-6.1.4.tgz. Extracting by manifest.
3641 silly tarball no local data for entities@https://registry.npmjs.org/entities/-/entities-6.0.1.tgz. Extracting by manifest.
3642 silly tarball no local data for yocto-queue@https://registry.npmjs.org/yocto-queue/-/yocto-queue-1.2.2.tgz. Extracting by manifest.
3643 silly tarball no local data for @types/mdast@https://registry.npmjs.org/@types/mdast/-/mdast-4.0.4.tgz. Extracting by manifest.
3644 silly tarball no local data for @babel/helper-validator-identifier@https://registry.npmjs.org/@babel/helper-validator-identifier/-/helper-validator-identifier-7.29.7.tgz. Extracting by manifest.
3645 silly tarball no local data for sisteransi@https://registry.npmjs.org/sisteransi/-/sisteransi-1.0.5.tgz. Extracting by manifest.
3646 silly tarball no local data for @babel/helper-string-parser@https://registry.npmjs.org/@babel/helper-string-parser/-/helper-string-parser-7.29.7.tgz. Extracting by manifest.
3647 silly tarball no local data for @babel/types@https://registry.npmjs.org/@babel/types/-/types-7.29.8.tgz. Extracting by manifest.
3648 silly tarball no local data for @babel/parser@https://registry.npmjs.org/@babel/parser/-/parser-7.29.8.tgz. Extracting by manifest.
3649 silly tarball no local data for is-inside-container@https://registry.npmjs.org/is-inside-container/-/is-inside-container-1.0.0.tgz. Extracting by manifest.
3650 silly tarball no local data for hast-util-parse-selector@https://registry.npmjs.org/hast-util-parse-selector/-/hast-util-parse-selector-4.0.0.tgz. Extracting by manifest.
3651 silly tarball no local data for space-separated-tokens@https://registry.npmjs.org/space-separated-tokens/-/space-separated-tokens-2.0.2.tgz. Extracting by manifest.
3652 silly tarball no local data for comma-separated-tokens@https://registry.npmjs.org/comma-separated-tokens/-/comma-separated-tokens-2.0.3.tgz. Extracting by manifest.
3653 silly tarball no local data for unist-util-find-after@https://registry.npmjs.org/unist-util-find-after/-/unist-util-find-after-5.0.0.tgz. Extracting by manifest.
3654 silly tarball no local data for argparse@https://registry.npmjs.org/argparse/-/argparse-2.0.1.tgz. Extracting by manifest.
3655 silly tarball no local data for lightningcss-darwin-arm64@https://registry.npmjs.org/lightningcss-darwin-arm64/-/lightningcss-darwin-arm64-1.32.0.tgz. Extracting by manifest.
3656 silly tarball no local data for detect-libc@https://registry.npmjs.org/detect-libc/-/detect-libc-2.1.2.tgz. Extracting by manifest.
3657 silly tarball no local data for hast-util-is-element@https://registry.npmjs.org/hast-util-is-element/-/hast-util-is-element-3.0.0.tgz. Extracting by manifest.
3658 silly tarball no local data for web-namespaces@https://registry.npmjs.org/web-namespaces/-/web-namespaces-2.0.1.tgz. Extracting by manifest.
3659 silly tarball no local data for property-information@https://registry.npmjs.org/property-information/-/property-information-7.2.0.tgz. Extracting by manifest.
3660 silly tarball no local data for hastscript@https://registry.npmjs.org/hastscript/-/hastscript-9.0.1.tgz. Extracting by manifest.
3661 silly tarball no local data for dequal@https://registry.npmjs.org/dequal/-/dequal-2.0.3.tgz. Extracting by manifest.
3662 silly tarball no local data for parse5@https://registry.npmjs.org/parse5/-/parse5-7.3.0.tgz. Extracting by manifest.
3663 silly tarball no local data for @types/hast@https://registry.npmjs.org/@types/hast/-/hast-3.0.5.tgz. Extracting by manifest.
3664 silly tarball no local data for @types/unist@https://registry.npmjs.org/@types/unist/-/unist-3.0.3.tgz. Extracting by manifest.
3665 silly tarball no local data for vfile-location@https://registry.npmjs.org/vfile-location/-/vfile-location-5.0.3.tgz. Extracting by manifest.
3666 silly tarball no local data for vfile-message@https://registry.npmjs.org/vfile-message/-/vfile-message-4.0.3.tgz. Extracting by manifest.
3667 silly tarball no local data for @esbuild/darwin-arm64@https://registry.npmjs.org/@esbuild/darwin-arm64/-/darwin-arm64-0.27.7.tgz. Extracting by manifest.
3668 silly tarball no local data for tapable@https://registry.npmjs.org/tapable/-/tapable-2.3.3.tgz. Extracting by manifest.
3669 silly tarball no local data for base-64@https://registry.npmjs.org/base-64/-/base-64-1.0.0.tgz. Extracting by manifest.
3670 silly tarball no local data for graceful-fs@https://registry.npmjs.org/graceful-fs/-/graceful-fs-4.2.11.tgz. Extracting by manifest.
3671 silly tarball no local data for tiny-inflate@https://registry.npmjs.org/tiny-inflate/-/tiny-inflate-1.0.3.tgz. Extracting by manifest.
3672 silly tarball no local data for readdirp@https://registry.npmjs.org/readdirp/-/readdirp-4.1.2.tgz. Extracting by manifest.
3673 silly tarball no local data for ms@https://registry.npmjs.org/ms/-/ms-2.1.3.tgz. Extracting by manifest.
3674 silly tarball no local data for hast-util-from-parse5@https://registry.npmjs.org/hast-util-from-parse5/-/hast-util-from-parse5-8.0.3.tgz. Extracting by manifest.
3675 silly tarball no local data for devlop@https://registry.npmjs.org/devlop/-/devlop-1.1.0.tgz. Extracting by manifest.
3676 silly tarball no local data for widest-line@https://registry.npmjs.org/widest-line/-/widest-line-5.0.0.tgz. Extracting by manifest.
3677 silly tarball no local data for type-fest@https://registry.npmjs.org/type-fest/-/type-fest-4.41.0.tgz. Extracting by manifest.
3678 silly tarball no local data for wrap-ansi@https://registry.npmjs.org/wrap-ansi/-/wrap-ansi-9.0.2.tgz. Extracting by manifest.
3679 silly tarball no local data for chalk@https://registry.npmjs.org/chalk/-/chalk-5.6.2.tgz. Extracting by manifest.
3680 silly tarball no local data for cli-boxes@https://registry.npmjs.org/cli-boxes/-/cli-boxes-3.0.0.tgz. Extracting by manifest.
3681 silly tarball no local data for ansi-align@https://registry.npmjs.org/ansi-align/-/ansi-align-3.0.1.tgz. Extracting by manifest.
3682 silly tarball no local data for camelcase@https://registry.npmjs.org/camelcase/-/camelcase-8.0.0.tgz. Extracting by manifest.
3683 silly tarball no local data for @types/estree@https://registry.npmjs.org/@types/estree/-/estree-1.0.9.tgz. Extracting by manifest.
3684 silly tarball no local data for fontkitten@https://registry.npmjs.org/fontkitten/-/fontkitten-1.0.3.tgz. Extracting by manifest.
3685 silly tarball no local data for string-width@https://registry.npmjs.org/string-width/-/string-width-7.2.0.tgz. Extracting by manifest.
3686 silly tarball no local data for prismjs@https://registry.npmjs.org/prismjs/-/prismjs-1.30.0.tgz. Extracting by manifest.
3687 silly tarball no local data for is-wsl@https://registry.npmjs.org/is-wsl/-/is-wsl-3.1.1.tgz. Extracting by manifest.
3688 silly tarball no local data for which-pm-runs@https://registry.npmjs.org/which-pm-runs/-/which-pm-runs-1.1.0.tgz. Extracting by manifest.
3689 silly tarball no local data for unist-util-remove-position@https://registry.npmjs.org/unist-util-remove-position/-/unist-util-remove-position-5.0.0.tgz. Extracting by manifest.
3690 silly tarball no local data for unified@https://registry.npmjs.org/unified/-/unified-11.0.5.tgz. Extracting by manifest.
3691 silly tarball no local data for is-docker@https://registry.npmjs.org/is-docker/-/is-docker-3.0.0.tgz. Extracting by manifest.
3692 silly tarball no local data for remark-smartypants@https://registry.npmjs.org/remark-smartypants/-/remark-smartypants-3.0.3.tgz. Extracting by manifest.
3693 silly tarball no local data for remark-gfm@https://registry.npmjs.org/remark-gfm/-/remark-gfm-4.0.1.tgz. Extracting by manifest.
3694 silly tarball no local data for remark-parse@https://registry.npmjs.org/remark-parse/-/remark-parse-11.0.0.tgz. Extracting by manifest.
3695 silly tarball no local data for unist-util-visit-parents@https://registry.npmjs.org/unist-util-visit-parents/-/unist-util-visit-parents-6.0.2.tgz. Extracting by manifest.
3696 silly tarball no local data for rehype-stringify@https://registry.npmjs.org/rehype-stringify/-/rehype-stringify-10.0.1.tgz. Extracting by manifest.
3697 silly tarball no local data for mdast-util-definitions@https://registry.npmjs.org/mdast-util-definitions/-/mdast-util-definitions-6.0.0.tgz. Extracting by manifest.
3698 silly tarball no local data for rehype-raw@https://registry.npmjs.org/rehype-raw/-/rehype-raw-7.0.0.tgz. Extracting by manifest.
3699 silly tarball no local data for hast-util-from-html@https://registry.npmjs.org/hast-util-from-html/-/hast-util-from-html-2.0.3.tgz. Extracting by manifest.
3700 silly tarball no local data for remark-rehype@https://registry.npmjs.org/remark-rehype/-/remark-rehype-11.1.2.tgz. Extracting by manifest.
3701 silly tarball no local data for @astrojs/prism@https://registry.npmjs.org/@astrojs/prism/-/prism-3.3.0.tgz. Extracting by manifest.
3702 silly tarball no local data for zod-to-json-schema@https://registry.npmjs.org/zod-to-json-schema/-/zod-to-json-schema-3.25.2.tgz. Extracting by manifest.
3703 silly tarball no local data for yocto-spinner@https://registry.npmjs.org/yocto-spinner/-/yocto-spinner-0.2.3.tgz. Extracting by manifest.
3704 silly tarball no local data for xxhash-wasm@https://registry.npmjs.org/xxhash-wasm/-/xxhash-wasm-1.1.0.tgz. Extracting by manifest.
3705 silly tarball no local data for vfile@https://registry.npmjs.org/vfile/-/vfile-6.0.3.tgz. Extracting by manifest.
3706 silly tarball no local data for vitefu@https://registry.npmjs.org/vitefu/-/vitefu-1.1.3.tgz. Extracting by manifest.
3707 silly tarball no local data for unstorage@https://registry.npmjs.org/unstorage/-/unstorage-1.17.5.tgz. Extracting by manifest.
3708 silly tarball no local data for unist-util-visit@https://registry.npmjs.org/unist-util-visit/-/unist-util-visit-5.1.0.tgz. Extracting by manifest.
3709 silly tarball no local data for unifont@https://registry.npmjs.org/unifont/-/unifont-0.7.5.tgz. Extracting by manifest.
3710 silly tarball no local data for yargs-parser@https://registry.npmjs.org/yargs-parser/-/yargs-parser-21.1.1.tgz. Extracting by manifest.
3711 silly tarball no local data for tsconfck@https://registry.npmjs.org/tsconfck/-/tsconfck-3.1.6.tgz. Extracting by manifest.
3712 silly tarball no local data for svgo@https://registry.npmjs.org/svgo/-/svgo-4.0.2.tgz. Extracting by manifest.
3713 silly tarball no local data for tinyexec@https://registry.npmjs.org/tinyexec/-/tinyexec-1.3.0.tgz. Extracting by manifest.
3714 silly tarball no local data for ultrahtml@https://registry.npmjs.org/ultrahtml/-/ultrahtml-1.7.0.tgz. Extracting by manifest.
3715 silly tarball no local data for smol-toml@https://registry.npmjs.org/smol-toml/-/smol-toml-1.8.0.tgz. Extracting by manifest.
3716 silly tarball no local data for shiki@https://registry.npmjs.org/shiki/-/shiki-3.23.0.tgz. Extracting by manifest.
3717 silly tarball no local data for hast-util-to-text@https://registry.npmjs.org/hast-util-to-text/-/hast-util-to-text-4.0.2.tgz. Extracting by manifest.
3718 silly tarball no local data for sharp@https://registry.npmjs.org/sharp/-/sharp-0.34.5.tgz. Extracting by manifest.
3719 silly tarball no local data for semver@https://registry.npmjs.org/semver/-/semver-7.8.5.tgz. Extracting by manifest.
3720 silly tarball no local data for rehype@https://registry.npmjs.org/rehype/-/rehype-13.0.2.tgz. Extracting by manifest.
3721 silly tarball no local data for piccolore@https://registry.npmjs.org/piccolore/-/piccolore-0.1.3.tgz. Extracting by manifest.
3722 silly tarball no local data for picomatch@https://registry.npmjs.org/picomatch/-/picomatch-4.0.5.tgz. Extracting by manifest.
3723 silly tarball no local data for package-manager-detector@https://registry.npmjs.org/package-manager-detector/-/package-manager-detector-1.8.0.tgz. Extracting by manifest.
3724 silly tarball no local data for p-queue@https://registry.npmjs.org/p-queue/-/p-queue-8.1.1.tgz. Extracting by manifest.
3725 silly tarball no local data for neotraverse@https://registry.npmjs.org/neotraverse/-/neotraverse-0.6.18.tgz. Extracting by manifest.
3726 silly tarball no local data for mrmime@https://registry.npmjs.org/mrmime/-/mrmime-2.0.1.tgz. Extracting by manifest.
3727 silly tarball no local data for magicast@https://registry.npmjs.org/magicast/-/magicast-0.5.4.tgz. Extracting by manifest.
3728 silly tarball no local data for prompts@https://registry.npmjs.org/prompts/-/prompts-2.4.2.tgz. Extracting by manifest.
3729 silly tarball no local data for js-yaml@https://registry.npmjs.org/js-yaml/-/js-yaml-4.3.1.tgz. Extracting by manifest.
3730 silly tarball no local data for import-meta-resolve@https://registry.npmjs.org/import-meta-resolve/-/import-meta-resolve-4.2.0.tgz. Extracting by manifest.
3731 silly tarball no local data for http-cache-semantics@https://registry.npmjs.org/http-cache-semantics/-/http-cache-semantics-4.2.0.tgz. Extracting by manifest.
3732 silly tarball no local data for html-escaper@https://registry.npmjs.org/html-escaper/-/html-escaper-3.0.3.tgz. Extracting by manifest.
3733 silly tarball no local data for github-slugger@https://registry.npmjs.org/github-slugger/-/github-slugger-2.0.0.tgz. Extracting by manifest.
3734 silly tarball no local data for fontace@https://registry.npmjs.org/fontace/-/fontace-0.4.1.tgz. Extracting by manifest.
3735 silly tarball no local data for estree-walker@https://registry.npmjs.org/estree-walker/-/estree-walker-3.0.3.tgz. Extracting by manifest.
3736 silly tarball no local data for es-module-lexer@https://registry.npmjs.org/es-module-lexer/-/es-module-lexer-1.7.0.tgz. Extracting by manifest.
3737 silly tarball no local data for esbuild@https://registry.npmjs.org/esbuild/-/esbuild-0.27.7.tgz. Extracting by manifest.
3738 silly tarball no local data for p-limit@https://registry.npmjs.org/p-limit/-/p-limit-6.2.0.tgz. Extracting by manifest.
3739 silly tarball no local data for dset@https://registry.npmjs.org/dset/-/dset-3.1.4.tgz. Extracting by manifest.
3740 silly tarball no local data for dlv@https://registry.npmjs.org/dlv/-/dlv-1.1.3.tgz. Extracting by manifest.
3741 silly tarball no local data for devalue@https://registry.npmjs.org/devalue/-/devalue-5.9.1.tgz. Extracting by manifest.
3742 silly tarball no local data for flattie@https://registry.npmjs.org/flattie/-/flattie-1.1.1.tgz. Extracting by manifest.
3743 silly tarball no local data for debug@https://registry.npmjs.org/debug/-/debug-4.4.3.tgz. Extracting by manifest.
3744 silly tarball no local data for deterministic-object-hash@https://registry.npmjs.org/deterministic-object-hash/-/deterministic-object-hash-2.0.2.tgz. Extracting by manifest.
3745 silly tarball no local data for cssesc@https://registry.npmjs.org/cssesc/-/cssesc-3.0.0.tgz. Extracting by manifest.
3746 silly tarball no local data for clsx@https://registry.npmjs.org/clsx/-/clsx-2.1.1.tgz. Extracting by manifest.
3747 silly tarball no local data for common-ancestor-path@https://registry.npmjs.org/common-ancestor-path/-/common-ancestor-path-1.0.1.tgz. Extracting by manifest.
3748 silly tarball no local data for diff@https://registry.npmjs.org/diff/-/diff-8.0.4.tgz. Extracting by manifest.
3749 silly tarball no local data for ci-info@https://registry.npmjs.org/ci-info/-/ci-info-4.4.0.tgz. Extracting by manifest.
3750 silly tarball no local data for cookie@https://registry.npmjs.org/cookie/-/cookie-1.1.1.tgz. Extracting by manifest.
3751 silly tarball no local data for boxen@https://registry.npmjs.org/boxen/-/boxen-8.0.1.tgz. Extracting by manifest.
3752 silly tarball no local data for aria-query@https://registry.npmjs.org/aria-query/-/aria-query-5.3.2.tgz. Extracting by manifest.
3753 silly tarball no local data for @oslojs/encoding@https://registry.npmjs.org/@oslojs/encoding/-/encoding-1.1.0.tgz. Extracting by manifest.
3754 silly tarball no local data for @rollup/pluginutils@https://registry.npmjs.org/@rollup/pluginutils/-/pluginutils-5.4.0.tgz. Extracting by manifest.
3755 silly tarball no local data for axobject-query@https://registry.npmjs.org/axobject-query/-/axobject-query-4.1.0.tgz. Extracting by manifest.
3756 silly tarball no local data for @astrojs/telemetry@https://registry.npmjs.org/@astrojs/telemetry/-/telemetry-3.3.0.tgz. Extracting by manifest.
3757 silly tarball no local data for @astrojs/markdown-remark@https://registry.npmjs.org/@astrojs/markdown-remark/-/markdown-remark-6.3.11.tgz. Extracting by manifest.
3758 silly tarball no local data for @capsizecss/unpack@https://registry.npmjs.org/@capsizecss/unpack/-/unpack-4.0.1.tgz. Extracting by manifest.
3759 silly tarball no local data for @astrojs/internal-helpers@https://registry.npmjs.org/@astrojs/internal-helpers/-/internal-helpers-0.7.6.tgz. Extracting by manifest.
3760 silly tarball no local data for vscode-languageserver-protocol@https://registry.npmjs.org/vscode-languageserver-protocol/-/vscode-languageserver-protocol-3.18.2.tgz. Extracting by manifest.
3761 silly tarball no local data for request-light@https://registry.npmjs.org/request-light/-/request-light-0.7.0.tgz. Extracting by manifest.
3762 silly tarball no local data for path-browserify@https://registry.npmjs.org/path-browserify/-/path-browserify-1.0.1.tgz. Extracting by manifest.
3763 silly tarball no local data for acorn@https://registry.npmjs.org/acorn/-/acorn-8.18.0.tgz. Extracting by manifest.
3764 silly tarball no local data for @volar/source-map@https://registry.npmjs.org/@volar/source-map/-/source-map-2.4.28.tgz. Extracting by manifest.
3765 silly tarball no local data for vscode-languageserver-textdocument@https://registry.npmjs.org/vscode-languageserver-textdocument/-/vscode-languageserver-textdocument-1.0.12.tgz. Extracting by manifest.
3766 silly tarball no local data for @volar/typescript@https://registry.npmjs.org/@volar/typescript/-/typescript-2.4.28.tgz. Extracting by manifest.
3767 silly tarball no local data for typesafe-path@https://registry.npmjs.org/typesafe-path/-/typesafe-path-0.2.2.tgz. Extracting by manifest.
3768 silly tarball no local data for vscode-languageserver@https://registry.npmjs.org/vscode-languageserver/-/vscode-languageserver-9.0.1.tgz. Extracting by manifest.
3769 silly tarball no local data for @tailwindcss/oxide-darwin-arm64@https://registry.npmjs.org/@tailwindcss/oxide-darwin-arm64/-/oxide-darwin-arm64-4.3.3.tgz. Extracting by manifest.
3770 silly tarball no local data for @jridgewell/resolve-uri@https://registry.npmjs.org/@jridgewell/resolve-uri/-/resolve-uri-3.1.2.tgz. Extracting by manifest.
3771 silly tarball no local data for magic-string@https://registry.npmjs.org/magic-string/-/magic-string-0.30.21.tgz. Extracting by manifest.
3772 silly tarball no local data for source-map-js@https://registry.npmjs.org/source-map-js/-/source-map-js-1.2.1.tgz. Extracting by manifest.
3773 silly tarball no local data for lightningcss@https://registry.npmjs.org/lightningcss/-/lightningcss-1.32.0.tgz. Extracting by manifest.
3774 silly tarball no local data for jiti@https://registry.npmjs.org/jiti/-/jiti-2.7.0.tgz. Extracting by manifest.
3775 silly tarball no local data for @jridgewell/remapping@https://registry.npmjs.org/@jridgewell/remapping/-/remapping-2.3.5.tgz. Extracting by manifest.
3776 silly tarball no local data for @tailwindcss/oxide@https://registry.npmjs.org/@tailwindcss/oxide/-/oxide-4.3.3.tgz. Extracting by manifest.
3777 silly tarball no local data for yaml@https://registry.npmjs.org/yaml/-/yaml-2.9.0.tgz. Extracting by manifest.
3778 silly tarball no local data for @jridgewell/trace-mapping@https://registry.npmjs.org/@jridgewell/trace-mapping/-/trace-mapping-0.3.31.tgz. Extracting by manifest.
3779 silly tarball no local data for zod@https://registry.npmjs.org/zod/-/zod-4.4.3.tgz. Extracting by manifest.
3780 silly tarball no local data for enhanced-resolve@https://registry.npmjs.org/enhanced-resolve/-/enhanced-resolve-5.24.5.tgz. Extracting by manifest.
3781 silly tarball no local data for @jridgewell/gen-mapping@https://registry.npmjs.org/@jridgewell/gen-mapping/-/gen-mapping-0.3.13.tgz. Extracting by manifest.
3782 silly tarball no local data for stream-replace-string@https://registry.npmjs.org/stream-replace-string/-/stream-replace-string-2.0.0.tgz. Extracting by manifest.
3783 silly tarball no local data for sitemap@https://registry.npmjs.org/sitemap/-/sitemap-9.0.1.tgz. Extracting by manifest.
3784 silly tarball no local data for volar-service-yaml@https://registry.npmjs.org/volar-service-yaml/-/volar-service-yaml-0.0.71.tgz. Extracting by manifest.
3785 silly tarball no local data for volar-service-typescript-twoslash-queries@https://registry.npmjs.org/volar-service-typescript-twoslash-queries/-/volar-service-typescript-twoslash-queries-0.0.71.tgz. Extracting by manifest.
3786 silly tarball no local data for vscode-html-languageservice@https://registry.npmjs.org/vscode-html-languageservice/-/vscode-html-languageservice-5.6.2.tgz. Extracting by manifest.
3787 silly tarball no local data for volar-service-typescript@https://registry.npmjs.org/volar-service-typescript/-/volar-service-typescript-0.0.71.tgz. Extracting by manifest.
3788 silly tarball no local data for @tailwindcss/node@https://registry.npmjs.org/@tailwindcss/node/-/node-4.3.3.tgz. Extracting by manifest.
3789 silly tarball no local data for vscode-uri@https://registry.npmjs.org/vscode-uri/-/vscode-uri-3.1.0.tgz. Extracting by manifest.
3790 silly tarball no local data for volar-service-html@https://registry.npmjs.org/volar-service-html/-/volar-service-html-0.0.71.tgz. Extracting by manifest.
3791 silly tarball no local data for volar-service-emmet@https://registry.npmjs.org/volar-service-emmet/-/volar-service-emmet-0.0.71.tgz. Extracting by manifest.
3792 silly tarball no local data for tinyglobby@https://registry.npmjs.org/tinyglobby/-/tinyglobby-0.2.17.tgz. Extracting by manifest.
3793 silly tarball no local data for volar-service-css@https://registry.npmjs.org/volar-service-css/-/volar-service-css-0.0.71.tgz. Extracting by manifest.
3794 silly tarball no local data for @volar/language-service@https://registry.npmjs.org/@volar/language-service/-/language-service-2.4.28.tgz. Extracting by manifest.
3795 silly tarball no local data for muggle-string@https://registry.npmjs.org/muggle-string/-/muggle-string-0.4.1.tgz. Extracting by manifest.
3796 silly tarball no local data for @volar/language-server@https://registry.npmjs.org/@volar/language-server/-/language-server-2.4.28.tgz. Extracting by manifest.
3797 silly tarball no local data for @volar/language-core@https://registry.npmjs.org/@volar/language-core/-/language-core-2.4.28.tgz. Extracting by manifest.
3798 silly tarball no local data for @volar/kit@https://registry.npmjs.org/@volar/kit/-/kit-2.4.28.tgz. Extracting by manifest.
3799 silly tarball no local data for @jridgewell/sourcemap-codec@https://registry.npmjs.org/@jridgewell/sourcemap-codec/-/sourcemap-codec-1.5.5.tgz. Extracting by manifest.
3800 silly tarball no local data for @astrojs/yaml2ts@https://registry.npmjs.org/@astrojs/yaml2ts/-/yaml2ts-0.2.4.tgz. Extracting by manifest.
3801 silly tarball no local data for @astrojs/compiler@https://registry.npmjs.org/@astrojs/compiler/-/compiler-2.13.1.tgz. Extracting by manifest.
3802 silly tarball no local data for chokidar@https://registry.npmjs.org/chokidar/-/chokidar-4.0.3.tgz. Extracting by manifest.
3803 silly tarball no local data for volar-service-prettier@https://registry.npmjs.org/volar-service-prettier/-/volar-service-prettier-0.0.71.tgz. Extracting by manifest.
3804 silly tarball no local data for @astrojs/language-server@https://registry.npmjs.org/@astrojs/language-server/-/language-server-2.16.14.tgz. Extracting by manifest.
3805 silly tarball no local data for kleur@https://registry.npmjs.org/kleur/-/kleur-4.1.5.tgz. Extracting by manifest.
3806 silly tarball no local data for tailwindcss@https://registry.npmjs.org/tailwindcss/-/tailwindcss-4.3.3.tgz. Extracting by manifest.
3807 silly tarball no local data for lucide-astro@https://registry.npmjs.org/lucide-astro/-/lucide-astro-0.556.0.tgz. Extracting by manifest.
3808 silly tarball no local data for vite@https://registry.npmjs.org/vite/-/vite-8.2.2.tgz. Extracting by manifest.
3809 silly tarball no local data for @tailwindcss/vite@https://registry.npmjs.org/@tailwindcss/vite/-/vite-4.3.3.tgz. Extracting by manifest.
3810 silly tarball no local data for astro@https://registry.npmjs.org/astro/-/astro-5.18.2.tgz. Extracting by manifest.
3811 silly tarball no local data for @astrojs/sitemap@https://registry.npmjs.org/@astrojs/sitemap/-/sitemap-3.7.3.tgz. Extracting by manifest.
3812 silly tarball no local data for typescript@https://registry.npmjs.org/typescript/-/typescript-5.9.3.tgz. Extracting by manifest.
3813 silly tarball no local data for @astrojs/check@https://registry.npmjs.org/@astrojs/check/-/check-0.9.10.tgz. Extracting by manifest.
3814 silly tarball no local data for jsonc-parser@https://registry.npmjs.org/jsonc-parser/-/jsonc-parser-3.3.1.tgz. Extracting by manifest.
3815 silly tarball no local data for request-light@https://registry.npmjs.org/request-light/-/request-light-0.5.8.tgz. Extracting by manifest.
3816 silly tarball no local data for vscode-languageserver-types@https://registry.npmjs.org/vscode-languageserver-types/-/vscode-languageserver-types-3.17.5.tgz. Extracting by manifest.
3817 silly tarball no local data for yargs@https://registry.npmjs.org/yargs/-/yargs-18.1.0.tgz. Extracting by manifest.
3818 silly tarball no local data for entities@https://registry.npmjs.org/entities/-/entities-4.5.0.tgz. Extracting by manifest.
3819 silly tarball no local data for mdn-data@https://registry.npmjs.org/mdn-data/-/mdn-data-2.0.28.tgz. Extracting by manifest.
3820 silly tarball no local data for yaml@https://registry.npmjs.org/yaml/-/yaml-2.8.3.tgz. Extracting by manifest.
3821 silly tarball no local data for emoji-regex@https://registry.npmjs.org/emoji-regex/-/emoji-regex-8.0.0.tgz. Extracting by manifest.
3822 silly tarball no local data for css-tree@https://registry.npmjs.org/css-tree/-/css-tree-2.2.1.tgz. Extracting by manifest.
3823 silly tarball no local data for strip-ansi@https://registry.npmjs.org/strip-ansi/-/strip-ansi-6.0.1.tgz. Extracting by manifest.
3824 silly tarball no local data for ansi-regex@https://registry.npmjs.org/ansi-regex/-/ansi-regex-5.0.1.tgz. Extracting by manifest.
3825 silly tarball no local data for string-width@https://registry.npmjs.org/string-width/-/string-width-4.2.3.tgz. Extracting by manifest.
3826 silly tarball no local data for kleur@https://registry.npmjs.org/kleur/-/kleur-3.0.3.tgz. Extracting by manifest.
3827 silly tarball no local data for picomatch@https://registry.npmjs.org/picomatch/-/picomatch-2.3.2.tgz. Extracting by manifest.
3828 silly tarball no local data for chokidar@https://registry.npmjs.org/chokidar/-/chokidar-5.0.0.tgz. Extracting by manifest.
3829 silly tarball no local data for readdirp@https://registry.npmjs.org/readdirp/-/readdirp-5.1.1.tgz. Extracting by manifest.
3830 silly tarball no local data for vscode-jsonrpc@https://registry.npmjs.org/vscode-jsonrpc/-/vscode-jsonrpc-8.2.0.tgz. Extracting by manifest.
3831 silly tarball no local data for vscode-languageserver-protocol@https://registry.npmjs.org/vscode-languageserver-protocol/-/vscode-languageserver-protocol-3.17.5.tgz. Extracting by manifest.
3832 silly tarball no local data for vscode-languageserver-types@https://registry.npmjs.org/vscode-languageserver-types/-/vscode-languageserver-types-3.17.5.tgz. Extracting by manifest.
3833 silly tarball no local data for string-width@https://registry.npmjs.org/string-width/-/string-width-8.2.2.tgz. Extracting by manifest.
3834 silly tarball no local data for yargs-parser@https://registry.npmjs.org/yargs-parser/-/yargs-parser-22.0.0.tgz. Extracting by manifest.
3835 silly tarball no local data for zod-to-ts@https://registry.npmjs.org/zod-to-ts/-/zod-to-ts-1.2.0.tgz. Extracting by manifest.
3836 silly tarball no local data for vite@https://registry.npmjs.org/vite/-/vite-6.4.3.tgz. Extracting by manifest.
3837 silly tarball no local data for zod@https://registry.npmjs.org/zod/-/zod-3.25.76.tgz. Extracting by manifest.
3838 silly tarball no local data for esbuild@https://registry.npmjs.org/esbuild/-/esbuild-0.25.12.tgz. Extracting by manifest.
3839 silly tarball no local data for estree-walker@https://registry.npmjs.org/estree-walker/-/estree-walker-2.0.2.tgz. Extracting by manifest.
3840 silly tarball no local data for @esbuild/darwin-arm64@https://registry.npmjs.org/@esbuild/darwin-arm64/-/darwin-arm64-0.25.12.tgz. Extracting by manifest.
3841 silly tarball no local data for lightningcss-darwin-arm64@https://registry.npmjs.org/lightningcss-darwin-arm64/-/lightningcss-darwin-arm64-1.33.0.tgz. Extracting by manifest.
3842 silly tarball no local data for lightningcss@https://registry.npmjs.org/lightningcss/-/lightningcss-1.33.0.tgz. Extracting by manifest.
3843 http fetch GET 200 https://registry.npmjs.org/cliui/-/cliui-9.0.1.tgz 108ms (cache miss)
3844 http fetch GET 200 https://registry.npmjs.org/y18n/-/y18n-5.0.8.tgz 110ms (cache miss)
3845 http fetch GET 200 https://registry.npmjs.org/rollup/-/rollup-4.62.5.tgz 121ms (cache miss)
3846 http fetch GET 200 https://registry.npmjs.org/is-fullwidth-code-point/-/is-fullwidth-code-point-3.0.0.tgz 136ms (cache miss)
3847 http fetch GET 200 https://registry.npmjs.org/ajv-draft-04/-/ajv-draft-04-1.0.0.tgz 153ms (cache miss)
3848 http fetch GET 200 https://registry.npmjs.org/escalade/-/escalade-3.2.0.tgz 167ms (cache miss)
3849 http fetch GET 200 https://registry.npmjs.org/fast-uri/-/fast-uri-3.1.5.tgz 167ms (cache miss)
3850 http fetch GET 200 https://registry.npmjs.org/fast-deep-equal/-/fast-deep-equal-3.1.3.tgz 168ms (cache miss)
3851 http fetch GET 200 https://registry.npmjs.org/ansi-styles/-/ansi-styles-6.2.3.tgz 174ms (cache miss)
3852 http fetch GET 200 https://registry.npmjs.org/vscode-json-languageservice/-/vscode-json-languageservice-4.1.8.tgz 184ms (cache miss)
3853 http fetch GET 200 https://registry.npmjs.org/ajv-i18n/-/ajv-i18n-4.2.0.tgz 197ms (cache miss)
3854 http fetch GET 200 https://registry.npmjs.org/require-from-string/-/require-from-string-2.0.2.tgz 224ms (cache miss)
3855 http fetch GET 200 https://registry.npmjs.org/json-schema-traverse/-/json-schema-traverse-1.0.0.tgz 225ms (cache miss)
3856 http fetch POST 200 https://registry.npmjs.org/-/npm/v1/security/advisories/bulk 293ms
3857 silly audit report {
3857 silly audit report   astro: [
3857 silly audit report     {
3857 silly audit report       id: 1118920,
3857 silly audit report       url: 'https://github.com/advisories/GHSA-xr5h-phrj-8vxv',
3857 silly audit report       title: 'Astro: Server island encrypted parameters vulnerable to cross-component replay',
3857 silly audit report       severity: 'low',
3857 silly audit report       vulnerable_versions: '<6.1.10',
3857 silly audit report       cwe: [Array],
3857 silly audit report       cvss: [Object]
3857 silly audit report     },
3857 silly audit report     {
3857 silly audit report       id: 1117141,
3857 silly audit report       url: 'https://github.com/advisories/GHSA-j687-52p2-xcff',
3857 silly audit report       title: 'Astro: XSS in define:vars via incomplete </script> tag sanitization',
3857 silly audit report       severity: 'moderate',
3857 silly audit report       vulnerable_versions: '<6.1.6',
3857 silly audit report       cwe: [Array],
3857 silly audit report       cvss: [Object]
3857 silly audit report     },
3857 silly audit report     {
3857 silly audit report       id: 1123700,
3857 silly audit report       url: 'https://github.com/advisories/GHSA-jrpj-wcv7-9fh9',
3857 silly audit report       title: 'Astro: XSS via Unescaped Attribute Names in Spread Props',
3857 silly audit report       severity: 'moderate',
3857 silly audit report       vulnerable_versions: '<6.4.6',
3857 silly audit report       cwe: [Array],
3857 silly audit report       cvss: [Object]
3857 silly audit report     },
3857 silly audit report     {
3857 silly audit report       id: 1139373,
3857 silly audit report       url: 'https://github.com/advisories/GHSA-f48w-9m4c-m7f5',
3857 silly audit report       title: 'Astro: XSS via unescaped spread attribute names in renderHTMLElement (incomplete fix for CVE-2026-54298)',
3857 silly audit report       severity: 'moderate',
3857 silly audit report       vulnerable_versions: '<7.0.6',
3857 silly audit report       cwe: [Array],
3857 silly audit report       cvss: [Object]
3857 silly audit report     },
3857 silly audit report     {
3857 silly audit report       id: 1139375,
3857 silly audit report       url: 'https://github.com/advisories/GHSA-7pw4-f3q4-r2p2',
3857 silly audit report       title: 'Astro: Cross-site scripting via unescaped transition:* directive values on hydrated islands',
3857 silly audit report       severity: 'low',
3857 silly audit report       vulnerable_versions: '>=3.10.0 <7.0.4',
3857 silly audit report       cwe: [Array],
3857 silly audit report       cvss: [Object]
3857 silly audit report     },
3857 silly audit report     {
3857 silly audit report       id: 1139376,
3857 silly audit report       url: 'https://github.com/advisories/GHSA-4g3v-8h47-v7g6',
3857 silly audit report       title: 'Astro: Reflected XSS via unescaped View Transition animation properties',
3857 silly audit report       severity: 'moderate',
3857 silly audit report       vulnerable_versions: '>=2.9.0 <=7.0.9',
3857 silly audit report       cwe: [Array],
3857 silly audit report       cvss: [Object]
3857 silly audit report     },
3857 silly audit report     {
3857 silly audit report       id: 1139377,
3857 silly audit report       url: 'https://github.com/advisories/GHSA-2pvr-wf23-7pc7',
3857 silly audit report       title: 'Astro: Host header SSRF in prerendered error page fetch',
3857 silly audit report       severity: 'high',
3857 silly audit report       vulnerable_versions: '<6.4.6',
3857 silly audit report       cwe: [Array],
3857 silly audit report       cvss: [Object]
3857 silly audit report     },
3857 silly audit report     {
3857 silly audit report       id: 1139378,
3857 silly audit report       url: 'https://github.com/advisories/GHSA-8hv8-536x-4wqp',
3857 silly audit report       title: 'Astro: Reflected XSS via unescaped slot name',
3857 silly audit report       severity: 'high',
3857 silly audit report       vulnerable_versions: '<6.3.3',
3857 silly audit report       cwe: [Array],
3857 silly audit report       cvss: [Object]
3857 silly audit report     }
3857 silly audit report   ],
3857 silly audit report   esbuild: [
3857 silly audit report     {
3857 silly audit report       id: 1120680,
3857 silly audit report       url: 'https://github.com/advisories/GHSA-g7r4-m6w7-qqqr',
3857 silly audit report       title: 'esbuild allows arbitrary file read when running the development server on Windows',
3857 silly audit report       severity: 'low',
3857 silly audit report       vulnerable_versions: '>=0.27.3 <0.28.1',
3857 silly audit report       cwe: [Array],
3857 silly audit report       cvss: [Object]
3857 silly audit report     }
3857 silly audit report   ],
3857 silly audit report   sharp: [
3857 silly audit report     {
3857 silly audit report       id: 1124066,
3857 silly audit report       url: 'https://github.com/advisories/GHSA-f88m-g3jw-g9cj',
3857 silly audit report       title: 'sharp inherited vulnerabilities in libvips: CVE-2026-33327, CVE-2026-33328, CVE-2026-35590, CVE-2026-35591',
3857 silly audit report       severity: 'high',
3857 silly audit report       vulnerable_versions: '<0.35.0',
3857 silly audit report       cwe: [Array],
3857 silly audit report       cvss: [Object]
3857 silly audit report     }
3857 silly audit report   ]
3857 silly audit report }
3858 silly packumentCache corgi:https://registry.npmjs.org/astro cache-miss
3859 silly packumentCache corgi:https://registry.npmjs.org/esbuild cache-miss
3860 silly packumentCache corgi:https://registry.npmjs.org/sharp cache-miss
3861 http fetch GET 200 https://registry.npmjs.org/vscode-languageserver-types/-/vscode-languageserver-types-3.18.0.tgz 235ms (cache miss)
3862 http fetch GET 200 https://registry.npmjs.org/vscode-nls/-/vscode-nls-5.2.0.tgz 239ms (cache miss)
3863 http fetch GET 200 https://registry.npmjs.org/vscode-jsonrpc/-/vscode-jsonrpc-9.0.1.tgz 246ms (cache miss)
3864 http fetch GET 200 https://registry.npmjs.org/typescript-auto-import-cache/-/typescript-auto-import-cache-0.3.6.tgz 247ms (cache miss)
3865 http fetch GET 200 https://registry.npmjs.org/emmet/-/emmet-2.4.11.tgz 254ms (cache miss)
3866 http fetch GET 200 https://registry.npmjs.org/yoctocolors/-/yoctocolors-2.2.0.tgz 257ms (cache miss)
3867 http fetch GET 200 https://registry.npmjs.org/jsonc-parser/-/jsonc-parser-2.3.1.tgz 266ms (cache miss)
3868 http fetch GET 200 https://registry.npmjs.org/ajv/-/ajv-8.20.0.tgz 286ms (cache miss)
3869 http fetch GET 200 https://registry.npmjs.org/vscode-css-languageservice/-/vscode-css-languageservice-6.3.10.tgz 305ms (cache miss)
3870 http fetch GET 200 https://registry.npmjs.org/postcss/-/postcss-8.5.26.tgz 312ms (cache miss)
3871 http fetch GET 200 https://registry.npmjs.org/@rolldown/pluginutils/-/pluginutils-1.0.1.tgz 320ms (cache miss)
3872 http fetch GET 200 https://registry.npmjs.org/fsevents/-/fsevents-2.3.3.tgz 347ms (cache miss)
3873 http fetch GET 200 https://registry.npmjs.org/nanoid/-/nanoid-3.3.18.tgz 430ms (cache miss)
3874 http fetch GET 200 https://registry.npmjs.org/uncrypto/-/uncrypto-0.1.3.tgz 430ms (cache miss)
3875 http fetch GET 200 https://registry.npmjs.org/@rollup/rollup-darwin-arm64/-/rollup-darwin-arm64-4.62.5.tgz 437ms (cache miss)
3876 http fetch GET 200 https://registry.npmjs.org/iron-webcrypto/-/iron-webcrypto-1.2.1.tgz 442ms (cache miss)
3877 http fetch GET 200 https://registry.npmjs.org/@emmetio/abbreviation/-/abbreviation-2.3.3.tgz 450ms (cache miss)
3878 http fetch GET 200 https://registry.npmjs.org/@vscode/l10n/-/l10n-0.0.18.tgz 457ms (cache miss)
3879 http fetch GET 200 https://registry.npmjs.org/radix3/-/radix3-1.1.2.tgz 455ms (cache miss)
3880 http fetch GET 200 https://registry.npmjs.org/rolldown/-/rolldown-1.2.5.tgz 459ms (cache miss)
3881 http fetch GET 200 https://registry.npmjs.org/defu/-/defu-6.1.7.tgz 468ms (cache miss)
3882 http fetch GET 200 https://registry.npmjs.org/yaml-language-server/-/yaml-language-server-1.23.0.tgz 478ms (cache miss)
3883 http fetch GET 200 https://registry.npmjs.org/get-caller-file/-/get-caller-file-2.0.5.tgz 480ms (cache miss)
3884 http fetch GET 200 https://registry.npmjs.org/cookie-es/-/cookie-es-1.2.3.tgz 480ms (cache miss)
3885 http fetch GET 200 https://registry.npmjs.org/@emmetio/css-abbreviation/-/css-abbreviation-2.1.8.tgz 484ms (cache miss)
3886 http fetch GET 200 https://registry.npmjs.org/crossws/-/crossws-0.3.5.tgz 495ms (cache miss)
3887 http fetch GET 200 https://registry.npmjs.org/normalize-path/-/normalize-path-3.0.0.tgz 503ms (cache miss)
3888 http fetch GET 200 https://registry.npmjs.org/@emmetio/stream-reader-utils/-/stream-reader-utils-0.1.0.tgz 506ms (cache miss)
3889 http fetch GET 200 https://registry.npmjs.org/h3/-/h3-1.15.11.tgz 511ms (cache miss)
3890 http fetch GET 200 https://registry.npmjs.org/@emmetio/scanner/-/scanner-1.0.4.tgz 522ms (cache miss)
3891 http fetch GET 200 https://registry.npmjs.org/ufo/-/ufo-1.6.4.tgz 522ms (cache miss)
3892 http fetch GET 200 https://registry.npmjs.org/node-mock-http/-/node-mock-http-1.0.5.tgz 523ms (cache miss)
3893 http fetch GET 200 https://registry.npmjs.org/anymatch/-/anymatch-3.1.3.tgz 549ms (cache miss)
3894 http fetch GET 200 https://registry.npmjs.org/trough/-/trough-2.2.0.tgz 567ms (cache miss)
3895 http fetch GET 200 https://registry.npmjs.org/@oxc-project/types/-/types-0.146.0.tgz 569ms (cache miss)
3896 http fetch GET 200 https://registry.npmjs.org/extend/-/extend-3.0.2.tgz 567ms (cache miss)
3897 http fetch GET 200 https://registry.npmjs.org/lru-cache/-/lru-cache-11.5.2.tgz 571ms (cache miss)
3898 http fetch GET 200 https://registry.npmjs.org/ohash/-/ohash-2.0.12.tgz 572ms (cache miss)
3899 http fetch GET 200 https://registry.npmjs.org/ofetch/-/ofetch-1.5.1.tgz 573ms (cache miss)
3900 http fetch GET 200 https://registry.npmjs.org/node-fetch-native/-/node-fetch-native-1.6.7.tgz 608ms (cache miss)
3901 http fetch GET 200 https://registry.npmjs.org/is-plain-obj/-/is-plain-obj-4.1.0.tgz 608ms (cache miss)
3902 http fetch GET 200 https://registry.npmjs.org/dom-serializer/-/dom-serializer-2.0.0.tgz 608ms (cache miss)
3903 http fetch GET 200 https://registry.npmjs.org/array-iterate/-/array-iterate-2.0.1.tgz 616ms (cache miss)
3904 http fetch GET 200 https://registry.npmjs.org/domelementtype/-/domelementtype-2.3.0.tgz 639ms (cache miss)
3905 http fetch GET 200 https://registry.npmjs.org/bail/-/bail-2.0.2.tgz 640ms (cache miss)
3906 http fetch GET 200 https://registry.npmjs.org/fdir/-/fdir-6.5.0.tgz 640ms (cache miss)
3907 http fetch GET 200 https://registry.npmjs.org/nth-check/-/nth-check-2.1.1.tgz 639ms (cache miss)
3908 http fetch GET 200 https://registry.npmjs.org/@emmetio/css-parser/-/css-parser-0.4.1.tgz 648ms (cache miss)
3909 http fetch GET 200 https://registry.npmjs.org/@emmetio/html-matcher/-/html-matcher-1.3.0.tgz 652ms (cache miss)
3910 http fetch GET 200 https://registry.npmjs.org/@vscode/emmet-helper/-/emmet-helper-2.11.0.tgz 658ms (cache miss)
3911 http fetch GET 200 https://registry.npmjs.org/domhandler/-/domhandler-5.0.3.tgz 654ms (cache miss)
3912 http fetch GET 200 https://registry.npmjs.org/picocolors/-/picocolors-1.1.1.tgz 672ms (cache miss)
3913 http fetch GET 200 https://registry.npmjs.org/boolbase/-/boolbase-1.0.0.tgz 674ms (cache miss)
3914 http fetch GET 200 https://registry.npmjs.org/strip-ansi/-/strip-ansi-7.2.0.tgz 675ms (cache miss)
3915 http fetch GET 200 https://registry.npmjs.org/character-entities-html4/-/character-entities-html4-2.1.0.tgz 682ms (cache miss)
3916 http fetch GET 200 https://registry.npmjs.org/ansi-regex/-/ansi-regex-6.3.0.tgz 682ms (cache miss)
3917 http fetch GET 200 https://registry.npmjs.org/domutils/-/domutils-3.2.2.tgz 687ms (cache miss)
3918 http fetch GET 200 https://registry.npmjs.org/get-east-asian-width/-/get-east-asian-width-1.6.0.tgz 704ms (cache miss)
3919 http fetch GET 200 https://registry.npmjs.org/sax/-/sax-1.6.1.tgz 715ms (cache miss)
3920 http fetch GET 200 https://registry.npmjs.org/undici-types/-/undici-types-7.18.2.tgz 718ms (cache miss)
3921 http fetch GET 200 https://registry.npmjs.org/css-what/-/css-what-6.2.2.tgz 724ms (cache miss)
3922 http fetch GET 200 https://registry.npmjs.org/destr/-/destr-2.0.5.tgz 735ms (cache miss)
3923 http fetch GET 200 https://registry.npmjs.org/regex-utilities/-/regex-utilities-2.3.0.tgz 745ms (cache miss)
3924 http fetch GET 200 https://registry.npmjs.org/css-select/-/css-select-5.2.2.tgz 752ms (cache miss)
3925 http fetch GET 200 https://registry.npmjs.org/arg/-/arg-5.0.2.tgz 756ms (cache miss)
3926 http fetch GET 200 https://registry.npmjs.org/@rolldown/binding-darwin-arm64/-/binding-darwin-arm64-1.2.5.tgz 790ms (cache miss)
3927 http fetch GET 200 https://registry.npmjs.org/@types/sax/-/sax-1.2.7.tgz 831ms (cache miss)
3928 http fetch GET 200 https://registry.npmjs.org/oniguruma-parser/-/oniguruma-parser-0.12.2.tgz 856ms (cache miss)
3929 http fetch GET 200 https://registry.npmjs.org/@shikijs/vscode-textmate/-/vscode-textmate-10.0.2.tgz 887ms (cache miss)
3930 http fetch GET 200 https://registry.npmjs.org/@shikijs/types/-/types-3.23.0.tgz 893ms (cache miss)
3931 http fetch GET 200 https://registry.npmjs.org/regex/-/regex-6.1.0.tgz 897ms (cache miss)
3932 http fetch GET 200 https://registry.npmjs.org/undici/-/undici-8.10.0.tgz 964ms (cache miss)
3933 http fetch GET 200 https://registry.npmjs.org/prettier/-/prettier-3.9.6.tgz 1052ms (cache miss)
3934 http fetch GET 200 https://registry.npmjs.org/@shikijs/engine-oniguruma/-/engine-oniguruma-3.23.0.tgz 1089ms (cache miss)
3935 http fetch GET 200 https://registry.npmjs.org/@shikijs/langs/-/langs-3.23.0.tgz 1092ms (cache miss)
3936 http fetch GET 200 https://registry.npmjs.org/commander/-/commander-11.1.0.tgz 1110ms (cache miss)
3937 http fetch GET 200 https://registry.npmjs.org/character-entities-legacy/-/character-entities-legacy-3.0.0.tgz 1114ms (cache miss)
3938 http fetch GET 200 https://registry.npmjs.org/@emmetio/stream-reader/-/stream-reader-2.2.0.tgz 1238ms (cache miss)
3939 http fetch GET 200 https://registry.npmjs.org/regex-recursion/-/regex-recursion-6.0.2.tgz 1249ms (cache miss)
3940 http fetch GET 200 https://registry.npmjs.org/@img/sharp-darwin-arm64/-/sharp-darwin-arm64-0.34.5.tgz 1269ms (cache miss)
3941 http fetch GET 200 https://registry.npmjs.org/@shikijs/engine-javascript/-/engine-javascript-3.23.0.tgz 1269ms (cache miss)
3942 http fetch GET 200 https://registry.npmjs.org/oniguruma-to-es/-/oniguruma-to-es-4.3.6.tgz 1272ms (cache miss)
3943 http fetch GET 200 https://registry.npmjs.org/unist-util-modify-children/-/unist-util-modify-children-4.0.0.tgz 1280ms (cache miss)
3944 http fetch GET 200 https://registry.npmjs.org/retext-stringify/-/retext-stringify-4.0.0.tgz 1281ms (cache miss)
3945 http fetch GET 200 https://registry.npmjs.org/nlcst-to-string/-/nlcst-to-string-4.0.0.tgz 1281ms (cache miss)
3946 http fetch GET 200 https://registry.npmjs.org/@shikijs/themes/-/themes-3.23.0.tgz 1294ms (cache miss)
3947 http fetch GET 200 https://registry.npmjs.org/retext-smartypants/-/retext-smartypants-6.2.0.tgz 1294ms (cache miss)
3948 http fetch GET 200 https://registry.npmjs.org/csso/-/csso-5.0.5.tgz 1302ms (cache miss)
3949 http fetch GET 200 https://registry.npmjs.org/parse-latin/-/parse-latin-7.0.0.tgz 1298ms (cache miss)
3950 http fetch GET 200 https://registry.npmjs.org/retext/-/retext-9.0.0.tgz 1307ms (cache miss)
3951 http fetch GET 200 https://registry.npmjs.org/micromark-extension-gfm-task-list-item/-/micromark-extension-gfm-task-list-item-2.1.0.tgz 1307ms (cache miss)
3952 http fetch GET 200 https://registry.npmjs.org/micromark-extension-gfm-autolink-literal/-/micromark-extension-gfm-autolink-literal-2.1.0.tgz 1309ms (cache miss)
3953 http fetch GET 200 https://registry.npmjs.org/micromark-extension-gfm-footnote/-/micromark-extension-gfm-footnote-2.1.0.tgz 1309ms (cache miss)
3954 http fetch GET 200 https://registry.npmjs.org/css-tree/-/css-tree-3.2.1.tgz 1320ms (cache miss)
3955 http fetch GET 200 https://registry.npmjs.org/retext-latin/-/retext-latin-4.0.0.tgz 1318ms (cache miss)
3956 http fetch GET 200 https://registry.npmjs.org/micromark-extension-gfm-tagfilter/-/micromark-extension-gfm-tagfilter-2.0.0.tgz 1321ms (cache miss)
3957 http fetch GET 200 https://registry.npmjs.org/micromark-factory-whitespace/-/micromark-factory-whitespace-2.0.1.tgz 1340ms (cache miss)
3958 http fetch GET 200 https://registry.npmjs.org/micromark-extension-gfm-strikethrough/-/micromark-extension-gfm-strikethrough-2.1.0.tgz 1365ms (cache miss)
3959 http fetch GET 200 https://registry.npmjs.org/micromark-factory-destination/-/micromark-factory-destination-2.0.1.tgz 1384ms (cache miss)
3960 http fetch GET 200 https://registry.npmjs.org/micromark-util-html-tag-name/-/micromark-util-html-tag-name-2.0.1.tgz 1390ms (cache miss)
3961 http fetch GET 200 https://registry.npmjs.org/@shikijs/core/-/core-3.23.0.tgz 1393ms (cache miss)
3962 http fetch GET 200 https://registry.npmjs.org/micromark-util-resolve-all/-/micromark-util-resolve-all-2.0.1.tgz 1406ms (cache miss)
3963 http fetch GET 200 https://registry.npmjs.org/@types/ms/-/ms-2.1.0.tgz 1410ms (cache miss)
3964 http fetch GET 200 https://registry.npmjs.org/micromark-util-chunked/-/micromark-util-chunked-2.0.1.tgz 1421ms (cache miss)
3965 http fetch GET 200 https://registry.npmjs.org/unist-util-visit-children/-/unist-util-visit-children-3.0.0.tgz 1429ms (cache miss)
3966 http fetch GET 200 https://registry.npmjs.org/micromark-core-commonmark/-/micromark-core-commonmark-2.0.3.tgz 1471ms (cache miss)
3967 http fetch GET 200 https://registry.npmjs.org/emoji-regex/-/emoji-regex-10.6.0.tgz 1489ms (cache miss)
3968 http fetch GET 200 https://registry.npmjs.org/@types/debug/-/debug-4.1.13.tgz 1497ms (cache miss)
3969 http fetch GET 200 https://registry.npmjs.org/mdast-util-phrasing/-/mdast-util-phrasing-4.1.0.tgz 1503ms (cache miss)
3970 http fetch GET 200 https://registry.npmjs.org/@types/node/-/node-24.13.3.tgz 1541ms (cache miss)
3971 http fetch GET 200 https://registry.npmjs.org/unist-util-is/-/unist-util-is-6.0.1.tgz 1548ms (cache miss)
3972 http fetch GET 200 https://registry.npmjs.org/longest-streak/-/longest-streak-3.1.0.tgz 1549ms (cache miss)
3973 http fetch GET 200 https://registry.npmjs.org/escape-string-regexp/-/escape-string-regexp-5.0.0.tgz 1558ms (cache miss)
3974 http fetch GET 200 https://registry.npmjs.org/@types/nlcst/-/nlcst-2.0.3.tgz 1562ms (cache miss)
3975 http fetch GET 200 https://registry.npmjs.org/mdast-util-find-and-replace/-/mdast-util-find-and-replace-3.0.2.tgz 1572ms (cache miss)
3976 http fetch GET 200 https://registry.npmjs.org/micromark-factory-label/-/micromark-factory-label-2.0.1.tgz 1588ms (cache miss)
3977 http fetch GET 200 https://registry.npmjs.org/character-entities/-/character-entities-2.0.2.tgz 1585ms (cache miss)
3978 http fetch GET 200 https://registry.npmjs.org/markdown-table/-/markdown-table-3.0.4.tgz 1585ms (cache miss)
3979 http fetch GET 200 https://registry.npmjs.org/micromark-extension-gfm-table/-/micromark-extension-gfm-table-2.1.1.tgz 1600ms (cache miss)
3980 http fetch GET 200 https://registry.npmjs.org/unist-util-stringify-position/-/unist-util-stringify-position-4.0.0.tgz 1603ms (cache miss)
3981 http fetch GET 200 https://registry.npmjs.org/micromark-util-combine-extensions/-/micromark-util-combine-extensions-2.0.1.tgz 1610ms (cache miss)
3982 http fetch GET 200 https://registry.npmjs.org/decode-named-character-reference/-/decode-named-character-reference-1.3.0.tgz 1618ms (cache miss)
3983 http fetch GET 200 https://registry.npmjs.org/micromark-util-decode-string/-/micromark-util-decode-string-2.0.1.tgz 1619ms (cache miss)
3984 http fetch GET 200 https://registry.npmjs.org/micromark-util-decode-numeric-character-reference/-/micromark-util-decode-numeric-character-reference-2.0.2.tgz 1632ms (cache miss)
3985 http fetch GET 200 https://registry.npmjs.org/mdast-util-gfm-task-list-item/-/mdast-util-gfm-task-list-item-2.0.0.tgz 1633ms (cache miss)
3986 http fetch GET 200 https://registry.npmjs.org/micromark/-/micromark-4.0.2.tgz 1635ms (cache miss)
3987 http fetch GET 200 https://registry.npmjs.org/micromark-factory-title/-/micromark-factory-title-2.0.1.tgz 1650ms (cache miss)
3988 http fetch GET 200 https://registry.npmjs.org/mdast-util-gfm-strikethrough/-/mdast-util-gfm-strikethrough-2.0.0.tgz 1645ms (cache miss)
3989 http fetch GET 200 https://registry.npmjs.org/mdast-util-gfm-table/-/mdast-util-gfm-table-2.0.0.tgz 1654ms (cache miss)
3990 http fetch GET 200 https://registry.npmjs.org/micromark-util-normalize-identifier/-/micromark-util-normalize-identifier-2.0.1.tgz 1659ms (cache miss)
3991 http fetch GET 200 https://registry.npmjs.org/mdast-util-gfm-footnote/-/mdast-util-gfm-footnote-2.1.0.tgz 1658ms (cache miss)
3992 http fetch GET 200 https://registry.npmjs.org/mdast-util-to-string/-/mdast-util-to-string-4.0.0.tgz 1679ms (cache miss)
3993 http fetch GET 200 https://registry.npmjs.org/mdast-util-gfm-autolink-literal/-/mdast-util-gfm-autolink-literal-2.0.1.tgz 1688ms (cache miss)
3994 http fetch GET 200 https://registry.npmjs.org/mdast-util-to-markdown/-/mdast-util-to-markdown-2.1.2.tgz 1693ms (cache miss)
3995 http fetch GET 200 https://registry.npmjs.org/micromark-util-classify-character/-/micromark-util-classify-character-2.0.1.tgz 1705ms (cache miss)
3996 http fetch GET 200 https://registry.npmjs.org/hast-util-to-html/-/hast-util-to-html-9.0.5.tgz 1704ms (cache miss)
3997 http fetch GET 200 https://registry.npmjs.org/micromark-extension-gfm/-/micromark-extension-gfm-3.0.0.tgz 1722ms (cache miss)
3998 http fetch GET 200 https://registry.npmjs.org/stringify-entities/-/stringify-entities-4.0.4.tgz 1723ms (cache miss)
3999 http fetch GET 200 https://registry.npmjs.org/hast-util-whitespace/-/hast-util-whitespace-3.0.0.tgz 1732ms (cache miss)
4000 http fetch GET 200 https://registry.npmjs.org/micromark-util-encode/-/micromark-util-encode-2.0.1.tgz 1741ms (cache miss)
4001 http fetch GET 200 https://registry.npmjs.org/micromark-util-sanitize-uri/-/micromark-util-sanitize-uri-2.0.1.tgz 1741ms (cache miss)
4002 http fetch GET 200 https://registry.npmjs.org/micromark-util-character/-/micromark-util-character-2.1.1.tgz 1749ms (cache miss)
4003 http fetch GET 200 https://registry.npmjs.org/micromark-factory-space/-/micromark-factory-space-2.0.1.tgz 1759ms (cache miss)
4004 http fetch GET 200 https://registry.npmjs.org/unist-util-position/-/unist-util-position-5.0.0.tgz 1758ms (cache miss)
4005 http fetch GET 200 https://registry.npmjs.org/micromark-util-types/-/micromark-util-types-2.0.2.tgz 1758ms (cache miss)
4006 http fetch GET 200 https://registry.npmjs.org/micromark-util-symbol/-/micromark-util-symbol-2.0.1.tgz 1765ms (cache miss)
4007 http fetch GET 200 https://registry.npmjs.org/ccount/-/ccount-2.0.1.tgz 1787ms (cache miss)
4008 http fetch GET 200 https://registry.npmjs.org/html-void-elements/-/html-void-elements-3.0.0.tgz 1788ms (cache miss)
4009 http fetch GET 200 https://registry.npmjs.org/mdast-util-to-hast/-/mdast-util-to-hast-13.2.1.tgz 1789ms (cache miss)
4010 http fetch GET 200 https://registry.npmjs.org/remark-stringify/-/remark-stringify-11.0.0.tgz 1794ms (cache miss)
4011 http fetch GET 200 https://registry.npmjs.org/trim-lines/-/trim-lines-3.0.1.tgz 1794ms (cache miss)
4012 http fetch GET 200 https://registry.npmjs.org/hast-util-to-parse5/-/hast-util-to-parse5-8.0.1.tgz 1803ms (cache miss)
4013 http fetch GET 200 https://registry.npmjs.org/p-timeout/-/p-timeout-6.1.4.tgz 1829ms (cache miss)
4014 http fetch GET 200 https://registry.npmjs.org/eventemitter3/-/eventemitter3-5.0.4.tgz 1830ms (cache miss)
4015 http fetch GET 200 https://registry.npmjs.org/hast-util-raw/-/hast-util-raw-9.1.0.tgz 1831ms (cache miss)
4016 http fetch GET 200 https://registry.npmjs.org/rehype-parse/-/rehype-parse-9.0.1.tgz 1835ms (cache miss)
4017 http fetch GET 200 https://registry.npmjs.org/@ungap/structured-clone/-/structured-clone-1.3.3.tgz 1843ms (cache miss)
4018 http fetch GET 200 https://registry.npmjs.org/@img/sharp-libvips-darwin-arm64/-/sharp-libvips-darwin-arm64-1.2.4.tgz 1853ms (cache miss)
4019 http fetch GET 200 https://registry.npmjs.org/zwitch/-/zwitch-2.0.4.tgz 1851ms (cache miss)
4020 http fetch GET 200 https://registry.npmjs.org/yocto-queue/-/yocto-queue-1.2.2.tgz 1849ms (cache miss)
4021 http fetch GET 200 https://registry.npmjs.org/@types/mdast/-/mdast-4.0.4.tgz 1855ms (cache miss)
4022 http fetch GET 200 https://registry.npmjs.org/sisteransi/-/sisteransi-1.0.5.tgz 1875ms (cache miss)
4023 http fetch GET 200 https://registry.npmjs.org/@babel/helper-validator-identifier/-/helper-validator-identifier-7.29.7.tgz 1876ms (cache miss)
4024 http fetch GET 200 https://registry.npmjs.org/@babel/helper-string-parser/-/helper-string-parser-7.29.7.tgz 1890ms (cache miss)
4025 http fetch GET 200 https://registry.npmjs.org/space-separated-tokens/-/space-separated-tokens-2.0.2.tgz 1897ms (cache miss)
4026 http fetch GET 200 https://registry.npmjs.org/comma-separated-tokens/-/comma-separated-tokens-2.0.3.tgz 1902ms (cache miss)
4027 http fetch GET 200 https://registry.npmjs.org/unist-util-find-after/-/unist-util-find-after-5.0.0.tgz 1913ms (cache miss)
4028 http fetch GET 200 https://registry.npmjs.org/@img/colour/-/colour-1.1.0.tgz 1927ms (cache miss)
4029 http fetch GET 200 https://registry.npmjs.org/mdast-util-gfm/-/mdast-util-gfm-3.1.0.tgz 1920ms (cache miss)
4030 http fetch GET 200 https://registry.npmjs.org/mdast-util-from-markdown/-/mdast-util-from-markdown-2.0.3.tgz 1921ms (cache miss)
4031 http fetch GET 200 https://registry.npmjs.org/hast-util-parse-selector/-/hast-util-parse-selector-4.0.0.tgz 1926ms (cache miss)
4032 http fetch GET 200 https://registry.npmjs.org/entities/-/entities-6.0.1.tgz 1933ms (cache miss)
4033 http fetch GET 200 https://registry.npmjs.org/detect-libc/-/detect-libc-2.1.2.tgz 1935ms (cache miss)
4034 http fetch GET 200 https://registry.npmjs.org/dequal/-/dequal-2.0.3.tgz 1949ms (cache miss)
4035 http fetch GET 200 https://registry.npmjs.org/hast-util-is-element/-/hast-util-is-element-3.0.0.tgz 1953ms (cache miss)
4036 http fetch GET 200 https://registry.npmjs.org/web-namespaces/-/web-namespaces-2.0.1.tgz 1953ms (cache miss)
4037 http fetch GET 200 https://registry.npmjs.org/property-information/-/property-information-7.2.0.tgz 1961ms (cache miss)
4038 http fetch GET 200 https://registry.npmjs.org/@types/hast/-/hast-3.0.5.tgz 1972ms (cache miss)
4039 http fetch GET 200 https://registry.npmjs.org/hastscript/-/hastscript-9.0.1.tgz 1972ms (cache miss)
4040 http fetch GET 200 https://registry.npmjs.org/@babel/types/-/types-7.29.8.tgz 1974ms (cache miss)
4041 http fetch GET 200 https://registry.npmjs.org/argparse/-/argparse-2.0.1.tgz 1977ms (cache miss)
4042 http fetch GET 200 https://registry.npmjs.org/tapable/-/tapable-2.3.3.tgz 1990ms (cache miss)
4043 http fetch GET 200 https://registry.npmjs.org/@types/unist/-/unist-3.0.3.tgz 1994ms (cache miss)
4044 http fetch GET 200 https://registry.npmjs.org/vfile-message/-/vfile-message-4.0.3.tgz 1996ms (cache miss)
4045 http fetch GET 200 https://registry.npmjs.org/base-64/-/base-64-1.0.0.tgz 1998ms (cache miss)
4046 http fetch GET 200 https://registry.npmjs.org/graceful-fs/-/graceful-fs-4.2.11.tgz 2004ms (cache miss)
4047 http fetch GET 200 https://registry.npmjs.org/tiny-inflate/-/tiny-inflate-1.0.3.tgz 2015ms (cache miss)
4048 http fetch GET 200 https://registry.npmjs.org/vfile-location/-/vfile-location-5.0.3.tgz 2015ms (cache miss)
4049 http fetch GET 200 https://registry.npmjs.org/readdirp/-/readdirp-4.1.2.tgz 2015ms (cache miss)
4050 http fetch GET 200 https://registry.npmjs.org/ms/-/ms-2.1.3.tgz 2026ms (cache miss)
4051 http fetch GET 200 https://registry.npmjs.org/widest-line/-/widest-line-5.0.0.tgz 2040ms (cache miss)
4052 http fetch GET 200 https://registry.npmjs.org/devlop/-/devlop-1.1.0.tgz 2048ms (cache miss)
4053 http fetch GET 200 https://registry.npmjs.org/wrap-ansi/-/wrap-ansi-9.0.2.tgz 2049ms (cache miss)
4054 http fetch GET 200 https://registry.npmjs.org/chalk/-/chalk-5.6.2.tgz 2049ms (cache miss)
4055 http fetch GET 200 https://registry.npmjs.org/hast-util-from-parse5/-/hast-util-from-parse5-8.0.3.tgz 2049ms (cache miss)
4056 http fetch GET 200 https://registry.npmjs.org/cli-boxes/-/cli-boxes-3.0.0.tgz 2053ms (cache miss)
4057 http fetch GET 200 https://registry.npmjs.org/ansi-align/-/ansi-align-3.0.1.tgz 2066ms (cache miss)
4058 http fetch GET 200 https://registry.npmjs.org/string-width/-/string-width-7.2.0.tgz 2075ms (cache miss)
4059 http fetch GET 200 https://registry.npmjs.org/is-wsl/-/is-wsl-3.1.1.tgz 2080ms (cache miss)
4060 http fetch GET 200 https://registry.npmjs.org/camelcase/-/camelcase-8.0.0.tgz 2094ms (cache miss)
4061 http fetch GET 200 https://registry.npmjs.org/@types/estree/-/estree-1.0.9.tgz 2095ms (cache miss)
4062 http fetch GET 200 https://registry.npmjs.org/fontkitten/-/fontkitten-1.0.3.tgz 2101ms (cache miss)
4063 http fetch GET 200 https://registry.npmjs.org/unist-util-remove-position/-/unist-util-remove-position-5.0.0.tgz 2104ms (cache miss)
4064 http fetch GET 200 https://registry.npmjs.org/which-pm-runs/-/which-pm-runs-1.1.0.tgz 2107ms (cache miss)
4065 http fetch GET 200 https://registry.npmjs.org/is-inside-container/-/is-inside-container-1.0.0.tgz 2113ms (cache miss)
4066 http fetch GET 200 https://registry.npmjs.org/rehype-stringify/-/rehype-stringify-10.0.1.tgz 2144ms (cache miss)
4067 http fetch GET 200 https://registry.npmjs.org/remark-smartypants/-/remark-smartypants-3.0.3.tgz 2144ms (cache miss)
4068 http fetch GET 200 https://registry.npmjs.org/micromark-util-subtokenize/-/micromark-util-subtokenize-2.1.0.tgz 2158ms (cache miss)
4069 http fetch GET 200 https://registry.npmjs.org/remark-gfm/-/remark-gfm-4.0.1.tgz 2151ms (cache miss)
4070 http fetch GET 200 https://registry.npmjs.org/unified/-/unified-11.0.5.tgz 2151ms (cache miss)
4071 http fetch GET 200 https://registry.npmjs.org/parse5/-/parse5-7.3.0.tgz 2157ms (cache miss)
4072 http fetch GET 200 https://registry.npmjs.org/unist-util-visit-parents/-/unist-util-visit-parents-6.0.2.tgz 2154ms (cache miss)
4073 http fetch GET 200 https://registry.npmjs.org/type-fest/-/type-fest-4.41.0.tgz 2161ms (cache miss)
4074 http fetch GET 200 https://registry.npmjs.org/rehype-raw/-/rehype-raw-7.0.0.tgz 2158ms (cache miss)
4075 http fetch GET 200 https://registry.npmjs.org/remark-rehype/-/remark-rehype-11.1.2.tgz 2172ms (cache miss)
4076 http fetch GET 200 https://registry.npmjs.org/is-docker/-/is-docker-3.0.0.tgz 2179ms (cache miss)
4077 http fetch GET 200 https://registry.npmjs.org/yocto-spinner/-/yocto-spinner-0.2.3.tgz 2181ms (cache miss)
4078 http fetch GET 200 https://registry.npmjs.org/hast-util-from-html/-/hast-util-from-html-2.0.3.tgz 2187ms (cache miss)
4079 http fetch GET 200 https://registry.npmjs.org/vfile/-/vfile-6.0.3.tgz 2199ms (cache miss)
4080 http fetch GET 200 https://registry.npmjs.org/xxhash-wasm/-/xxhash-wasm-1.1.0.tgz 2204ms (cache miss)
4081 http fetch GET 200 https://registry.npmjs.org/vitefu/-/vitefu-1.1.3.tgz 2212ms (cache miss)
4082 http fetch GET 200 https://registry.npmjs.org/unist-util-visit/-/unist-util-visit-5.1.0.tgz 2218ms (cache miss)
4083 http fetch GET 200 https://registry.npmjs.org/zod-to-json-schema/-/zod-to-json-schema-3.25.2.tgz 2219ms (cache miss)
4084 http fetch GET 200 https://registry.npmjs.org/mdast-util-definitions/-/mdast-util-definitions-6.0.0.tgz 2227ms (cache miss)
4085 http fetch GET 200 https://registry.npmjs.org/unifont/-/unifont-0.7.5.tgz 2239ms (cache miss)
4086 http fetch GET 200 https://registry.npmjs.org/yargs-parser/-/yargs-parser-21.1.1.tgz 2242ms (cache miss)
4087 http fetch GET 200 https://registry.npmjs.org/tinyexec/-/tinyexec-1.3.0.tgz 2251ms (cache miss)
4088 http fetch GET 200 https://registry.npmjs.org/unstorage/-/unstorage-1.17.5.tgz 2255ms (cache miss)
4089 http fetch GET 200 https://registry.npmjs.org/tsconfck/-/tsconfck-3.1.6.tgz 2282ms (cache miss)
4090 warn deprecated tsconfck@3.1.6: unmaintained
4091 http fetch GET 200 https://registry.npmjs.org/ultrahtml/-/ultrahtml-1.7.0.tgz 2284ms (cache miss)
4092 http fetch GET 200 https://registry.npmjs.org/hast-util-to-text/-/hast-util-to-text-4.0.2.tgz 2289ms (cache miss)
4093 http fetch GET 200 https://registry.npmjs.org/smol-toml/-/smol-toml-1.8.0.tgz 2299ms (cache miss)
4094 http fetch GET 200 https://registry.npmjs.org/semver/-/semver-7.8.5.tgz 2303ms (cache miss)
4095 http fetch GET 200 https://registry.npmjs.org/piccolore/-/piccolore-0.1.3.tgz 2325ms (cache miss)
4096 http fetch GET 200 https://registry.npmjs.org/rehype/-/rehype-13.0.2.tgz 2325ms (cache miss)
4097 http fetch GET 200 https://registry.npmjs.org/sharp/-/sharp-0.34.5.tgz 2347ms (cache miss)
4098 http fetch GET 200 https://registry.npmjs.org/picomatch/-/picomatch-4.0.5.tgz 2349ms (cache miss)
4099 http fetch GET 200 https://registry.npmjs.org/neotraverse/-/neotraverse-0.6.18.tgz 2358ms (cache miss)
4100 http fetch GET 200 https://registry.npmjs.org/p-queue/-/p-queue-8.1.1.tgz 2359ms (cache miss)
4101 http fetch GET 200 https://registry.npmjs.org/remark-parse/-/remark-parse-11.0.0.tgz 2363ms (cache miss)
4102 http fetch GET 200 https://registry.npmjs.org/package-manager-detector/-/package-manager-detector-1.8.0.tgz 2361ms (cache miss)
4103 http fetch GET 200 https://registry.npmjs.org/mrmime/-/mrmime-2.0.1.tgz 2370ms (cache miss)
4104 http fetch GET 200 https://registry.npmjs.org/magicast/-/magicast-0.5.4.tgz 2378ms (cache miss)
4105 http fetch GET 200 https://registry.npmjs.org/http-cache-semantics/-/http-cache-semantics-4.2.0.tgz 2385ms (cache miss)
4106 http fetch GET 200 https://registry.npmjs.org/prismjs/-/prismjs-1.30.0.tgz 2400ms (cache miss)
4107 http fetch GET 200 https://registry.npmjs.org/fontace/-/fontace-0.4.1.tgz 2395ms (cache miss)
4108 http fetch GET 200 https://registry.npmjs.org/prompts/-/prompts-2.4.2.tgz 2401ms (cache miss)
4109 http fetch GET 200 https://registry.npmjs.org/github-slugger/-/github-slugger-2.0.0.tgz 2405ms (cache miss)
4110 http fetch GET 200 https://registry.npmjs.org/import-meta-resolve/-/import-meta-resolve-4.2.0.tgz 2407ms (cache miss)
4111 http fetch GET 200 https://registry.npmjs.org/html-escaper/-/html-escaper-3.0.3.tgz 2415ms (cache miss)
4112 http fetch GET 200 https://registry.npmjs.org/estree-walker/-/estree-walker-3.0.3.tgz 2419ms (cache miss)
4113 http fetch GET 200 https://registry.npmjs.org/p-limit/-/p-limit-6.2.0.tgz 2421ms (cache miss)
4114 http fetch GET 200 https://registry.npmjs.org/svgo/-/svgo-4.0.2.tgz 2428ms (cache miss)
4115 http fetch GET 200 https://registry.npmjs.org/dset/-/dset-3.1.4.tgz 2429ms (cache miss)
4116 http fetch GET 200 https://registry.npmjs.org/es-module-lexer/-/es-module-lexer-1.7.0.tgz 2431ms (cache miss)
4117 http fetch GET 200 https://registry.npmjs.org/dlv/-/dlv-1.1.3.tgz 2436ms (cache miss)
4118 http fetch GET 200 https://registry.npmjs.org/esbuild/-/esbuild-0.27.7.tgz 2436ms (cache miss)
4119 http fetch GET 200 https://registry.npmjs.org/flattie/-/flattie-1.1.1.tgz 2449ms (cache miss)
4120 http fetch GET 200 https://registry.npmjs.org/shiki/-/shiki-3.23.0.tgz 2452ms (cache miss)
4121 http fetch GET 200 https://registry.npmjs.org/mdn-data/-/mdn-data-2.27.1.tgz 2480ms (cache miss)
4122 http fetch GET 200 https://registry.npmjs.org/clsx/-/clsx-2.1.1.tgz 2465ms (cache miss)
4123 http fetch GET 200 https://registry.npmjs.org/common-ancestor-path/-/common-ancestor-path-1.0.1.tgz 2465ms (cache miss)
4124 http fetch GET 200 https://registry.npmjs.org/deterministic-object-hash/-/deterministic-object-hash-2.0.2.tgz 2466ms (cache miss)
4125 http fetch GET 200 https://registry.npmjs.org/devalue/-/devalue-5.9.1.tgz 2466ms (cache miss)
4126 http fetch GET 200 https://registry.npmjs.org/cssesc/-/cssesc-3.0.0.tgz 2466ms (cache miss)
4127 http fetch GET 200 https://registry.npmjs.org/ci-info/-/ci-info-4.4.0.tgz 2483ms (cache miss)
4128 http fetch GET 200 https://registry.npmjs.org/debug/-/debug-4.4.3.tgz 2484ms (cache miss)
4129 http fetch GET 200 https://registry.npmjs.org/@babel/parser/-/parser-7.29.8.tgz 2495ms (cache miss)
4130 http fetch GET 200 https://registry.npmjs.org/boxen/-/boxen-8.0.1.tgz 2483ms (cache miss)
4131 http fetch GET 200 https://registry.npmjs.org/cookie/-/cookie-1.1.1.tgz 2500ms (cache miss)
4132 http fetch GET 200 https://registry.npmjs.org/js-yaml/-/js-yaml-4.3.1.tgz 2528ms (cache miss)
4133 http fetch GET 200 https://registry.npmjs.org/axobject-query/-/axobject-query-4.1.0.tgz 2543ms (cache miss)
4134 http fetch GET 200 https://registry.npmjs.org/diff/-/diff-8.0.4.tgz 2545ms (cache miss)
4135 http fetch GET 200 https://registry.npmjs.org/request-light/-/request-light-0.7.0.tgz 2546ms (cache miss)
4136 http fetch GET 200 https://registry.npmjs.org/aria-query/-/aria-query-5.3.2.tgz 2552ms (cache miss)
4137 http fetch GET 200 https://registry.npmjs.org/@astrojs/prism/-/prism-3.3.0.tgz 2576ms (cache miss)
4138 http fetch GET 200 https://registry.npmjs.org/path-browserify/-/path-browserify-1.0.1.tgz 2572ms (cache miss)
4139 http fetch GET 200 https://registry.npmjs.org/vscode-languageserver-protocol/-/vscode-languageserver-protocol-3.18.2.tgz 2593ms (cache miss)
4140 http fetch GET 200 https://registry.npmjs.org/typesafe-path/-/typesafe-path-0.2.2.tgz 2601ms (cache miss)
4141 http fetch GET 200 https://registry.npmjs.org/acorn/-/acorn-8.18.0.tgz 2617ms (cache miss)
4142 http fetch GET 200 https://registry.npmjs.org/@jridgewell/resolve-uri/-/resolve-uri-3.1.2.tgz 2643ms (cache miss)
4143 http fetch GET 200 https://registry.npmjs.org/@volar/typescript/-/typescript-2.4.28.tgz 2645ms (cache miss)
4144 http fetch GET 200 https://registry.npmjs.org/vscode-languageserver/-/vscode-languageserver-9.0.1.tgz 2654ms (cache miss)
4145 http fetch GET 200 https://registry.npmjs.org/lightningcss/-/lightningcss-1.32.0.tgz 2679ms (cache miss)
4146 http fetch GET 200 https://registry.npmjs.org/vscode-languageserver-textdocument/-/vscode-languageserver-textdocument-1.0.12.tgz 2687ms (cache miss)
4147 http fetch GET 200 https://registry.npmjs.org/magic-string/-/magic-string-0.30.21.tgz 2697ms (cache miss)
4148 http fetch GET 200 https://registry.npmjs.org/source-map-js/-/source-map-js-1.2.1.tgz 2703ms (cache miss)
4149 http fetch GET 200 https://registry.npmjs.org/@jridgewell/remapping/-/remapping-2.3.5.tgz 2723ms (cache miss)
4150 http fetch GET 200 https://registry.npmjs.org/@rollup/pluginutils/-/pluginutils-5.4.0.tgz 2776ms (cache miss)
4151 http fetch GET 200 https://registry.npmjs.org/@jridgewell/trace-mapping/-/trace-mapping-0.3.31.tgz 2781ms (cache miss)
4152 http fetch GET 200 https://registry.npmjs.org/@astrojs/telemetry/-/telemetry-3.3.0.tgz 2803ms (cache miss)
4153 http fetch GET 200 https://registry.npmjs.org/@capsizecss/unpack/-/unpack-4.0.1.tgz 2810ms (cache miss)
4154 http fetch GET 200 https://registry.npmjs.org/@astrojs/markdown-remark/-/markdown-remark-6.3.11.tgz 2815ms (cache miss)
4155 http fetch GET 200 https://registry.npmjs.org/enhanced-resolve/-/enhanced-resolve-5.24.5.tgz 2822ms (cache miss)
4156 http fetch GET 200 https://registry.npmjs.org/stream-replace-string/-/stream-replace-string-2.0.0.tgz 2829ms (cache miss)
4157 http fetch GET 200 https://registry.npmjs.org/volar-service-yaml/-/volar-service-yaml-0.0.71.tgz 2845ms (cache miss)
4158 http fetch GET 200 https://registry.npmjs.org/yaml/-/yaml-2.9.0.tgz 2849ms (cache miss)
4159 http fetch GET 200 https://registry.npmjs.org/@jridgewell/gen-mapping/-/gen-mapping-0.3.13.tgz 2853ms (cache miss)
4160 http fetch GET 200 https://registry.npmjs.org/volar-service-typescript-twoslash-queries/-/volar-service-typescript-twoslash-queries-0.0.71.tgz 2855ms (cache miss)
4161 http fetch GET 200 https://registry.npmjs.org/@volar/source-map/-/source-map-2.4.28.tgz 2859ms (cache miss)
4162 http fetch GET 200 https://registry.npmjs.org/volar-service-html/-/volar-service-html-0.0.71.tgz 2897ms (cache miss)
4163 http fetch GET 200 https://registry.npmjs.org/@tailwindcss/node/-/node-4.3.3.tgz 2909ms (cache miss)
4164 http fetch GET 200 https://registry.npmjs.org/vscode-uri/-/vscode-uri-3.1.0.tgz 2910ms (cache miss)
4165 http fetch GET 200 https://registry.npmjs.org/volar-service-typescript/-/volar-service-typescript-0.0.71.tgz 2916ms (cache miss)
4166 http fetch GET 200 https://registry.npmjs.org/vscode-html-languageservice/-/vscode-html-languageservice-5.6.2.tgz 2933ms (cache miss)
4167 http fetch GET 200 https://registry.npmjs.org/tinyglobby/-/tinyglobby-0.2.17.tgz 2937ms (cache miss)
4168 http fetch GET 200 https://registry.npmjs.org/@volar/language-core/-/language-core-2.4.28.tgz 2955ms (cache miss)
4169 http fetch GET 200 https://registry.npmjs.org/muggle-string/-/muggle-string-0.4.1.tgz 2955ms (cache miss)
4170 http fetch GET 200 https://registry.npmjs.org/@tailwindcss/oxide/-/oxide-4.3.3.tgz 2967ms (cache miss)
4171 http fetch GET 200 https://registry.npmjs.org/zod/-/zod-4.4.3.tgz 2971ms (cache miss)
4172 http fetch GET 200 https://registry.npmjs.org/@jridgewell/sourcemap-codec/-/sourcemap-codec-1.5.5.tgz 3002ms (cache miss)
4173 http fetch GET 200 https://registry.npmjs.org/@oslojs/encoding/-/encoding-1.1.0.tgz 3034ms (cache miss)
4174 http fetch GET 200 https://registry.npmjs.org/lightningcss-darwin-arm64/-/lightningcss-darwin-arm64-1.32.0.tgz 3048ms (cache miss)
4175 http fetch GET 200 https://registry.npmjs.org/chokidar/-/chokidar-4.0.3.tgz 3040ms (cache miss)
4176 http fetch GET 200 https://registry.npmjs.org/@esbuild/darwin-arm64/-/darwin-arm64-0.27.7.tgz 3063ms (cache miss)
4177 http fetch GET 200 https://registry.npmjs.org/@astrojs/internal-helpers/-/internal-helpers-0.7.6.tgz 3055ms (cache miss)
4178 http fetch GET 200 https://registry.npmjs.org/volar-service-prettier/-/volar-service-prettier-0.0.71.tgz 3057ms (cache miss)
4179 http fetch GET 200 https://registry.npmjs.org/kleur/-/kleur-4.1.5.tgz 3076ms (cache miss)
4180 http fetch GET 200 https://registry.npmjs.org/@tailwindcss/vite/-/vite-4.3.3.tgz 3118ms (cache miss)
4181 http fetch GET 200 https://registry.npmjs.org/jiti/-/jiti-2.7.0.tgz 3134ms (cache miss)
4182 http fetch GET 200 https://registry.npmjs.org/tailwindcss/-/tailwindcss-4.3.3.tgz 3131ms (cache miss)
4183 http fetch GET 200 https://registry.npmjs.org/volar-service-emmet/-/volar-service-emmet-0.0.71.tgz 3155ms (cache miss)
4184 http fetch GET 200 https://registry.npmjs.org/sitemap/-/sitemap-9.0.1.tgz 3157ms (cache miss)
4185 http fetch GET 200 https://registry.npmjs.org/volar-service-css/-/volar-service-css-0.0.71.tgz 3183ms (cache miss)
4186 http fetch GET 200 https://registry.npmjs.org/vite/-/vite-8.2.2.tgz 3207ms (cache miss)
4187 http fetch GET 200 https://registry.npmjs.org/jsonc-parser/-/jsonc-parser-3.3.1.tgz 3221ms (cache miss)
4188 http fetch GET 200 https://registry.npmjs.org/request-light/-/request-light-0.5.8.tgz 3224ms (cache miss)
4189 http fetch GET 200 https://registry.npmjs.org/@volar/kit/-/kit-2.4.28.tgz 3244ms (cache miss)
4190 http fetch GET 200 https://registry.npmjs.org/vscode-languageserver-types/-/vscode-languageserver-types-3.17.5.tgz 3250ms (cache miss)
4191 http fetch GET 200 https://registry.npmjs.org/@astrojs/yaml2ts/-/yaml2ts-0.2.4.tgz 3270ms (cache miss)
4192 http fetch GET 200 https://registry.npmjs.org/mdn-data/-/mdn-data-2.0.28.tgz 3274ms (cache miss)
4193 http fetch GET 200 https://registry.npmjs.org/emoji-regex/-/emoji-regex-8.0.0.tgz 3278ms (cache miss)
4194 http fetch GET 200 https://registry.npmjs.org/ansi-regex/-/ansi-regex-5.0.1.tgz 3301ms (cache miss)
4195 http fetch GET 200 https://registry.npmjs.org/yargs/-/yargs-18.1.0.tgz 3308ms (cache miss)
4196 http fetch GET 200 https://registry.npmjs.org/strip-ansi/-/strip-ansi-6.0.1.tgz 3313ms (cache miss)
4197 http fetch GET 200 https://registry.npmjs.org/kleur/-/kleur-3.0.3.tgz 3332ms (cache miss)
4198 http fetch GET 200 https://registry.npmjs.org/string-width/-/string-width-4.2.3.tgz 3332ms (cache miss)
4199 http fetch GET 200 https://registry.npmjs.org/entities/-/entities-4.5.0.tgz 3351ms (cache miss)
4200 http fetch GET 200 https://registry.npmjs.org/@astrojs/language-server/-/language-server-2.16.14.tgz 3356ms (cache miss)
4201 http fetch GET 200 https://registry.npmjs.org/chokidar/-/chokidar-5.0.0.tgz 3359ms (cache miss)
4202 http fetch GET 200 https://registry.npmjs.org/picomatch/-/picomatch-2.3.2.tgz 3381ms (cache miss)
4203 http fetch GET 200 https://registry.npmjs.org/readdirp/-/readdirp-5.1.1.tgz 3381ms (cache miss)
4204 http fetch GET 200 https://registry.npmjs.org/string-width/-/string-width-8.2.2.tgz 3381ms (cache miss)
4205 http fetch GET 200 https://registry.npmjs.org/@tailwindcss/oxide-darwin-arm64/-/oxide-darwin-arm64-4.3.3.tgz 3398ms (cache miss)
4206 http fetch GET 200 https://registry.npmjs.org/vscode-languageserver-types/-/vscode-languageserver-types-3.17.5.tgz 3401ms (cache miss)
4207 http fetch GET 200 https://registry.npmjs.org/zod-to-ts/-/zod-to-ts-1.2.0.tgz 3405ms (cache miss)
4208 http fetch GET 200 https://registry.npmjs.org/yargs-parser/-/yargs-parser-22.0.0.tgz 3406ms (cache miss)
4209 http fetch GET 200 https://registry.npmjs.org/estree-walker/-/estree-walker-2.0.2.tgz 3408ms (cache miss)
4210 http fetch GET 200 https://registry.npmjs.org/@volar/language-service/-/language-service-2.4.28.tgz 3416ms (cache miss)
4211 http fetch GET 200 https://registry.npmjs.org/vscode-jsonrpc/-/vscode-jsonrpc-8.2.0.tgz 3414ms (cache miss)
4212 http fetch GET 200 https://registry.npmjs.org/yaml/-/yaml-2.8.3.tgz 3442ms (cache miss)
4213 http fetch GET 200 https://registry.npmjs.org/css-tree/-/css-tree-2.2.1.tgz 3470ms (cache miss)
4214 http fetch GET 200 https://registry.npmjs.org/astro/-/astro-5.18.2.tgz 3495ms (cache miss)
4215 http fetch GET 200 https://registry.npmjs.org/zod/-/zod-3.25.76.tgz 3589ms (cache miss)
4216 http fetch GET 200 https://registry.npmjs.org/astro 3436ms (cache miss)
4217 silly packumentCache corgi:https://registry.npmjs.org/astro set size:undefined disposed:false
4218 http fetch GET 200 https://registry.npmjs.org/esbuild/-/esbuild-0.25.12.tgz 3743ms (cache miss)
4219 http fetch GET 200 https://registry.npmjs.org/@astrojs/sitemap/-/sitemap-3.7.3.tgz 3747ms (cache miss)
4220 http fetch GET 200 https://registry.npmjs.org/esbuild 3564ms (cache miss)
4221 silly packumentCache corgi:https://registry.npmjs.org/esbuild set size:undefined disposed:false
4222 http fetch GET 200 https://registry.npmjs.org/lucide-astro/-/lucide-astro-0.556.0.tgz 3778ms (cache miss)
4223 warn deprecated lucide-astro@0.556.0: Deprecated: Use `@lucide/astro`
4224 http fetch GET 200 https://registry.npmjs.org/@volar/language-server/-/language-server-2.4.28.tgz 3891ms (cache miss)
4225 http fetch GET 200 https://registry.npmjs.org/sharp 3770ms (cache miss)
4226 silly packumentCache corgi:https://registry.npmjs.org/sharp set size:undefined disposed:false
4227 silly packumentCache corgi:https://registry.npmjs.org/lucide-astro cache-miss
4228 http fetch GET 200 https://registry.npmjs.org/@esbuild/darwin-arm64/-/darwin-arm64-0.25.12.tgz 4056ms (cache miss)
4229 http fetch GET 200 https://registry.npmjs.org/@astrojs/check/-/check-0.9.10.tgz 4103ms (cache miss)
4230 http fetch GET 200 https://registry.npmjs.org/vscode-languageserver-protocol/-/vscode-languageserver-protocol-3.17.5.tgz 4128ms (cache miss)
4231 http fetch GET 200 https://registry.npmjs.org/lightningcss/-/lightningcss-1.33.0.tgz 4238ms (cache miss)
4232 http fetch GET 200 https://registry.npmjs.org/vite/-/vite-6.4.3.tgz 4240ms (cache miss)
4233 http fetch GET 200 https://registry.npmjs.org/lucide-astro 316ms (cache miss)
4234 silly packumentCache corgi:https://registry.npmjs.org/lucide-astro set size:undefined disposed:false
4235 silly packumentCache corgi:https://registry.npmjs.org/vite cache-miss
4236 http fetch GET 200 https://registry.npmjs.org/vite 150ms (cache miss)
4237 silly packumentCache corgi:https://registry.npmjs.org/vite set size:undefined disposed:false
4238 http fetch GET 200 https://registry.npmjs.org/@astrojs/compiler/-/compiler-2.13.1.tgz 4921ms (cache miss)
4239 http fetch GET 200 https://registry.npmjs.org/typescript/-/typescript-5.9.3.tgz 5858ms (cache miss)
4240 http fetch GET 200 https://registry.npmjs.org/lightningcss-darwin-arm64/-/lightningcss-darwin-arm64-1.33.0.tgz 6102ms (cache miss)
4241 info run fsevents@2.3.3 install node_modules/fsevents node-gyp rebuild
4242 info run sharp@0.34.5 install node_modules/sharp node install/check.js || npm run build
4243 info run fsevents@2.3.3 install { code: 1, signal: null }
4244 verbose reify failed optional dependency /Users/madhulbabu/Documents/GitHub/simbnext-v3/node_modules/fsevents
4245 silly reify mark deleted [
4245 silly reify   '/Users/madhulbabu/Documents/GitHub/simbnext-v3/node_modules/fsevents'
4245 silly reify ]
4246 info run sharp@0.34.5 install { code: 0, signal: null }
4247 info run esbuild@0.27.7 postinstall node_modules/esbuild node install.js
4248 info run esbuild@0.25.12 postinstall node_modules/astro/node_modules/vite/node_modules/esbuild node install.js
4249 info run esbuild@0.27.7 postinstall { code: 0, signal: null }
4250 info run esbuild@0.25.12 postinstall { code: 0, signal: null }
4251 silly ADD node_modules/@rollup/rollup-darwin-arm64
4252 silly ADD node_modules/rollup
4253 silly ADD node_modules/is-fullwidth-code-point
4254 silly ADD node_modules/yoctocolors
4255 silly ADD node_modules/y18n
4256 silly ADD node_modules/get-caller-file
4257 silly ADD node_modules/escalade
4258 silly ADD node_modules/cliui
4259 silly ADD node_modules/require-from-string
4260 silly ADD node_modules/json-schema-traverse
4261 silly ADD node_modules/fast-uri
4262 silly ADD node_modules/fast-deep-equal
4263 silly ADD node_modules/vscode-json-languageservice
4264 silly ADD node_modules/vscode-json-languageservice/node_modules/jsonc-parser
4265 silly ADD node_modules/prettier
4266 silly ADD node_modules/ajv-i18n
4267 silly ADD node_modules/ajv-draft-04
4268 silly ADD node_modules/ajv
4269 silly ADD node_modules/ansi-styles
4270 silly ADD node_modules/vscode-jsonrpc
4271 silly ADD node_modules/@vscode/l10n
4272 silly ADD node_modules/yaml-language-server
4273 silly ADD node_modules/yaml-language-server/node_modules/yaml
4274 silly ADD node_modules/yaml-language-server/node_modules/request-light
4275 silly ADD node_modules/vscode-nls
4276 silly ADD node_modules/typescript-auto-import-cache
4277 silly ADD node_modules/@emmetio/css-abbreviation
4278 silly ADD node_modules/@emmetio/abbreviation
4279 silly ADD node_modules/vscode-languageserver-types
4280 silly ADD node_modules/jsonc-parser
4281 silly ADD node_modules/emmet
4282 silly ADD node_modules/@emmetio/scanner
4283 silly ADD node_modules/@emmetio/stream-reader-utils
4284 silly ADD node_modules/@emmetio/stream-reader
4285 silly ADD node_modules/@vscode/emmet-helper
4286 silly ADD node_modules/@emmetio/html-matcher
4287 silly ADD node_modules/@emmetio/css-parser
4288 silly ADD node_modules/vscode-css-languageservice
4289 silly ADD node_modules/vscode-css-languageservice/node_modules/vscode-languageserver-types
4290 silly ADD node_modules/@rolldown/pluginutils
4291 silly ADD node_modules/@rolldown/binding-darwin-arm64
4292 silly ADD node_modules/@oxc-project/types
4293 silly ADD node_modules/nanoid
4294 silly ADD node_modules/rolldown
4295 silly ADD node_modules/postcss
4296 silly ADD
4297 silly ADD node_modules/uncrypto
4298 silly ADD node_modules/radix3
4299 silly ADD node_modules/node-mock-http
4300 silly ADD node_modules/iron-webcrypto
4301 silly ADD node_modules/defu
4302 silly ADD node_modules/crossws
4303 silly ADD node_modules/cookie-es
4304 silly ADD node_modules/normalize-path
4305 silly ADD node_modules/ufo
4306 silly ADD node_modules/ofetch
4307 silly ADD node_modules/node-fetch-native
4308 silly ADD node_modules/lru-cache
4309 silly ADD node_modules/h3
4310 silly ADD node_modules/destr
4311 silly ADD node_modules/anymatch
4312 silly ADD node_modules/anymatch/node_modules/picomatch
4313 silly ADD node_modules/array-iterate
4314 silly ADD node_modules/undici
4315 silly ADD node_modules/ohash
4316 silly ADD node_modules/trough
4317 silly ADD node_modules/is-plain-obj
4318 silly ADD node_modules/extend
4319 silly ADD node_modules/bail
4320 silly ADD node_modules/fdir
4321 silly ADD node_modules/dom-serializer
4322 silly ADD node_modules/dom-serializer/node_modules/entities
4323 silly ADD node_modules/domelementtype
4324 silly ADD node_modules/mdn-data
4325 silly ADD node_modules/nth-check
4326 silly ADD node_modules/domutils
4327 silly ADD node_modules/domhandler
4328 silly ADD node_modules/boolbase
4329 silly ADD node_modules/picocolors
4330 silly ADD node_modules/csso
4331 silly ADD node_modules/csso/node_modules/mdn-data
4332 silly ADD node_modules/csso/node_modules/css-tree
4333 silly ADD node_modules/css-what
4334 silly ADD node_modules/css-tree
4335 silly ADD node_modules/css-select
4336 silly ADD node_modules/commander
4337 silly ADD node_modules/ansi-regex
4338 silly ADD node_modules/character-entities-legacy
4339 silly ADD node_modules/character-entities-html4
4340 silly ADD node_modules/strip-ansi
4341 silly ADD node_modules/get-east-asian-width
4342 silly ADD node_modules/emoji-regex
4343 silly ADD node_modules/undici-types
4344 silly ADD node_modules/sax
4345 silly ADD node_modules/arg
4346 silly ADD node_modules/@types/sax
4347 silly ADD node_modules/@types/node
4348 silly ADD node_modules/regex-utilities
4349 silly ADD node_modules/regex-recursion
4350 silly ADD node_modules/regex
4351 silly ADD node_modules/oniguruma-parser
4352 silly ADD node_modules/oniguruma-to-es
4353 silly ADD node_modules/@shikijs/vscode-textmate
4354 silly ADD node_modules/@shikijs/types
4355 silly ADD node_modules/@shikijs/themes
4356 silly ADD node_modules/@shikijs/langs
4357 silly ADD node_modules/@shikijs/engine-oniguruma
4358 silly ADD node_modules/@shikijs/engine-javascript
4359 silly ADD node_modules/@shikijs/core
4360 silly ADD node_modules/@img/sharp-libvips-darwin-arm64
4361 silly ADD node_modules/@img/sharp-darwin-arm64
4362 silly ADD node_modules/@img/colour
4363 silly ADD node_modules/unist-util-visit-children
4364 silly ADD node_modules/unist-util-modify-children
4365 silly ADD node_modules/nlcst-to-string
4366 silly ADD node_modules/parse-latin
4367 silly ADD node_modules/retext-stringify
4368 silly ADD node_modules/retext-latin
4369 silly ADD node_modules/@types/nlcst
4370 silly ADD node_modules/retext-smartypants
4371 silly ADD node_modules/retext
4372 silly ADD node_modules/micromark-extension-gfm-task-list-item
4373 silly ADD node_modules/micromark-extension-gfm-tagfilter
4374 silly ADD node_modules/micromark-extension-gfm-table
4375 silly ADD node_modules/micromark-extension-gfm-strikethrough
4376 silly ADD node_modules/micromark-extension-gfm-footnote
4377 silly ADD node_modules/micromark-extension-gfm-autolink-literal
4378 silly ADD node_modules/micromark-util-html-tag-name
4379 silly ADD node_modules/micromark-factory-whitespace
4380 silly ADD node_modules/micromark-factory-title
4381 silly ADD node_modules/micromark-factory-label
4382 silly ADD node_modules/micromark-factory-destination
4383 silly ADD node_modules/@types/ms
4384 silly ADD node_modules/micromark-util-subtokenize
4385 silly ADD node_modules/micromark-util-resolve-all
4386 silly ADD node_modules/micromark-util-combine-extensions
4387 silly ADD node_modules/micromark-util-chunked
4388 silly ADD node_modules/micromark-factory-space
4389 silly ADD node_modules/micromark-core-commonmark
4390 silly ADD node_modules/@types/debug
4391 silly ADD node_modules/micromark-util-classify-character
4392 silly ADD node_modules/mdast-util-phrasing
4393 silly ADD node_modules/longest-streak
4394 silly ADD node_modules/markdown-table
4395 silly ADD node_modules/unist-util-is
4396 silly ADD node_modules/escape-string-regexp
4397 silly ADD node_modules/mdast-util-find-and-replace
4398 silly ADD node_modules/character-entities
4399 silly ADD node_modules/unist-util-stringify-position
4400 silly ADD node_modules/micromark-util-normalize-identifier
4401 silly ADD node_modules/micromark-util-decode-string
4402 silly ADD node_modules/micromark-util-decode-numeric-character-reference
4403 silly ADD node_modules/micromark
4404 silly ADD node_modules/mdast-util-to-string
4405 silly ADD node_modules/decode-named-character-reference
4406 silly ADD node_modules/mdast-util-to-markdown
4407 silly ADD node_modules/mdast-util-gfm-task-list-item
4408 silly ADD node_modules/mdast-util-gfm-table
4409 silly ADD node_modules/mdast-util-gfm-strikethrough
4410 silly ADD node_modules/mdast-util-gfm-footnote
4411 silly ADD node_modules/mdast-util-gfm-autolink-literal
4412 silly ADD node_modules/mdast-util-from-markdown
4413 silly ADD node_modules/remark-stringify
4414 silly ADD node_modules/micromark-extension-gfm
4415 silly ADD node_modules/mdast-util-gfm
4416 silly ADD node_modules/stringify-entities
4417 silly ADD node_modules/hast-util-whitespace
4418 silly ADD node_modules/ccount
4419 silly ADD node_modules/hast-util-to-html
4420 silly ADD node_modules/micromark-util-types
4421 silly ADD node_modules/micromark-util-symbol
4422 silly ADD node_modules/micromark-util-encode
4423 silly ADD node_modules/micromark-util-character
4424 silly ADD node_modules/trim-lines
4425 silly ADD node_modules/micromark-util-sanitize-uri
4426 silly ADD node_modules/zwitch
4427 silly ADD node_modules/unist-util-position
4428 silly ADD node_modules/mdast-util-to-hast
4429 silly ADD node_modules/html-void-elements
4430 silly ADD node_modules/hast-util-to-parse5
4431 silly ADD node_modules/@ungap/structured-clone
4432 silly ADD node_modules/hast-util-raw
4433 silly ADD node_modules/rehype-parse
4434 silly ADD node_modules/sisteransi
4435 silly ADD node_modules/entities
4436 silly ADD node_modules/p-timeout
4437 silly ADD node_modules/eventemitter3
4438 silly ADD node_modules/yocto-queue
4439 silly ADD node_modules/@types/mdast
4440 silly ADD node_modules/@babel/helper-validator-identifier
4441 silly ADD node_modules/@babel/helper-string-parser
4442 silly ADD node_modules/@babel/types
4443 silly ADD node_modules/@babel/parser
4444 silly ADD node_modules/lightningcss-darwin-arm64
4445 silly ADD node_modules/detect-libc
4446 silly ADD node_modules/argparse
4447 silly ADD node_modules/is-inside-container
4448 silly ADD node_modules/space-separated-tokens
4449 silly ADD node_modules/hast-util-parse-selector
4450 silly ADD node_modules/comma-separated-tokens
4451 silly ADD node_modules/unist-util-find-after
4452 silly ADD node_modules/hast-util-is-element
4453 silly ADD node_modules/web-namespaces
4454 silly ADD node_modules/vfile-location
4455 silly ADD node_modules/property-information
4456 silly ADD node_modules/hastscript
4457 silly ADD node_modules/dequal
4458 silly ADD node_modules/@types/unist
4459 silly ADD node_modules/vfile-message
4460 silly ADD node_modules/parse5
4461 silly ADD node_modules/hast-util-from-parse5
4462 silly ADD node_modules/devlop
4463 silly ADD node_modules/@types/hast
4464 silly ADD node_modules/tiny-inflate
4465 silly ADD node_modules/@esbuild/darwin-arm64
4466 silly ADD node_modules/tapable
4467 silly ADD node_modules/graceful-fs
4468 silly ADD node_modules/base-64
4469 silly ADD node_modules/ms
4470 silly ADD node_modules/readdirp
4471 silly ADD node_modules/wrap-ansi
4472 silly ADD node_modules/widest-line
4473 silly ADD node_modules/type-fest
4474 silly ADD node_modules/string-width
4475 silly ADD node_modules/cli-boxes
4476 silly ADD node_modules/chalk
4477 silly ADD node_modules/camelcase
4478 silly ADD node_modules/ansi-align
4479 silly ADD node_modules/ansi-align/node_modules/ansi-regex
4480 silly ADD node_modules/ansi-align/node_modules/strip-ansi
4481 silly ADD node_modules/ansi-align/node_modules/emoji-regex
4482 silly ADD node_modules/ansi-align/node_modules/string-width
4483 silly ADD node_modules/@types/estree
4484 silly ADD node_modules/fontkitten
4485 silly ADD node_modules/which-pm-runs
4486 silly ADD node_modules/is-wsl
4487 silly ADD node_modules/is-docker
4488 silly ADD node_modules/prismjs
4489 silly ADD node_modules/unist-util-visit-parents
4490 silly ADD node_modules/unist-util-remove-position
4491 silly ADD node_modules/unified
4492 silly ADD node_modules/remark-smartypants
4493 silly ADD node_modules/remark-rehype
4494 silly ADD node_modules/remark-parse
4495 silly ADD node_modules/remark-gfm
4496 silly ADD node_modules/rehype-stringify
4497 silly ADD node_modules/rehype-raw
4498 silly ADD node_modules/mdast-util-definitions
4499 silly ADD node_modules/hast-util-to-text
4500 silly ADD node_modules/hast-util-from-html
4501 silly ADD node_modules/@astrojs/prism
4502 silly ADD node_modules/zod-to-json-schema
4503 silly ADD node_modules/yocto-spinner
4504 silly ADD node_modules/yargs-parser
4505 silly ADD node_modules/xxhash-wasm
4506 silly ADD node_modules/vitefu
4507 silly ADD node_modules/vfile
4508 silly ADD node_modules/unstorage
4509 silly ADD node_modules/unstorage/node_modules/readdirp
4510 silly ADD node_modules/unstorage/node_modules/chokidar
4511 silly ADD node_modules/unist-util-visit
4512 silly ADD node_modules/unifont
4513 silly ADD node_modules/ultrahtml
4514 silly ADD node_modules/tsconfck
4515 silly ADD node_modules/tinyexec
4516 silly ADD node_modules/svgo
4517 silly ADD node_modules/smol-toml
4518 silly ADD node_modules/shiki
4519 silly ADD node_modules/sharp
4520 silly ADD node_modules/semver
4521 silly ADD node_modules/rehype
4522 silly ADD node_modules/prompts
4523 silly ADD node_modules/prompts/node_modules/kleur
4524 silly ADD node_modules/picomatch
4525 silly ADD node_modules/piccolore
4526 silly ADD node_modules/package-manager-detector
4527 silly ADD node_modules/p-queue
4528 silly ADD node_modules/p-limit
4529 silly ADD node_modules/neotraverse
4530 silly ADD node_modules/mrmime
4531 silly ADD node_modules/magicast
4532 silly ADD node_modules/js-yaml
4533 silly ADD node_modules/import-meta-resolve
4534 silly ADD node_modules/http-cache-semantics
4535 silly ADD node_modules/html-escaper
4536 silly ADD node_modules/github-slugger
4537 silly ADD node_modules/fontace
4538 silly ADD node_modules/flattie
4539 silly ADD node_modules/estree-walker
4540 silly ADD node_modules/esbuild
4541 silly ADD node_modules/es-module-lexer
4542 silly ADD node_modules/dset
4543 silly ADD node_modules/dlv
4544 silly ADD node_modules/diff
4545 silly ADD node_modules/devalue
4546 silly ADD node_modules/deterministic-object-hash
4547 silly ADD node_modules/debug
4548 silly ADD node_modules/cssesc
4549 silly ADD node_modules/cookie
4550 silly ADD node_modules/common-ancestor-path
4551 silly ADD node_modules/clsx
4552 silly ADD node_modules/ci-info
4553 silly ADD node_modules/boxen
4554 silly ADD node_modules/axobject-query
4555 silly ADD node_modules/aria-query
4556 silly ADD node_modules/acorn
4557 silly ADD node_modules/@rollup/pluginutils
4558 silly ADD node_modules/@rollup/pluginutils/node_modules/estree-walker
4559 silly ADD node_modules/@oslojs/encoding
4560 silly ADD node_modules/@capsizecss/unpack
4561 silly ADD node_modules/@astrojs/telemetry
4562 silly ADD node_modules/@astrojs/markdown-remark
4563 silly ADD node_modules/@astrojs/internal-helpers
4564 silly ADD node_modules/vscode-languageserver-protocol
4565 silly ADD node_modules/vscode-languageserver
4566 silly ADD node_modules/vscode-languageserver/node_modules/vscode-languageserver-types
4567 silly ADD node_modules/vscode-languageserver/node_modules/vscode-jsonrpc
4568 silly ADD node_modules/vscode-languageserver/node_modules/vscode-languageserver-protocol
4569 silly ADD node_modules/request-light
4570 silly ADD node_modules/path-browserify
4571 silly ADD node_modules/@volar/source-map
4572 silly ADD node_modules/vscode-languageserver-textdocument
4573 silly ADD node_modules/typesafe-path
4574 silly ADD node_modules/@volar/typescript
4575 silly ADD node_modules/@tailwindcss/oxide-darwin-arm64
4576 silly ADD node_modules/@jridgewell/resolve-uri
4577 silly ADD node_modules/@jridgewell/trace-mapping
4578 silly ADD node_modules/@jridgewell/gen-mapping
4579 silly ADD node_modules/source-map-js
4580 silly ADD node_modules/magic-string
4581 silly ADD node_modules/lightningcss
4582 silly ADD node_modules/jiti
4583 silly ADD node_modules/enhanced-resolve
4584 silly ADD node_modules/@jridgewell/remapping
4585 silly ADD node_modules/@tailwindcss/oxide
4586 silly ADD node_modules/@tailwindcss/node
4587 silly ADD node_modules/yaml
4588 silly ADD node_modules/zod
4589 silly ADD node_modules/stream-replace-string
4590 silly ADD node_modules/sitemap
4591 silly ADD node_modules/vscode-uri
4592 silly ADD node_modules/vscode-html-languageservice
4593 silly ADD node_modules/volar-service-yaml
4594 silly ADD node_modules/volar-service-typescript-twoslash-queries
4595 silly ADD node_modules/volar-service-typescript
4596 silly ADD node_modules/volar-service-prettier
4597 silly ADD node_modules/volar-service-html
4598 silly ADD node_modules/volar-service-emmet
4599 silly ADD node_modules/volar-service-css
4600 silly ADD node_modules/tinyglobby
4601 silly ADD node_modules/muggle-string
4602 silly ADD node_modules/@volar/language-service
4603 silly ADD node_modules/@volar/language-server
4604 silly ADD node_modules/@volar/language-core
4605 silly ADD node_modules/@volar/kit
4606 silly ADD node_modules/@jridgewell/sourcemap-codec
4607 silly ADD node_modules/@astrojs/yaml2ts
4608 silly ADD node_modules/@astrojs/compiler
4609 silly ADD node_modules/yargs
4610 silly ADD node_modules/yargs/node_modules/yargs-parser
4611 silly ADD node_modules/yargs/node_modules/string-width
4612 silly ADD node_modules/kleur
4613 silly ADD node_modules/chokidar
4614 silly ADD node_modules/@astrojs/language-server
4615 silly ADD node_modules/tailwindcss
4616 silly ADD node_modules/lucide-astro
4617 silly ADD node_modules/astro
4618 silly ADD node_modules/astro/node_modules/@esbuild/darwin-arm64
4619 silly ADD node_modules/astro/node_modules/zod-to-ts
4620 silly ADD node_modules/astro/node_modules/zod
4621 silly ADD node_modules/astro/node_modules/vite
4622 silly ADD node_modules/astro/node_modules/vite/node_modules/esbuild
4623 silly ADD node_modules/vite
4624 silly ADD node_modules/vite/node_modules/lightningcss-darwin-arm64
4625 silly ADD node_modules/vite/node_modules/lightningcss
4626 silly ADD node_modules/@tailwindcss/vite
4627 silly ADD node_modules/@astrojs/sitemap
4628 silly ADD node_modules/typescript
4629 silly ADD node_modules/@astrojs/check
4630 warn allow-scripts 3 packages have install scripts not yet covered by allowScripts:
4630 warn allow-scripts   esbuild@0.27.7 (postinstall: node install.js)
4630 warn allow-scripts   sharp@0.34.5 (install: node install/check.js || npm run build)
4630 warn allow-scripts   esbuild@0.25.12 (postinstall: node install.js)
4630 warn allow-scripts
4630 warn allow-scripts Run `npm approve-scripts --allow-scripts-pending` to review, or `npm approve-scripts <pkg>` to allow.
4631 verbose cwd /Users/madhulbabu/Documents/GitHub/simbnext-v3
4632 verbose os Darwin 25.5.0
4633 verbose node v24.18.0
4634 verbose npm  v11.16.0
4635 notice
4635 notice New major version of npm available! 11.16.0 -> 12.0.2
4635 notice Changelog: https://github.com/npm/cli/releases/tag/v12.0.2
4635 notice To update run: npm install -g npm@12.0.2
4635 notice  { force: true, Symbol(proc-log.meta): true }
4636 verbose exit 0
4637 info ok
